{
"type": "FeatureCollection",
"features": [
{ "type": "Feature", "properties": { "hints": { "visited_nodes.sum": 86, "visited_nodes.average": 86.0 }, "info": { "copyrights": [ "GraphHopper", "OpenStreetMap contributors" ], "took": 1, "road_data_timestamp": "2024-09-03T15:00:00Z" }, "paths": [ { "distance": 970.35, "weight": 475.441968, "time": 434641, "transfers": 0, "points_encoded": false, "bbox": [ -46.671749, -23.530964, -46.668214, -23.525746 ], "points": { "type": "LineString", "coordinates": [ [ -46.670307, -23.530964, 747.54 ], [ -46.670708, -23.530798, 745.69 ], [ -46.670633, -23.530581, 745.24 ], [ -46.670912, -23.530441, 742.72 ], [ -46.670803, -23.530021, 739.72 ], [ -46.671024, -23.529299, 736.25 ], [ -46.671749, -23.528928, 736.01 ], [ -46.67036, -23.526822, 732.22 ], [ -46.67046, -23.526772, 732.49 ], [ -46.670414, -23.526324, 733.11 ], [ -46.670372, -23.525746, 734.14 ], [ -46.670136, -23.525765, 733.71 ], [ -46.669941, -23.525797, 732.54 ], [ -46.669794, -23.525833, 731.63 ], [ -46.669548, -23.525924, 730.06 ], [ -46.66938, -23.526013, 728.91 ], [ -46.669287, -23.526076, 728.32 ], [ -46.669198, -23.525966, 728.1 ], [ -46.669033, -23.526071, 727.88 ], [ -46.668786, -23.526106, 727.63 ], [ -46.668705, -23.526166, 727.54 ], [ -46.668504, -23.526367, 727.93 ], [ -46.668408, -23.526398, 728.06 ], [ -46.668214, -23.526414, 728.97 ] ] }, "instructions": [ { "distance": 44.894, "heading": 294.27, "sign": 0, "interval": [ 0, 1 ], "text": "Continue", "time": 40404, "street_name": "" }, { "distance": 25.384, "sign": 2, "interval": [ 1, 2 ], "text": "Turn right", "time": 22846, "street_name": "" }, { "distance": 32.576, "sign": -2, "interval": [ 2, 3 ], "text": "Turn left", "time": 26653, "street_name": "" }, { "distance": 131.589, "sign": 2, "interval": [ 3, 5 ], "text": "Turn right", "time": 107664, "street_name": "" }, { "distance": 84.708, "sign": -2, "interval": [ 5, 6 ], "text": "Turn left", "time": 18530, "street_name": "" }, { "distance": 273.861, "sign": 2, "interval": [ 6, 7 ], "text": "Turn right onto Rua Dona Germaine Burchard", "time": 52265, "street_name": "Rua Dona Germaine Burchard" }, { "distance": 11.691, "sign": -2, "interval": [ 7, 8 ], "text": "Turn left onto Rua Julio Gonzales", "time": 2338, "street_name": "Rua Julio Gonzales" }, { "distance": 114.471, "sign": 2, "interval": [ 8, 10 ], "text": "Turn right onto Rua Professor Doutor Abrahão Berezin", "time": 22894, "street_name": "Rua Professor Doutor Abrahão Berezin" }, { "distance": 118.667, "sign": 2, "interval": [ 10, 16 ], "text": "Turn right onto Avenida Mário de Andrade", "time": 21788, "street_name": "Avenida Mário de Andrade" }, { "distance": 132.51, "sign": -2, "interval": [ 16, 23 ], "text": "Turn left", "time": 119259, "street_name": "" }, { "distance": 0.0, "sign": 4, "last_heading": 95.17974892713235, "interval": [ 23, 23 ], "text": "Arrive at destination", "time": 0, "street_name": "" } ], "legs": [ ], "details": { }, "ascend": 5.44287109375, "descend": 24.0108642578125, "snapped_waypoints": { "type": "LineString", "coordinates": [ [ -46.670307, -23.530964, 747.54 ], [ -46.668214, -23.526414, 728.97 ] ] } } ] }, "geometry": null },
{ "type": "Feature", "properties": { "hints": { "visited_nodes.sum": 330, "visited_nodes.average": 330.0 }, "info": { "copyrights": [ "GraphHopper", "OpenStreetMap contributors" ], "took": 4, "road_data_timestamp": "2024-09-03T15:00:00Z" }, "paths": [ { "distance": 1187.478, "weight": 4198.78868, "time": 313866, "transfers": 0, "points_encoded": false, "bbox": [ -46.648999, -23.539405, -46.6415, -23.533581 ], "points": { "type": "LineString", "coordinates": [ [ -46.6415, -23.53423, 753.15 ], [ -46.641993, -23.533581, 751.77 ], [ -46.644686, -23.535279, 753.63 ], [ -46.645476, -23.535758, 755.48 ], [ -46.647058, -23.536694, 748.9 ], [ -46.648472, -23.537542, 750.52 ], [ -46.64844, -23.537573, 750.63 ], [ -46.648473, -23.537594, 750.72 ], [ -46.648479, -23.537621, 750.95 ], [ -46.648457, -23.537634, 751.16 ], [ -46.648534, -23.537709, 752.0 ], [ -46.648792, -23.537564, 751.83 ], [ -46.648898, -23.5377, 752.82 ], [ -46.648999, -23.537749, 753.23 ], [ -46.648679, -23.538457, 757.08 ], [ -46.64861, -23.538466, 756.96 ], [ -46.648559, -23.538462, 756.88 ], [ -46.648549, -23.538485, 756.93 ], [ -46.64848, -23.538478, 756.38 ], [ -46.648488, -23.538518, 756.43 ], [ -46.648484, -23.538559, 756.49 ], [ -46.648111, -23.539405, 756.49 ] ] }, "instructions": [ { "distance": 87.965, "heading": 325.11, "sign": 0, "interval": [ 0, 1 ], "text": "Continue onto Alameda Dino Bueno", "time": 16295, "street_name": "Alameda Dino Bueno" }, { "distance": 794.244, "sign": -2, "interval": [ 1, 5 ], "text": "Turn left onto Rua Helvétia", "time": 156854, "street_name": "Rua Helvétia" }, { "distance": 4.76, "sign": -2, "interval": [ 5, 6 ], "text": "Turn left", "time": 4284, "street_name": "" }, { "distance": 9.825, "sign": 2, "interval": [ 6, 9 ], "text": "Turn right", "time": 9825, "street_name": "" }, { "distance": 11.523, "sign": 2, "interval": [ 9, 10 ], "text": "Turn right", "time": 3457, "street_name": "" }, { "distance": 30.886, "sign": 2, "interval": [ 10, 11 ], "text": "Turn right onto Ciclovia Avenida São João", "time": 6177, "street_name": "Ciclovia Avenida São João" }, { "distance": 30.261, "sign": -2, "interval": [ 11, 13 ], "text": "Turn left", "time": 8135, "street_name": "" }, { "distance": 85.289, "sign": -2, "interval": [ 13, 14 ], "text": "Turn left", "time": 18427, "street_name": "" }, { "distance": 12.344, "sign": -2, "interval": [ 14, 16 ], "text": "Turn left onto Rua Ana Cintra", "time": 2469, "street_name": "Rua Ana Cintra" }, { "distance": 2.771, "sign": 2, "interval": [ 16, 17 ], "text": "Turn right", "time": 1995, "street_name": "" }, { "distance": 7.052, "sign": -2, "interval": [ 17, 18 ], "text": "Turn left", "time": 6347, "street_name": "" }, { "distance": 110.557, "sign": 3, "interval": [ 18, 21 ], "text": "Turn sharp right", "time": 79601, "street_name": "" }, { "distance": 0.0, "sign": 4, "last_heading": 157.64933733024603, "interval": [ 21, 21 ], "text": "Arrive at destination", "time": 0, "street_name": "" } ], "legs": [ ], "details": { }, "ascend": 13.792724609375, "descend": 10.4527587890625, "snapped_waypoints": { "type": "LineString", "coordinates": [ [ -46.6415, -23.53423, 753.15 ], [ -46.648111, -23.539405, 756.49 ] ] } } ] }, "geometry": null },
{ "type": "Feature", "properties": { "hints": { "visited_nodes.sum": 80, "visited_nodes.average": 80.0 }, "info": { "copyrights": [ "GraphHopper", "OpenStreetMap contributors" ], "took": 1, "road_data_timestamp": "2024-09-03T15:00:00Z" }, "paths": [ { "distance": 2347.068, "weight": 461.567132, "time": 470341, "transfers": 0, "points_encoded": false, "bbox": [ -46.55892, -23.537816, -46.549758, -23.528416 ], "points": { "type": "LineString", "coordinates": [ [ -46.549758, -23.53696, 733.66 ], [ -46.549802, -23.536772, 733.82 ], [ -46.550584, -23.536935, 734.16 ], [ -46.550313, -23.537233, 734.04 ], [ -46.550533, -23.537335, 734.31 ], [ -46.551701, -23.537816, 735.73 ], [ -46.552063, -23.537023, 734.06 ], [ -46.554212, -23.537444, 735.59 ], [ -46.554375, -23.537057, 735.16 ], [ -46.554734, -23.537207, 737.22 ], [ -46.555092, -23.537343, 739.25 ], [ -46.555892, -23.537625, 741.4 ], [ -46.555937, -23.537636, 741.43 ], [ -46.556036, -23.537636, 741.5 ], [ -46.556311, -23.537418, 740.8 ], [ -46.558161, -23.536007, 739.44 ], [ -46.558347, -23.535846, 739.79 ], [ -46.558469, -23.535719, 740.03 ], [ -46.558637, -23.535509, 740.4 ], [ -46.558731, -23.535355, 740.65 ], [ -46.55892, -23.534969, 741.16 ], [ -46.558875, -23.534821, 741.05 ], [ -46.558854, -23.534797, 741.04 ], [ -46.558817, -23.534776, 741.02 ], [ -46.556971, -23.534125, 741.04 ], [ -46.555094, -23.533167, 735.99 ], [ -46.554087, -23.532688, 732.03 ], [ -46.553908, -23.532598, 731.78 ], [ -46.553769, -23.53245, 731.16 ], [ -46.553759, -23.53201, 730.63 ], [ -46.553743, -23.531879, 730.48 ], [ -46.553711, -23.531721, 730.29 ], [ -46.553615, -23.531463, 730.05 ], [ -46.553585, -23.531277, 730.02 ], [ -46.553604, -23.531054, 730.0 ], [ -46.553634, -23.530906, 729.99 ], [ -46.553769, -23.530476, 730.21 ], [ -46.553777, -23.530296, 730.92 ], [ -46.553757, -23.52999, 732.11 ], [ -46.553767, -23.529583, 732.88 ], [ -46.5538, -23.529351, 732.48 ], [ -46.55383, -23.529276, 732.34 ], [ -46.554402, -23.528416, 730.72 ] ] }, "instructions": [ { "distance": 21.359, "heading": 347.81, "sign": 0, "interval": [ 0, 1 ], "text": "Continue onto Rua Acanuera", "time": 4272, "street_name": "Rua Acanuera" }, { "distance": 81.691, "sign": -2, "interval": [ 1, 2 ], "text": "Turn left onto Rua da Genoveva", "time": 16338, "street_name": "Rua da Genoveva" }, { "distance": 43.138, "sign": -3, "interval": [ 2, 3 ], "text": "Turn sharp left onto Rua Carlos Silva", "time": 8628, "street_name": "Rua Carlos Silva" }, { "distance": 155.646, "sign": 2, "interval": [ 3, 5 ], "text": "Turn right onto Rua Guaraciaba", "time": 31129, "street_name": "Rua Guaraciaba" }, { "distance": 95.651, "sign": 2, "interval": [ 5, 6 ], "text": "Turn right onto Rua Abaporu", "time": 18287, "street_name": "Rua Abaporu" }, { "distance": 224.073, "sign": -2, "interval": [ 6, 7 ], "text": "Turn left onto Rua Pinhalzinho", "time": 44814, "street_name": "Rua Pinhalzinho" }, { "distance": 46.174, "sign": 2, "interval": [ 7, 8 ], "text": "Turn right onto Rua Provenzano", "time": 9235, "street_name": "Rua Provenzano" }, { "distance": 604.958, "sign": -2, "interval": [ 8, 20 ], "text": "Turn left onto Rua Frei Celso", "time": 122765, "street_name": "Rua Frei Celso" }, { "distance": 561.431, "sign": 7, "interval": [ 20, 26 ], "text": "Keep right and drive toward Brás", "time": 112285, "street_destination": "Brás", "street_name": "" }, { "distance": 42.456, "sign": 0, "interval": [ 26, 28 ], "text": "Continue onto Rua Honório Maia", "time": 8491, "street_name": "Rua Honório Maia" }, { "distance": 224.075, "sign": -1, "interval": [ 28, 36 ], "text": "Turn slight left onto Rua Aiamá", "time": 44814, "street_name": "Rua Aiamá" }, { "distance": 246.416, "sign": 7, "interval": [ 36, 42 ], "text": "Keep right onto Avenida Aricanduva", "time": 49283, "street_name": "Avenida Aricanduva" }, { "distance": 0.0, "sign": 4, "last_heading": 328.69442791065063, "interval": [ 42, 42 ], "text": "Arrive at destination", "time": 0, "street_name": "" } ], "legs": [ ], "details": { }, "ascend": 16.2510986328125, "descend": 19.1885986328125, "snapped_waypoints": { "type": "LineString", "coordinates": [ [ -46.549758, -23.53696, 733.66 ], [ -46.554402, -23.528416, 730.72 ] ] } } ] }, "geometry": null },
{ "type": "Feature", "properties": { "hints": { "visited_nodes.sum": 64, "visited_nodes.average": 64.0 }, "info": { "copyrights": [ "GraphHopper", "OpenStreetMap contributors" ], "took": 2, "road_data_timestamp": "2024-09-03T15:00:00Z" }, "paths": [ { "distance": 1171.196, "weight": 391.286159, "time": 376816, "transfers": 0, "points_encoded": false, "bbox": [ -46.639687, -23.549665, -46.636112, -23.545925 ], "points": { "type": "LineString", "coordinates": [ [ -46.636112, -23.549611, 780.62 ], [ -46.636268, -23.54958, 776.98 ], [ -46.636309, -23.549644, 776.61 ], [ -46.636982, -23.549525, 773.8 ], [ -46.637457, -23.549428, 769.52 ], [ -46.63752, -23.549315, 770.47 ], [ -46.637547, -23.549132, 772.47 ], [ -46.637553, -23.548901, 774.77 ], [ -46.637546, -23.548826, 774.11 ], [ -46.637525, -23.548758, 773.47 ], [ -46.637513, -23.548723, 773.36 ], [ -46.63689, -23.54758, 768.69 ], [ -46.636909, -23.547438, 767.55 ], [ -46.636943, -23.547363, 766.9 ], [ -46.637033, -23.547233, 766.14 ], [ -46.638298, -23.546288, 766.54 ], [ -46.63877, -23.545925, 771.88 ], [ -46.638982, -23.54617, 775.37 ], [ -46.639546, -23.547133, 777.65 ], [ -46.639664, -23.547312, 776.04 ], [ -46.639618, -23.547334, 775.33 ], [ -46.639687, -23.547421, 774.1 ], [ -46.63944, -23.54762, 767.75 ], [ -46.639168, -23.547856, 760.0 ], [ -46.639336, -23.548016, 758.0 ], [ -46.639337, -23.548053, 757.22 ], [ -46.639266, -23.548093, 755.95 ], [ -46.639029, -23.548303, 754.53 ], [ -46.639317, -23.54855, 754.69 ], [ -46.639496, -23.548855, 754.86 ], [ -46.639462, -23.548951, 754.88 ], [ -46.639439, -23.549014, 754.36 ], [ -46.639356, -23.549248, 752.41 ], [ -46.639365, -23.549257, 752.37 ], [ -46.639603, -23.549331, 753.71 ], [ -46.639518, -23.549665, 750.94 ] ] }, "instructions": [ { "distance": 16.735, "heading": 282.38, "sign": 0, "interval": [ 0, 1 ], "text": "Continue", "time": 13692, "street_name": "" }, { "distance": 8.318, "sign": -2, "interval": [ 1, 2 ], "text": "Turn left onto Rua Senador Paulo Egídio", "time": 6806, "street_name": "Rua Senador Paulo Egídio" }, { "distance": 119.768, "sign": 2, "interval": [ 2, 4 ], "text": "Turn right onto Largo São Francisco", "time": 22443, "street_name": "Largo São Francisco" }, { "distance": 223.137, "sign": 2, "interval": [ 4, 11 ], "text": "Turn right onto Rua Líbero Badaró", "time": 46148, "street_name": "Rua Líbero Badaró" }, { "distance": 271.528, "sign": -7, "interval": [ 11, 16 ], "text": "Keep left onto Viaduto do Chá", "time": 63433, "street_name": "Viaduto do Chá" }, { "distance": 179.796, "sign": -2, "interval": [ 16, 19 ], "text": "Turn left onto Rua Coronel Xavier de Toledo", "time": 37707, "street_name": "Rua Coronel Xavier de Toledo" }, { "distance": 5.349, "sign": -2, "interval": [ 19, 20 ], "text": "Turn left", "time": 4814, "street_name": "" }, { "distance": 12.027, "sign": 2, "interval": [ 20, 21 ], "text": "Turn right", "time": 9840, "street_name": "" }, { "distance": 73.099, "sign": -2, "interval": [ 21, 23 ], "text": "Turn left", "time": 23188, "street_name": "" }, { "distance": 24.865, "sign": 2, "interval": [ 23, 24 ], "text": "Turn right", "time": 20344, "street_name": "" }, { "distance": 4.123, "sign": -7, "interval": [ 24, 25 ], "text": "Keep left onto Largo da Memória", "time": 3711, "street_name": "Largo da Memória" }, { "distance": 132.24, "sign": -2, "interval": [ 25, 30 ], "text": "Turn left onto Largo da Memória", "time": 51874, "street_name": "Largo da Memória" }, { "distance": 7.402, "sign": 0, "interval": [ 30, 31 ], "text": "Continue", "time": 13324, "street_name": "" }, { "distance": 54.525, "sign": 0, "interval": [ 31, 34 ], "text": "Continue", "time": 48909, "street_name": "" }, { "distance": 38.284, "sign": -2, "interval": [ 34, 35 ], "text": "Turn left", "time": 10583, "street_name": "" }, { "distance": 0.0, "sign": 4, "last_heading": 165.47594081173307, "interval": [ 35, 35 ], "text": "Arrive at destination", "time": 0, "street_name": "" } ], "legs": [ ], "details": { }, "ascend": 18.534912109375, "descend": 48.21435546875, "snapped_waypoints": { "type": "LineString", "coordinates": [ [ -46.636112, -23.549611, 780.62 ], [ -46.639518, -23.549665, 750.94 ] ] } } ] }, "geometry": null },
{ "type": "Feature", "properties": { "hints": { "visited_nodes.sum": 58, "visited_nodes.average": 58.0 }, "info": { "copyrights": [ "GraphHopper", "OpenStreetMap contributors" ], "took": 1, "road_data_timestamp": "2024-09-03T15:00:00Z" }, "paths": [ { "distance": 1684.46, "weight": 335.065246, "time": 376598, "transfers": 0, "points_encoded": false, "bbox": [ -46.76195, -23.656905, -46.750885, -23.652459 ], "points": { "type": "LineString", "coordinates": [ [ -46.750885, -23.656905, 782.66 ], [ -46.751252, -23.656563, 779.59 ], [ -46.751429, -23.656353, 777.05 ], [ -46.75206, -23.65553, 768.42 ], [ -46.752182, -23.655392, 767.13 ], [ -46.752294, -23.655298, 766.13 ], [ -46.752453, -23.655204, 764.87 ], [ -46.752878, -23.654972, 762.12 ], [ -46.75372, -23.654632, 754.25 ], [ -46.754461, -23.654377, 756.42 ], [ -46.754881, -23.65425, 762.93 ], [ -46.754956, -23.654216, 764.34 ], [ -46.755038, -23.654144, 765.68 ], [ -46.755107, -23.654006, 767.66 ], [ -46.755146, -23.653852, 769.71 ], [ -46.755178, -23.653678, 771.8 ], [ -46.75522, -23.653634, 772.23 ], [ -46.755504, -23.653487, 774.46 ], [ -46.755547, -23.653452, 774.86 ], [ -46.755575, -23.65341, 775.22 ], [ -46.75559, -23.653364, 775.58 ], [ -46.755606, -23.653104, 777.53 ], [ -46.7556, -23.65305, 777.93 ], [ -46.75558, -23.653007, 778.28 ], [ -46.755531, -23.652937, 777.84 ], [ -46.756201, -23.652459, 779.64 ], [ -46.756547, -23.652838, 776.96 ], [ -46.757048, -23.653413, 774.81 ], [ -46.757398, -23.654066, 778.96 ], [ -46.757479, -23.654189, 779.78 ], [ -46.757578, -23.654284, 780.45 ], [ -46.757916, -23.654572, 782.63 ], [ -46.758705, -23.655223, 780.89 ], [ -46.759717, -23.656093, 781.03 ], [ -46.760343, -23.65565, 775.19 ], [ -46.760951, -23.655189, 769.29 ], [ -46.760715, -23.655026, 768.25 ], [ -46.760812, -23.654921, 767.24 ], [ -46.760895, -23.654979, 767.67 ], [ -46.761017, -23.654886, 767.28 ], [ -46.761237, -23.654911, 766.75 ], [ -46.761344, -23.654889, 766.49 ], [ -46.761555, -23.654751, 765.97 ], [ -46.761635, -23.65469, 765.9 ], [ -46.761781, -23.654881, 765.99 ], [ -46.76195, -23.654767, 765.16 ] ] }, "instructions": [ { "distance": 249.778, "heading": 315.46, "sign": 0, "interval": [ 0, 6 ], "text": "Continue onto Rua Canuto Luiz do Nascimento", "time": 45414, "street_name": "Rua Canuto Luiz do Nascimento" }, { "distance": 345.427, "sign": 0, "interval": [ 6, 15 ], "text": "Continue onto Rua Canuto Luiz do Nascimento", "time": 96611, "street_name": "Rua Canuto Luiz do Nascimento" }, { "distance": 105.996, "sign": -7, "interval": [ 15, 24 ], "text": "Keep left onto Rua Simão Santiago", "time": 23555, "street_name": "Rua Simão Santiago" }, { "distance": 86.487, "sign": -2, "interval": [ 24, 25 ], "text": "Turn left onto Rua José Lopes Pereira", "time": 17297, "street_name": "Rua José Lopes Pereira" }, { "distance": 545.179, "sign": -2, "interval": [ 25, 33 ], "text": "Turn left onto Rua João Fugulin", "time": 111562, "street_name": "Rua João Fugulin" }, { "distance": 161.383, "sign": 2, "interval": [ 33, 35 ], "text": "Turn right onto Rua Doutor Nério Nunes", "time": 29343, "street_name": "Rua Doutor Nério Nunes" }, { "street_ref": "SP-228", "distance": 30.036, "sign": 3, "interval": [ 35, 36 ], "text": "Turn sharp right onto Estrada de Itapecerica", "time": 6007, "street_name": "Estrada de Itapecerica" }, { "distance": 15.32, "sign": -2, "interval": [ 36, 37 ], "text": "Turn left", "time": 4178, "street_name": "" }, { "street_ref": "SP-228", "distance": 10.613, "sign": -2, "interval": [ 37, 38 ], "text": "Turn left onto Estrada de Itapecerica", "time": 2358, "street_name": "Estrada de Itapecerica" }, { "distance": 87.018, "sign": 2, "interval": [ 38, 43 ], "text": "Turn right", "time": 26106, "street_name": "" }, { "distance": 47.223, "sign": -2, "interval": [ 43, 45 ], "text": "Turn left", "time": 14167, "street_name": "" }, { "distance": 0.0, "sign": 4, "last_heading": 306.2975076989868, "interval": [ 45, 45 ], "text": "Arrive at destination", "time": 0, "street_name": "" } ], "legs": [ ], "details": { }, "ascend": 36.3470458984375, "descend": 53.84906005859375, "snapped_waypoints": { "type": "LineString", "coordinates": [ [ -46.750885, -23.656905, 782.66 ], [ -46.76195, -23.654767, 765.16 ] ] } } ] }, "geometry": null },
{ "type": "Feature", "properties": { "hints": { "visited_nodes.sum": 74, "visited_nodes.average": 74.0 }, "info": { "copyrights": [ "GraphHopper", "OpenStreetMap contributors" ], "took": 1, "road_data_timestamp": "2024-09-03T15:00:00Z" }, "paths": [ { "distance": 1568.634, "weight": 305.291547, "time": 344329, "transfers": 0, "points_encoded": false, "bbox": [ -46.671059, -23.49625, -46.661913, -23.493763 ], "points": { "type": "LineString", "coordinates": [ [ -46.670323, -23.493763, 752.72 ], [ -46.670603, -23.493788, 749.83 ], [ -46.670568, -23.494104, 750.09 ], [ -46.670985, -23.494164, 744.42 ], [ -46.670959, -23.494436, 744.51 ], [ -46.671058, -23.494385, 743.19 ], [ -46.671059, -23.49455, 743.13 ], [ -46.671045, -23.494755, 743.06 ], [ -46.670881, -23.495527, 741.81 ], [ -46.669451, -23.495251, 748.18 ], [ -46.669353, -23.495231, 748.74 ], [ -46.669224, -23.49518, 749.55 ], [ -46.669088, -23.495361, 748.7 ], [ -46.669048, -23.495317, 749.02 ], [ -46.669002, -23.495243, 749.57 ], [ -46.668905, -23.495013, 751.19 ], [ -46.668845, -23.494932, 751.83 ], [ -46.668772, -23.494868, 752.44 ], [ -46.668729, -23.494801, 753.06 ], [ -46.668703, -23.494718, 753.79 ], [ -46.668673, -23.494654, 754.38 ], [ -46.668597, -23.494564, 755.34 ], [ -46.668531, -23.494597, 755.33 ], [ -46.668501, -23.494626, 755.33 ], [ -46.668426, -23.494783, 755.31 ], [ -46.668405, -23.494809, 755.31 ], [ -46.668345, -23.494819, 755.31 ], [ -46.66784, -23.494719, 760.67 ], [ -46.666787, -23.494537, 764.17 ], [ -46.665408, -23.494298, 755.84 ], [ -46.665388, -23.49518, 761.06 ], [ -46.66473, -23.495171, 756.87 ], [ -46.664663, -23.495105, 756.33 ], [ -46.664624, -23.495078, 756.07 ], [ -46.664567, -23.495064, 755.75 ], [ -46.66248, -23.49501, 740.63 ], [ -46.662399, -23.495025, 739.91 ], [ -46.662356, -23.495047, 739.49 ], [ -46.662316, -23.495099, 738.89 ], [ -46.661913, -23.495803, 732.88 ], [ -46.662095, -23.495994, 732.76 ], [ -46.662237, -23.495971, 733.46 ], [ -46.662686, -23.495995, 735.61 ], [ -46.662733, -23.496072, 734.94 ], [ -46.662457, -23.49625, 732.58 ] ] }, "instructions": [ { "distance": 28.887, "heading": 264.55, "sign": 0, "interval": [ 0, 1 ], "text": "Continue onto Travessa Luiz Sá", "time": 5252, "street_name": "Travessa Luiz Sá" }, { "distance": 35.329, "sign": -2, "interval": [ 1, 2 ], "text": "Turn left onto Travessa Domingos Aguirre", "time": 7066, "street_name": "Travessa Domingos Aguirre" }, { "distance": 43.433, "sign": 2, "interval": [ 2, 3 ], "text": "Turn right onto Travessa João Luso", "time": 7897, "street_name": "Travessa João Luso" }, { "distance": 30.341, "sign": -2, "interval": [ 3, 4 ], "text": "Turn left onto Rua Eduardo Adenis", "time": 6068, "street_name": "Rua Eduardo Adenis" }, { "distance": 11.606, "sign": 3, "interval": [ 4, 5 ], "text": "Turn sharp right onto Rua Baltasar Abadal", "time": 2110, "street_name": "Rua Baltasar Abadal" }, { "distance": 128.603, "sign": -3, "interval": [ 5, 8 ], "text": "Turn sharp left onto Rua 23 de Setembro", "time": 25721, "street_name": "Rua 23 de Setembro" }, { "distance": 173.741, "sign": -2, "interval": [ 8, 11 ], "text": "Turn left onto Rua Doutor Bernardino Gomes", "time": 38609, "street_name": "Rua Doutor Bernardino Gomes" }, { "distance": 24.404, "sign": 2, "interval": [ 11, 12 ], "text": "Turn right onto Viela João Soares de Oliveira Neto", "time": 4881, "street_name": "Viela João Soares de Oliveira Neto" }, { "distance": 103.248, "sign": -3, "interval": [ 12, 21 ], "text": "Turn sharp left onto Viela Francelina Faustina V de Lima", "time": 24017, "street_name": "Viela Francelina Faustina V de Lima" }, { "distance": 346.771, "sign": 2, "interval": [ 21, 29 ], "text": "Turn right onto Viela Antônio José de Oliveira Neto", "time": 70773, "street_name": "Viela Antônio José de Oliveira Neto" }, { "distance": 98.212, "sign": 2, "interval": [ 29, 30 ], "text": "Turn right onto Rua Júlia Trevisani Gannam", "time": 21825, "street_name": "Rua Júlia Trevisani Gannam" }, { "distance": 67.147, "sign": -2, "interval": [ 30, 31 ], "text": "Turn left onto Rua Gonçalves Figueira", "time": 12209, "street_name": "Rua Gonçalves Figueira" }, { "distance": 343.808, "sign": -2, "interval": [ 31, 39 ], "text": "Turn left onto Rua Gonçalves Figueira", "time": 62510, "street_name": "Rua Gonçalves Figueira" }, { "distance": 28.116, "sign": 2, "interval": [ 39, 40 ], "text": "Turn right onto Avenida Engenheiro Caetano Alvares", "time": 5623, "street_name": "Avenida Engenheiro Caetano Alvares" }, { "distance": 60.626, "sign": 2, "interval": [ 40, 42 ], "text": "Turn right onto Rua Baia Formosa", "time": 13472, "street_name": "Rua Baia Formosa" }, { "distance": 44.362, "sign": -2, "interval": [ 42, 44 ], "text": "Turn left", "time": 36296, "street_name": "" }, { "distance": 0.0, "sign": 4, "last_heading": 125.1339824565718, "interval": [ 44, 44 ], "text": "Arrive at destination", "time": 0, "street_name": "" } ], "legs": [ ], "details": { }, "ascend": 31.661865234375, "descend": 51.79742431640625, "snapped_waypoints": { "type": "LineString", "coordinates": [ [ -46.670323, -23.493763, 752.72 ], [ -46.662457, -23.49625, 732.58 ] ] } } ] }, "geometry": null },
{ "type": "Feature", "properties": { "hints": { "visited_nodes.sum": 48, "visited_nodes.average": 48.0 }, "info": { "copyrights": [ "GraphHopper", "OpenStreetMap contributors" ], "took": 1, "road_data_timestamp": "2024-09-03T15:00:00Z" }, "paths": [ { "distance": 2020.134, "weight": 355.931604, "time": 400092, "transfers": 0, "points_encoded": false, "bbox": [ -46.416766, -23.593607, -46.408274, -23.583362 ], "points": { "type": "LineString", "coordinates": [ [ -46.414969, -23.590445, 815.28 ], [ -46.415029, -23.590967, 817.65 ], [ -46.416589, -23.590861, 821.28 ], [ -46.416664, -23.591135, 818.73 ], [ -46.416733, -23.591428, 816.02 ], [ -46.416765, -23.591664, 813.86 ], [ -46.416766, -23.591795, 812.68 ], [ -46.416747, -23.591863, 812.12 ], [ -46.416723, -23.591902, 812.46 ], [ -46.416686, -23.591938, 812.85 ], [ -46.416062, -23.592427, 818.69 ], [ -46.415722, -23.592758, 822.19 ], [ -46.4154, -23.593137, 821.7 ], [ -46.415089, -23.593607, 821.13 ], [ -46.414385, -23.592843, 832.34 ], [ -46.41298, -23.591348, 820.15 ], [ -46.411714, -23.590027, 806.78 ], [ -46.411334, -23.5896, 802.51 ], [ -46.410429, -23.588644, 795.71 ], [ -46.410139, -23.588322, 794.01 ], [ -46.409191, -23.587319, 791.54 ], [ -46.409259, -23.586846, 788.1 ], [ -46.409275, -23.586449, 786.68 ], [ -46.409271, -23.586248, 785.96 ], [ -46.409205, -23.585585, 788.45 ], [ -46.409031, -23.58485, 788.73 ], [ -46.408924, -23.584533, 788.6 ], [ -46.408879, -23.584133, 788.87 ], [ -46.408881, -23.583938, 789.0 ], [ -46.408915, -23.583707, 788.57 ], [ -46.408967, -23.583511, 788.34 ], [ -46.408778, -23.583415, 786.91 ], [ -46.408687, -23.583382, 786.46 ], [ -46.408597, -23.583363, 786.04 ], [ -46.408528, -23.583362, 785.72 ], [ -46.408447, -23.583384, 785.34 ], [ -46.408274, -23.583446, 784.9 ] ] }, "instructions": [ { "distance": 58.335, "heading": 186.01, "sign": 0, "interval": [ 0, 1 ], "text": "Continue onto Rua Helioconda", "time": 12963, "street_name": "Rua Helioconda" }, { "distance": 159.398, "sign": 2, "interval": [ 1, 2 ], "text": "Turn right onto Rua Nascer do Sol", "time": 31880, "street_name": "Rua Nascer do Sol" }, { "distance": 373.453, "sign": -2, "interval": [ 2, 13 ], "text": "Turn left onto Rua Nascer do Sol", "time": 74691, "street_name": "Rua Nascer do Sol" }, { "distance": 923.865, "sign": -3, "interval": [ 13, 20 ], "text": "Turn sharp left onto Rua Dona Eloá do Valle Quadros", "time": 180458, "street_name": "Rua Dona Eloá do Valle Quadros" }, { "distance": 277.381, "sign": -2, "interval": [ 20, 25 ], "text": "Turn left onto Avenida dos Metalúrgicos", "time": 55942, "street_name": "Avenida dos Metalúrgicos" }, { "distance": 151.623, "sign": 7, "interval": [ 25, 30 ], "text": "Keep right onto Avenida dos Metalúrgicos", "time": 30325, "street_name": "Avenida dos Metalúrgicos" }, { "distance": 76.079, "sign": 2, "interval": [ 30, 36 ], "text": "Turn right onto Avenida Naylor de Oliveira", "time": 13833, "street_name": "Avenida Naylor de Oliveira" }, { "distance": 0.0, "sign": 4, "last_heading": 111.43456157499381, "interval": [ 36, 36 ], "text": "Arrive at destination", "time": 0, "street_name": "" } ], "legs": [ ], "details": { }, "ascend": 30.46197509765625, "descend": 60.83892822265625, "snapped_waypoints": { "type": "LineString", "coordinates": [ [ -46.414969, -23.590445, 815.28 ], [ -46.408274, -23.583446, 784.9 ] ] } } ] }, "geometry": null },
{ "type": "Feature", "properties": { "hints": { "visited_nodes.sum": 60, "visited_nodes.average": 60.0 }, "info": { "copyrights": [ "GraphHopper", "OpenStreetMap contributors" ], "took": 1, "road_data_timestamp": "2024-09-03T15:00:00Z" }, "paths": [ { "distance": 1583.799, "weight": 341.649642, "time": 313974, "transfers": 0, "points_encoded": false, "bbox": [ -46.739804, -23.669091, -46.731822, -23.665501 ], "points": { "type": "LineString", "coordinates": [ [ -46.739804, -23.665501, 769.64 ], [ -46.739801, -23.665541, 768.87 ], [ -46.739763, -23.665684, 766.09 ], [ -46.739764, -23.665752, 764.79 ], [ -46.739794, -23.665902, 761.92 ], [ -46.739783, -23.665943, 761.1 ], [ -46.739739, -23.665949, 760.31 ], [ -46.73929, -23.665782, 760.27 ], [ -46.739374, -23.666017, 758.86 ], [ -46.739386, -23.666067, 757.97 ], [ -46.739384, -23.666129, 756.89 ], [ -46.739353, -23.666179, 755.88 ], [ -46.739318, -23.666207, 755.13 ], [ -46.739128, -23.666247, 752.01 ], [ -46.739093, -23.666261, 751.4 ], [ -46.739045, -23.666308, 750.28 ], [ -46.738867, -23.666762, 747.16 ], [ -46.73833, -23.668075, 738.1 ], [ -46.738259, -23.668057, 738.14 ], [ -46.73795, -23.667952, 738.27 ], [ -46.737894, -23.667914, 738.3 ], [ -46.737813, -23.667884, 738.29 ], [ -46.73744, -23.667712, 739.26 ], [ -46.737009, -23.66756, 740.33 ], [ -46.73628, -23.667289, 742.16 ], [ -46.735703, -23.666999, 743.67 ], [ -46.735458, -23.666922, 743.25 ], [ -46.735095, -23.666845, 742.1 ], [ -46.734895, -23.666838, 741.49 ], [ -46.734664, -23.666805, 740.78 ], [ -46.734449, -23.666742, 740.08 ], [ -46.734028, -23.666517, 738.59 ], [ -46.732996, -23.665867, 734.84 ], [ -46.732839, -23.666137, 734.36 ], [ -46.732478, -23.666809, 736.82 ], [ -46.73227, -23.667072, 738.33 ], [ -46.731839, -23.66752, 741.71 ], [ -46.731822, -23.667598, 742.36 ], [ -46.731828, -23.667647, 742.76 ], [ -46.731852, -23.667708, 743.23 ], [ -46.731958, -23.667735, 743.42 ], [ -46.732087, -23.66778, 743.66 ], [ -46.732201, -23.667831, 743.87 ], [ -46.733153, -23.668366, 744.72 ], [ -46.73372, -23.668668, 743.84 ], [ -46.734017, -23.6688, 743.29 ], [ -46.734379, -23.668947, 742.64 ], [ -46.734645, -23.669037, 742.17 ], [ -46.734837, -23.669091, 741.71 ] ] }, "instructions": [ { "distance": 104.738, "heading": 175.61, "sign": 0, "interval": [ 0, 7 ], "text": "Continue onto Rua Cristóvão Aires", "time": 20948, "street_name": "Rua Cristóvão Aires" }, { "distance": 292.714, "sign": 3, "interval": [ 7, 17 ], "text": "Turn sharp right onto Rua João Saraiva", "time": 53221, "street_name": "Rua João Saraiva" }, { "distance": 602.741, "sign": -2, "interval": [ 17, 32 ], "text": "Turn left onto Calçada Partilhada Avenida Luis Gushiken", "time": 120547, "street_name": "Calçada Partilhada Avenida Luis Gushiken" }, { "distance": 219.943, "sign": 2, "interval": [ 32, 36 ], "text": "Turn right onto Rua Guilherme Valente", "time": 46045, "street_name": "Rua Guilherme Valente" }, { "distance": 21.608, "sign": 7, "interval": [ 36, 39 ], "text": "Keep right onto Rua Guilherme Valente", "time": 4802, "street_name": "Rua Guilherme Valente" }, { "distance": 342.056, "sign": 2, "interval": [ 39, 48 ], "text": "Turn right onto Avenida Guarapiranga", "time": 68411, "street_name": "Avenida Guarapiranga" }, { "distance": 0.0, "sign": 4, "last_heading": 252.915029926648, "interval": [ 48, 48 ], "text": "Arrive at destination", "time": 0, "street_name": "" } ], "legs": [ ], "details": { }, "ascend": 16.527099609375, "descend": 44.4521484375, "snapped_waypoints": { "type": "LineString", "coordinates": [ [ -46.739804, -23.665501, 769.64 ], [ -46.734837, -23.669091, 741.71 ] ] } } ] }, "geometry": null },
{ "type": "Feature", "properties": { "hints": { "visited_nodes.sum": 84, "visited_nodes.average": 84.0 }, "info": { "copyrights": [ "GraphHopper", "OpenStreetMap contributors" ], "took": 1, "road_data_timestamp": "2024-09-03T15:00:00Z" }, "paths": [ { "distance": 1984.858, "weight": 409.271325, "time": 430414, "transfers": 0, "points_encoded": false, "bbox": [ -46.70714, -23.530677, -46.699059, -23.52047 ], "points": { "type": "LineString", "coordinates": [ [ -46.70714, -23.530301, 758.98 ], [ -46.706944, -23.530245, 757.35 ], [ -46.706718, -23.530221, 755.47 ], [ -46.706683, -23.53033, 755.12 ], [ -46.706654, -23.530394, 754.9 ], [ -46.706574, -23.530507, 754.47 ], [ -46.706499, -23.530562, 754.19 ], [ -46.706385, -23.530625, 753.81 ], [ -46.706218, -23.530677, 753.44 ], [ -46.706217, -23.530645, 753.22 ], [ -46.70617, -23.530565, 752.3 ], [ -46.70616, -23.530209, 750.21 ], [ -46.706129, -23.529711, 747.28 ], [ -46.706055, -23.529399, 748.51 ], [ -46.705969, -23.529172, 749.3 ], [ -46.705855, -23.528957, 749.65 ], [ -46.705718, -23.528744, 748.99 ], [ -46.705545, -23.52852, 748.02 ], [ -46.705291, -23.528296, 747.0 ], [ -46.704704, -23.527847, 745.37 ], [ -46.703972, -23.528043, 745.78 ], [ -46.702671, -23.528364, 749.12 ], [ -46.701669, -23.52824, 743.29 ], [ -46.701568, -23.527062, 742.06 ], [ -46.699615, -23.527079, 748.91 ], [ -46.699556, -23.525965, 744.69 ], [ -46.699291, -23.525972, 743.99 ], [ -46.699237, -23.524919, 741.88 ], [ -46.69914, -23.522724, 738.48 ], [ -46.699059, -23.521273, 737.7 ], [ -46.699461, -23.521146, 738.04 ], [ -46.700184, -23.520888, 739.9 ], [ -46.700124, -23.520753, 739.83 ], [ -46.700186, -23.52047, 739.0 ] ] }, "instructions": [ { "distance": 44.167, "heading": 72.89, "sign": 0, "interval": [ 0, 2 ], "text": "Continue onto Rua Agostinho de Queirós", "time": 8030, "street_name": "Rua Agostinho de Queirós" }, { "distance": 76.716, "sign": 2, "interval": [ 2, 8 ], "text": "Turn right onto Praça Tcheco", "time": 15343, "street_name": "Praça Tcheco" }, { "distance": 3.532, "sign": -3, "interval": [ 8, 9 ], "text": "Turn sharp left onto Avenida Ricardo Medina Filho", "time": 706, "street_name": "Avenida Ricardo Medina Filho" }, { "distance": 366.169, "sign": 7, "interval": [ 9, 19 ], "text": "Keep right onto Avenida Ricardo Medina Filho", "time": 71315, "street_name": "Avenida Ricardo Medina Filho" }, { "distance": 318.68, "sign": 2, "interval": [ 19, 22 ], "text": "Turn right onto Rua Tito", "time": 64259, "street_name": "Rua Tito" }, { "distance": 131.451, "sign": -2, "interval": [ 22, 23 ], "text": "Turn left onto Rua Manoel Jacinto do Rego", "time": 26063, "street_name": "Rua Manoel Jacinto do Rego" }, { "distance": 199.27, "sign": 2, "interval": [ 23, 24 ], "text": "Turn right onto Rua Fábia", "time": 41886, "street_name": "Rua Fábia" }, { "distance": 124.043, "sign": -2, "interval": [ 24, 25 ], "text": "Turn left onto Rua Henrique Elkis", "time": 24809, "street_name": "Rua Henrique Elkis" }, { "distance": 26.965, "sign": 2, "interval": [ 25, 26 ], "text": "Turn right onto Rua Coriolano", "time": 5393, "street_name": "Rua Coriolano" }, { "distance": 523.029, "sign": -2, "interval": [ 26, 29 ], "text": "Turn left onto Rua Cipião", "time": 104606, "street_name": "Rua Cipião" }, { "distance": 122.497, "sign": -2, "interval": [ 29, 31 ], "text": "Turn left onto Rua Guaicurus", "time": 24499, "street_name": "Rua Guaicurus" }, { "distance": 48.339, "sign": 2, "interval": [ 31, 33 ], "text": "Turn right", "time": 43505, "street_name": "" }, { "distance": 0.0, "sign": 4, "last_heading": 348.5646042457876, "interval": [ 33, 33 ], "text": "Arrive at destination", "time": 0, "street_name": "" } ], "legs": [ ], "details": { }, "ascend": 17.0040283203125, "descend": 36.98046875, "snapped_waypoints": { "type": "LineString", "coordinates": [ [ -46.70714, -23.530301, 758.98 ], [ -46.700186, -23.52047, 739.0 ] ] } } ] }, "geometry": null },
{ "type": "Feature", "properties": { "hints": { "visited_nodes.sum": 78, "visited_nodes.average": 78.0 }, "info": { "copyrights": [ "GraphHopper", "OpenStreetMap contributors" ], "took": 2, "road_data_timestamp": "2024-09-03T15:00:00Z" }, "paths": [ { "distance": 1941.584, "weight": 496.176267, "time": 429762, "transfers": 0, "points_encoded": false, "bbox": [ -46.772371, -23.63577, -46.762213, -23.629398 ], "points": { "type": "LineString", "coordinates": [ [ -46.762757, -23.632399, 804.86 ], [ -46.762675, -23.632597, 804.03 ], [ -46.762433, -23.63292, 802.22 ], [ -46.762213, -23.633181, 801.24 ], [ -46.762705, -23.633554, 799.88 ], [ -46.763306, -23.634062, 798.15 ], [ -46.763473, -23.634264, 797.76 ], [ -46.763569, -23.634466, 797.42 ], [ -46.763727, -23.635498, 795.85 ], [ -46.763728, -23.635689, 794.83 ], [ -46.764345, -23.63577, 789.54 ], [ -46.764413, -23.635359, 790.43 ], [ -46.764542, -23.634704, 789.3 ], [ -46.764697, -23.633736, 784.25 ], [ -46.765272, -23.633713, 781.82 ], [ -46.76532, -23.633594, 780.91 ], [ -46.766019, -23.632312, 771.48 ], [ -46.766154, -23.632311, 770.78 ], [ -46.766267, -23.6323, 770.14 ], [ -46.766391, -23.632259, 769.39 ], [ -46.766534, -23.632185, 768.47 ], [ -46.76709, -23.631827, 764.02 ], [ -46.767673, -23.631545, 756.16 ], [ -46.767742, -23.631187, 754.6 ], [ -46.767739, -23.631139, 754.39 ], [ -46.767707, -23.631073, 754.06 ], [ -46.767594, -23.630956, 754.39 ], [ -46.768105, -23.630759, 751.46 ], [ -46.768666, -23.630508, 751.09 ], [ -46.769141, -23.630238, 752.55 ], [ -46.769455, -23.629457, 750.24 ], [ -46.769518, -23.629398, 750.31 ], [ -46.769822, -23.629643, 752.1 ], [ -46.770658, -23.630558, 754.29 ], [ -46.770822, -23.630748, 754.54 ], [ -46.771863, -23.631815, 754.41 ], [ -46.771939, -23.631904, 754.25 ], [ -46.772074, -23.632085, 754.19 ], [ -46.772254, -23.631986, 753.25 ], [ -46.772371, -23.631938, 751.65 ] ] }, "instructions": [ { "distance": 103.779, "heading": 159.27, "sign": 0, "interval": [ 0, 3 ], "text": "Continue onto Rua Torre de Marfim", "time": 19961, "street_name": "Rua Torre de Marfim" }, { "distance": 338.266, "sign": 2, "interval": [ 3, 9 ], "text": "Turn right onto Rua Doutor Renato Bueno Neto", "time": 67265, "street_name": "Rua Doutor Renato Bueno Neto" }, { "distance": 63.66, "sign": 2, "interval": [ 9, 10 ], "text": "Turn right", "time": 52085, "street_name": "" }, { "distance": 229.175, "sign": 2, "interval": [ 10, 13 ], "text": "Turn right onto Rua Mário Maia", "time": 44295, "street_name": "Rua Mário Maia" }, { "distance": 58.632, "sign": -2, "interval": [ 13, 14 ], "text": "Turn left onto Rua Norival Lacerda", "time": 10660, "street_name": "Rua Norival Lacerda" }, { "distance": 173.797, "sign": 2, "interval": [ 14, 16 ], "text": "Turn right onto Rua Benedito Generoso", "time": 31600, "street_name": "Rua Benedito Generoso" }, { "distance": 192.579, "sign": -2, "interval": [ 16, 22 ], "text": "Turn left onto Rua Dolores Coelho", "time": 35014, "street_name": "Rua Dolores Coelho" }, { "distance": 71.227, "sign": 2, "interval": [ 22, 26 ], "text": "Turn right onto Rua Onésio Garcia", "time": 13266, "street_name": "Rua Onésio Garcia" }, { "distance": 177.052, "sign": -3, "interval": [ 26, 29 ], "text": "Turn sharp left onto Avenida Amadeu da Silva Samelo", "time": 34382, "street_name": "Avenida Amadeu da Silva Samelo" }, { "distance": 101.773, "sign": 1, "interval": [ 29, 31 ], "text": "Turn slight right onto Rua Francisco de Holanda", "time": 20355, "street_name": "Rua Francisco de Holanda" }, { "distance": 397.052, "sign": -2, "interval": [ 31, 37 ], "text": "Turn left onto Estrada do Campo Limpo", "time": 80944, "street_name": "Estrada do Campo Limpo" }, { "distance": 34.592, "sign": 2, "interval": [ 37, 39 ], "text": "Turn right onto Rua Campina Grande", "time": 19935, "street_name": "Rua Campina Grande" }, { "distance": 0.0, "sign": 4, "last_heading": 294.43728133977874, "interval": [ 39, 39 ], "text": "Arrive at destination", "time": 0, "street_name": "" } ], "legs": [ ], "details": { }, "ascend": 7.885009765625, "descend": 61.10198974609375, "snapped_waypoints": { "type": "LineString", "coordinates": [ [ -46.762757, -23.632399, 804.86 ], [ -46.772371, -23.631938, 751.65 ] ] } } ] }, "geometry": null },
{ "type": "Feature", "properties": { "hints": { "visited_nodes.sum": 52, "visited_nodes.average": 52.0 }, "info": { "copyrights": [ "GraphHopper", "OpenStreetMap contributors" ], "took": 1, "road_data_timestamp": "2024-09-03T15:00:00Z" }, "paths": [ { "distance": 1935.525, "weight": 467.072218, "time": 382633, "transfers": 0, "points_encoded": false, "bbox": [ -46.73974, -23.829358, -46.726663, -23.824852 ], "points": { "type": "LineString", "coordinates": [ [ -46.73974, -23.828248, 814.87 ], [ -46.739679, -23.828648, 822.09 ], [ -46.739592, -23.829358, 828.54 ], [ -46.737894, -23.828861, 810.13 ], [ -46.737734, -23.828794, 808.23 ], [ -46.737592, -23.828702, 806.35 ], [ -46.73749, -23.828619, 804.87 ], [ -46.737452, -23.828556, 804.02 ], [ -46.737378, -23.828302, 800.94 ], [ -46.737279, -23.828083, 798.15 ], [ -46.737173, -23.827885, 795.55 ], [ -46.736886, -23.82718, 792.56 ], [ -46.736756, -23.826944, 791.48 ], [ -46.736662, -23.82682, 790.87 ], [ -46.736371, -23.8266, 788.49 ], [ -46.735703, -23.826036, 785.67 ], [ -46.734271, -23.824852, 772.63 ], [ -46.734159, -23.824924, 773.02 ], [ -46.733968, -23.82507, 773.72 ], [ -46.733722, -23.825305, 774.72 ], [ -46.733548, -23.825412, 775.3 ], [ -46.732609, -23.82627, 773.0 ], [ -46.73183, -23.826947, 776.4 ], [ -46.731393, -23.827634, 775.28 ], [ -46.731254, -23.827825, 773.87 ], [ -46.731071, -23.827747, 773.9 ], [ -46.73084, -23.827598, 773.93 ], [ -46.730813, -23.827595, 773.94 ], [ -46.730779, -23.827617, 773.94 ], [ -46.730647, -23.82785, 776.17 ], [ -46.730447, -23.827782, 777.41 ], [ -46.729636, -23.82756, 781.24 ], [ -46.729456, -23.82753, 781.84 ], [ -46.729321, -23.827525, 782.28 ], [ -46.729147, -23.827541, 782.86 ], [ -46.728464, -23.827698, 785.06 ], [ -46.72787, -23.827852, 784.12 ], [ -46.727595, -23.827915, 783.06 ], [ -46.727318, -23.827997, 781.68 ], [ -46.726663, -23.828164, 778.84 ], [ -46.72674, -23.828374, 780.38 ], [ -46.727174, -23.82825, 782.04 ] ] }, "instructions": [ { "distance": 125.253, "heading": 172.09, "sign": 0, "interval": [ 0, 2 ], "text": "Continue onto Rua Amélia Casal", "time": 27834, "street_name": "Rua Amélia Casal" }, { "distance": 778.253, "sign": -2, "interval": [ 2, 16 ], "text": "Turn left onto Rua Umberto Ravello", "time": 142836, "street_name": "Rua Umberto Ravello" }, { "distance": 455.157, "sign": 2, "interval": [ 16, 24 ], "text": "Turn right onto Estrada Ecoturistica de Parelheiros", "time": 88786, "street_name": "Estrada Ecoturistica de Parelheiros" }, { "distance": 85.553, "sign": -2, "interval": [ 24, 29 ], "text": "Turn left onto Rua Miguel Guilguer Sobrinho", "time": 18576, "street_name": "Rua Miguel Guilguer Sobrinho" }, { "distance": 420.3, "sign": -2, "interval": [ 29, 39 ], "text": "Turn left onto Estrada da Colônia", "time": 83882, "street_name": "Estrada da Colônia" }, { "distance": 24.657, "sign": 2, "interval": [ 39, 40 ], "text": "Turn right", "time": 5160, "street_name": "" }, { "distance": 46.352, "sign": 2, "interval": [ 40, 41 ], "text": "Turn right", "time": 15559, "street_name": "" }, { "distance": 0.0, "sign": 4, "last_heading": 287.26384974474087, "interval": [ 41, 41 ], "text": "Arrive at destination", "time": 0, "street_name": "" } ], "legs": [ ], "details": { }, "ascend": 35.2806396484375, "descend": 68.1102294921875, "snapped_waypoints": { "type": "LineString", "coordinates": [ [ -46.73974, -23.828248, 814.87 ], [ -46.727174, -23.82825, 782.04 ] ] } } ] }, "geometry": null },
{ "type": "Feature", "properties": { "hints": { "visited_nodes.sum": 110, "visited_nodes.average": 110.0 }, "info": { "copyrights": [ "GraphHopper", "OpenStreetMap contributors" ], "took": 2, "road_data_timestamp": "2024-09-03T15:00:00Z" }, "paths": [ { "distance": 2643.568, "weight": 549.35584, "time": 600180, "transfers": 0, "points_encoded": false, "bbox": [ -46.631223, -23.546742, -46.617794, -23.54207 ], "points": { "type": "LineString", "coordinates": [ [ -46.618119, -23.545803, 734.69 ], [ -46.618973, -23.544539, 735.15 ], [ -46.617794, -23.543814, 735.04 ], [ -46.61828, -23.543117, 737.39 ], [ -46.619422, -23.543394, 734.43 ], [ -46.619484, -23.543478, 734.58 ], [ -46.619526, -23.543487, 734.7 ], [ -46.620466, -23.54207, 738.09 ], [ -46.621582, -23.542746, 734.5 ], [ -46.62169, -23.542794, 734.2 ], [ -46.622289, -23.542908, 734.33 ], [ -46.623714, -23.54321, 733.75 ], [ -46.623203, -23.544468, 734.3 ], [ -46.623854, -23.544547, 734.69 ], [ -46.623618, -23.545268, 734.74 ], [ -46.626433, -23.546557, 737.43 ], [ -46.626399, -23.546114, 736.05 ], [ -46.626345, -23.546084, 735.92 ], [ -46.626314, -23.545798, 735.29 ], [ -46.626283, -23.545052, 733.65 ], [ -46.626711, -23.545096, 732.89 ], [ -46.626764, -23.54491, 732.93 ], [ -46.628863, -23.545139, 733.19 ], [ -46.628951, -23.54511, 733.08 ], [ -46.629349, -23.545136, 732.32 ], [ -46.630179, -23.545287, 731.76 ], [ -46.630293, -23.545265, 731.82 ], [ -46.630617, -23.545361, 732.19 ], [ -46.630833, -23.545546, 731.85 ], [ -46.631147, -23.545482, 733.9 ], [ -46.631203, -23.545644, 735.63 ], [ -46.631223, -23.545928, 736.02 ], [ -46.631205, -23.546098, 736.24 ], [ -46.631165, -23.546276, 736.49 ], [ -46.631083, -23.54654, 736.86 ], [ -46.63098, -23.546742, 737.13 ], [ -46.630314, -23.546371, 732.13 ], [ -46.630406, -23.546236, 732.26 ] ] }, "instructions": [ { "distance": 165.267, "heading": 328.24, "sign": 0, "interval": [ 0, 1 ], "text": "Continue onto Rua Martim Burchard", "time": 33053, "street_name": "Rua Martim Burchard" }, { "distance": 144.63, "sign": 2, "interval": [ 1, 2 ], "text": "Turn right onto Avenida Rangel Pestana", "time": 28926, "street_name": "Avenida Rangel Pestana" }, { "distance": 92.031, "sign": -2, "interval": [ 2, 3 ], "text": "Turn left onto Rua Domingos Paiva", "time": 18850, "street_name": "Rua Domingos Paiva" }, { "distance": 131.65, "sign": -2, "interval": [ 3, 5 ], "text": "Turn left onto Rua do Gasômetro", "time": 26330, "street_name": "Rua do Gasômetro" }, { "distance": 4.479, "sign": 1, "interval": [ 5, 6 ], "text": "Turn slight right onto Viaduto Gasômetro", "time": 896, "street_name": "Viaduto Gasômetro" }, { "distance": 184.532, "sign": 2, "interval": [ 6, 7 ], "text": "Turn right onto Rua Correia de Andrade", "time": 36680, "street_name": "Rua Correia de Andrade" }, { "distance": 360.139, "sign": -2, "interval": [ 7, 11 ], "text": "Turn left onto Rua Sampaio Moreira", "time": 72029, "street_name": "Rua Sampaio Moreira" }, { "distance": 149.245, "sign": -2, "interval": [ 11, 12 ], "text": "Turn left onto Rua da Alfândega", "time": 30092, "street_name": "Rua da Alfândega" }, { "distance": 66.888, "sign": 3, "interval": [ 12, 13 ], "text": "Turn sharp right onto Rua do Gasômetro", "time": 13378, "street_name": "Rua do Gasômetro" }, { "distance": 83.753, "sign": -2, "interval": [ 13, 14 ], "text": "Turn left onto Rua Monsenhor Anacleto", "time": 16751, "street_name": "Rua Monsenhor Anacleto" }, { "distance": 320.73, "sign": 2, "interval": [ 14, 15 ], "text": "Turn right onto Rua Maria Domitila", "time": 64869, "street_name": "Rua Maria Domitila" }, { "distance": 49.334, "sign": 3, "interval": [ 15, 16 ], "text": "Turn sharp right onto Rua da Figueira", "time": 9867, "street_name": "Rua da Figueira" }, { "distance": 615.621, "sign": 2, "interval": [ 16, 28 ], "text": "Turn right", "time": 168962, "street_name": "" }, { "distance": 32.837, "sign": 2, "interval": [ 28, 29 ], "text": "Turn right", "time": 10946, "street_name": "" }, { "distance": 145.147, "sign": -2, "interval": [ 29, 35 ], "text": "Turn left onto Parque Dom Pedro II", "time": 29977, "street_name": "Parque Dom Pedro II" }, { "distance": 79.597, "sign": -2, "interval": [ 35, 36 ], "text": "Turn left", "time": 22655, "street_name": "" }, { "street_ref": "5", "distance": 17.687, "sign": -2, "interval": [ 36, 37 ], "text": "Turn left onto 5", "time": 15919, "street_name": "" }, { "distance": 0.0, "sign": 4, "last_heading": 328.0985518037146, "interval": [ 37, 37 ], "text": "Arrive at destination", "time": 0, "street_name": "" } ], "legs": [ ], "details": { }, "ascend": 19.09173583984375, "descend": 21.5277099609375, "snapped_waypoints": { "type": "LineString", "coordinates": [ [ -46.618119, -23.545803, 734.69 ], [ -46.630406, -23.546236, 732.26 ] ] } } ] }, "geometry": null },
{ "type": "Feature", "properties": { "hints": { "visited_nodes.sum": 38, "visited_nodes.average": 38.0 }, "info": { "copyrights": [ "GraphHopper", "OpenStreetMap contributors" ], "took": 1, "road_data_timestamp": "2024-09-03T15:00:00Z" }, "paths": [ { "distance": 546.54, "weight": 120.809001, "time": 141691, "transfers": 0, "points_encoded": false, "bbox": [ -46.549525, -23.519103, -46.547162, -23.516482 ], "points": { "type": "LineString", "coordinates": [ [ -46.549017, -23.516482, 745.32 ], [ -46.548751, -23.517383, 748.01 ], [ -46.549525, -23.517553, 742.24 ], [ -46.549479, -23.517669, 742.95 ], [ -46.54944, -23.517743, 743.41 ], [ -46.549243, -23.517969, 744.92 ], [ -46.548951, -23.518256, 746.95 ], [ -46.548805, -23.518103, 748.4 ], [ -46.548769, -23.518196, 748.54 ], [ -46.548715, -23.518255, 748.68 ], [ -46.548235, -23.518577, 749.6 ], [ -46.547363, -23.519064, 755.06 ], [ -46.547308, -23.519103, 755.42 ], [ -46.547282, -23.518994, 755.96 ], [ -46.547296, -23.518969, 755.87 ], [ -46.547298, -23.518918, 756.04 ], [ -46.547162, -23.518707, 756.84 ] ] }, "instructions": [ { "distance": 103.878, "heading": 164.85, "sign": 0, "interval": [ 0, 1 ], "text": "Continue onto Rua Guapiara", "time": 23084, "street_name": "Rua Guapiara" }, { "distance": 81.333, "sign": 2, "interval": [ 1, 2 ], "text": "Turn right onto Travessa Leonino Secondo Lembo", "time": 14788, "street_name": "Travessa Leonino Secondo Lembo" }, { "distance": 98.811, "sign": -2, "interval": [ 2, 6 ], "text": "Turn left onto Avenida Gabriela Mistral", "time": 21958, "street_name": "Avenida Gabriela Mistral" }, { "distance": 22.584, "sign": -2, "interval": [ 6, 7 ], "text": "Turn left onto Rua Rondonópolis", "time": 5019, "street_name": "Rua Rondonópolis" }, { "distance": 191.51, "sign": 3, "interval": [ 7, 12 ], "text": "Turn sharp right", "time": 61164, "street_name": "" }, { "distance": 12.334, "sign": -3, "interval": [ 12, 13 ], "text": "Turn sharp left", "time": 4111, "street_name": "" }, { "distance": 36.089, "sign": -1, "interval": [ 13, 16 ], "text": "Turn slight left", "time": 11567, "street_name": "" }, { "distance": 0.0, "sign": 4, "last_heading": 31.312143503899488, "interval": [ 16, 16 ], "text": "Arrive at destination", "time": 0, "street_name": "" } ], "legs": [ ], "details": { }, "ascend": 17.3804931640625, "descend": 5.864990234375, "snapped_waypoints": { "type": "LineString", "coordinates": [ [ -46.549017, -23.516482, 745.32 ], [ -46.547162, -23.518707, 756.84 ] ] } } ] }, "geometry": null },
{ "type": "Feature", "properties": { "hints": { "visited_nodes.sum": 48, "visited_nodes.average": 48.0 }, "info": { "copyrights": [ "GraphHopper", "OpenStreetMap contributors" ], "took": 1, "road_data_timestamp": "2024-09-03T15:00:00Z" }, "paths": [ { "distance": 1818.408, "weight": 407.93853, "time": 415083, "transfers": 0, "points_encoded": false, "bbox": [ -46.701307, -23.570463, -46.692927, -23.56499 ], "points": { "type": "LineString", "coordinates": [ [ -46.69394, -23.56932, 737.27 ], [ -46.693984, -23.569332, 737.48 ], [ -46.69413, -23.569411, 737.95 ], [ -46.694287, -23.569543, 738.42 ], [ -46.694387, -23.570289, 736.21 ], [ -46.694389, -23.570369, 735.98 ], [ -46.694381, -23.570411, 735.85 ], [ -46.694354, -23.570449, 735.72 ], [ -46.694317, -23.570463, 735.61 ], [ -46.694259, -23.570457, 735.45 ], [ -46.694203, -23.570409, 735.24 ], [ -46.693455, -23.569547, 732.01 ], [ -46.69343, -23.569506, 731.88 ], [ -46.693416, -23.569423, 731.63 ], [ -46.693438, -23.56933, 731.35 ], [ -46.693466, -23.569301, 736.1 ], [ -46.693489, -23.569288, 736.09 ], [ -46.693286, -23.567668, 740.73 ], [ -46.692927, -23.567756, 739.6 ], [ -46.693098, -23.567573, 740.54 ], [ -46.693247, -23.567414, 741.07 ], [ -46.693423, -23.567297, 741.58 ], [ -46.693543, -23.567247, 741.87 ], [ -46.693618, -23.5672, 741.77 ], [ -46.693767, -23.567131, 741.28 ], [ -46.694045, -23.566945, 740.45 ], [ -46.694163, -23.566828, 740.03 ], [ -46.694256, -23.566703, 739.64 ], [ -46.694343, -23.566568, 739.22 ], [ -46.694411, -23.566423, 739.32 ], [ -46.694483, -23.566186, 739.77 ], [ -46.694529, -23.565968, 740.17 ], [ -46.694585, -23.56499, 739.57 ], [ -46.695308, -23.565035, 737.81 ], [ -46.695427, -23.56505, 737.51 ], [ -46.695505, -23.565075, 737.31 ], [ -46.695581, -23.565128, 737.17 ], [ -46.695682, -23.565183, 736.99 ], [ -46.695831, -23.565235, 736.75 ], [ -46.69651, -23.5653, 735.76 ], [ -46.697893, -23.565385, 735.38 ], [ -46.698133, -23.565391, 735.32 ], [ -46.698271, -23.565381, 734.4 ], [ -46.699165, -23.565282, 730.28 ], [ -46.700111, -23.565157, 728.33 ], [ -46.701039, -23.565053, 740.38 ], [ -46.70114, -23.566647, 727.31 ], [ -46.701307, -23.566636, 728.1 ], [ -46.701285, -23.566294, 731.73 ] ] }, "instructions": [ { "distance": 43.743, "heading": 253.59, "sign": 0, "interval": [ 0, 3 ], "text": "Continue onto Rua dos Cariris", "time": 8749, "street_name": "Rua dos Cariris" }, { "distance": 276.95, "sign": -1, "interval": [ 3, 16 ], "text": "Turn slight left onto Rua dos Cariris", "time": 55390, "street_name": "Rua dos Cariris" }, { "distance": 181.455, "sign": 2, "interval": [ 16, 17 ], "text": "Turn right onto Rua Cláudio Soares", "time": 37511, "street_name": "Rua Cláudio Soares" }, { "distance": 37.919, "sign": 2, "interval": [ 17, 18 ], "text": "Turn right onto Praça João Nassar", "time": 7584, "street_name": "Praça João Nassar" }, { "distance": 26.8, "sign": -3, "interval": [ 18, 19 ], "text": "Turn sharp left onto Ciclovia da Avenida Faria Lima", "time": 5956, "street_name": "Ciclovia da Avenida Faria Lima" }, { "distance": 350.853, "sign": 0, "interval": [ 19, 32 ], "text": "Continue onto Ciclovia da Avenida Faria Lima", "time": 70171, "street_name": "Ciclovia da Avenida Faria Lima" }, { "distance": 667.429, "sign": -2, "interval": [ 32, 45 ], "text": "Turn left onto Rua Cristóvão Gonçalves", "time": 165966, "street_name": "Rua Cristóvão Gonçalves" }, { "distance": 177.993, "sign": -2, "interval": [ 45, 46 ], "text": "Turn left onto Rua Gilberto Sabino", "time": 32362, "street_name": "Rua Gilberto Sabino" }, { "distance": 17.071, "sign": 2, "interval": [ 46, 47 ], "text": "Turn right", "time": 17071, "street_name": "" }, { "distance": 38.195, "sign": 2, "interval": [ 47, 48 ], "text": "Turn right", "time": 14323, "street_name": "" }, { "distance": 0.0, "sign": 4, "last_heading": 3.3174256338074666, "interval": [ 48, 48 ], "text": "Arrive at destination", "time": 0, "street_name": "" } ], "legs": [ ], "details": { }, "ascend": 31.26373291015625, "descend": 36.7987060546875, "snapped_waypoints": { "type": "LineString", "coordinates": [ [ -46.69394, -23.56932, 737.27 ], [ -46.701285, -23.566294, 731.73 ] ] } } ] }, "geometry": null },
{ "type": "Feature", "properties": { "hints": { "visited_nodes.sum": 34, "visited_nodes.average": 34.0 }, "info": { "copyrights": [ "GraphHopper", "OpenStreetMap contributors" ], "took": 1, "road_data_timestamp": "2024-09-03T15:00:00Z" }, "paths": [ { "distance": 753.445, "weight": 150.739144, "time": 157574, "transfers": 0, "points_encoded": false, "bbox": [ -46.729251, -23.486975, -46.726452, -23.481921 ], "points": { "type": "LineString", "coordinates": [ [ -46.728595, -23.481921, 754.94 ], [ -46.728617, -23.481961, 754.47 ], [ -46.729251, -23.48395, 743.54 ], [ -46.729176, -23.484072, 743.73 ], [ -46.729077, -23.484269, 744.06 ], [ -46.729, -23.484527, 744.47 ], [ -46.72892, -23.484704, 744.77 ], [ -46.728839, -23.48484, 745.0 ], [ -46.728607, -23.485083, 745.12 ], [ -46.728576, -23.485142, 745.37 ], [ -46.728543, -23.485184, 745.57 ], [ -46.728434, -23.485282, 746.09 ], [ -46.728293, -23.485455, 746.25 ], [ -46.72824, -23.4855, 746.27 ], [ -46.728167, -23.485698, 745.83 ], [ -46.727988, -23.4863, 744.55 ], [ -46.727931, -23.486401, 744.32 ], [ -46.727868, -23.48649, 744.1 ], [ -46.727473, -23.486919, 742.32 ], [ -46.727439, -23.486948, 742.28 ], [ -46.727399, -23.486967, 742.18 ], [ -46.727354, -23.486975, 742.08 ], [ -46.727308, -23.486972, 741.98 ], [ -46.727266, -23.486957, 741.88 ], [ -46.72707, -23.486816, 741.25 ], [ -46.726452, -23.486298, 741.96 ] ] }, "instructions": [ { "distance": 235.723, "heading": 206.3, "sign": 0, "interval": [ 0, 2 ], "text": "Continue onto Rua República dos Palmares", "time": 43416, "street_name": "Rua República dos Palmares" }, { "distance": 143.9, "sign": -2, "interval": [ 2, 8 ], "text": "Turn left onto Avenida Doutor Felipe Pinel", "time": 28780, "street_name": "Avenida Doutor Felipe Pinel" }, { "distance": 177.225, "sign": 7, "interval": [ 8, 17 ], "text": "Keep right onto Avenida Doutor Felipe Pinel", "time": 35445, "street_name": "Avenida Doutor Felipe Pinel" }, { "distance": 62.475, "sign": 7, "interval": [ 17, 18 ], "text": "Keep right onto Avenida Doutor Felipe Pinel", "time": 12495, "street_name": "Avenida Doutor Felipe Pinel" }, { "exit_number": 2, "distance": 134.122, "sign": 6, "exited": true, "turn_angle": 1.62, "interval": [ 18, 25 ], "text": "At roundabout, take exit 2", "time": 37438, "street_name": "" }, { "distance": 0.0, "sign": 4, "last_heading": 47.7388434903002, "interval": [ 25, 25 ], "text": "Arrive at destination", "time": 0, "street_name": "" } ], "legs": [ ], "details": { }, "ascend": 4.239013671875, "descend": 17.2135009765625, "snapped_waypoints": { "type": "LineString", "coordinates": [ [ -46.728595, -23.481921, 754.94 ], [ -46.726452, -23.486298, 741.96 ] ] } } ] }, "geometry": null },
{ "type": "Feature", "properties": { "hints": { "visited_nodes.sum": 122, "visited_nodes.average": 122.0 }, "info": { "copyrights": [ "GraphHopper", "OpenStreetMap contributors" ], "took": 4, "road_data_timestamp": "2024-09-03T15:00:00Z" }, "paths": [ { "distance": 1823.074, "weight": 468.184614, "time": 492269, "transfers": 0, "points_encoded": false, "bbox": [ -46.645392, -23.540971, -46.63629, -23.533581 ], "points": { "type": "LineString", "coordinates": [ [ -46.636684, -23.540649, 766.11 ], [ -46.636746, -23.54079, 765.67 ], [ -46.636745, -23.540945, 765.52 ], [ -46.636615, -23.540946, 765.38 ], [ -46.636483, -23.540971, 765.13 ], [ -46.63629, -23.539977, 766.59 ], [ -46.636704, -23.539862, 767.38 ], [ -46.636944, -23.539701, 767.06 ], [ -46.637836, -23.538528, 754.18 ], [ -46.637884, -23.538455, 753.91 ], [ -46.638534, -23.53763, 754.64 ], [ -46.639732, -23.536153, 751.81 ], [ -46.640494, -23.535198, 754.86 ], [ -46.640648, -23.535315, 754.93 ], [ -46.64082, -23.535106, 755.61 ], [ -46.641469, -23.53427, 754.54 ], [ -46.641993, -23.533581, 751.77 ], [ -46.644618, -23.535236, 753.4 ], [ -46.645392, -23.534198, 752.81 ], [ -46.645274, -23.534123, 752.76 ], [ -46.645227, -23.534183, 752.77 ], [ -46.644977, -23.534028, 753.5 ], [ -46.64491, -23.534128, 753.34 ], [ -46.644929, -23.534195, 753.23 ], [ -46.64491, -23.534249, 753.14 ], [ -46.644674, -23.534568, 752.55 ], [ -46.644308, -23.534347, 753.29 ], [ -46.644291, -23.534327, 753.33 ], [ -46.64428, -23.534299, 753.38 ], [ -46.64429, -23.534239, 753.48 ], [ -46.644348, -23.534158, 753.87 ], [ -46.64434, -23.534218, 753.76 ], [ -46.644348, -23.534243, 753.72 ], [ -46.644367, -23.534266, 753.67 ], [ -46.644612, -23.534414, 753.17 ] ] }, "instructions": [ { "distance": 34.17, "heading": 198.66, "sign": 0, "interval": [ 0, 2 ], "text": "Continue", "time": 30753, "street_name": "" }, { "distance": 26.933, "sign": -2, "interval": [ 2, 4 ], "text": "Turn left", "time": 24240, "street_name": "" }, { "distance": 112.296, "sign": -2, "interval": [ 4, 5 ], "text": "Turn left onto Avenida Cásper Líbero", "time": 22681, "street_name": "Avenida Cásper Líbero" }, { "distance": 693.127, "sign": -2, "interval": [ 5, 12 ], "text": "Turn left onto Rua dos Andradas", "time": 136898, "street_name": "Rua dos Andradas" }, { "distance": 20.346, "sign": -2, "interval": [ 12, 13 ], "text": "Turn left onto Avenida Duque de Caxias", "time": 4069, "street_name": "Avenida Duque de Caxias" }, { "distance": 236.713, "sign": 2, "interval": [ 13, 16 ], "text": "Turn right onto Alameda Dino Bueno", "time": 45943, "street_name": "Alameda Dino Bueno" }, { "distance": 324.827, "sign": -2, "interval": [ 16, 17 ], "text": "Turn left onto Rua Helvétia", "time": 64966, "street_name": "Rua Helvétia" }, { "distance": 139.824, "sign": 2, "interval": [ 17, 18 ], "text": "Turn right onto Rua Guaianases", "time": 27964, "street_name": "Rua Guaianases" }, { "distance": 14.661, "sign": 2, "interval": [ 18, 19 ], "text": "Turn right onto Alameda Glete", "time": 2932, "street_name": "Alameda Glete" }, { "distance": 8.268, "sign": 2, "interval": [ 19, 20 ], "text": "Turn right", "time": 7441, "street_name": "" }, { "distance": 30.757, "sign": -2, "interval": [ 20, 21 ], "text": "Turn left", "time": 27681, "street_name": "" }, { "distance": 69.991, "sign": 2, "interval": [ 21, 25 ], "text": "Turn right", "time": 62993, "street_name": "" }, { "distance": 68.437, "sign": -2, "interval": [ 25, 30 ], "text": "Turn left onto Plataforma 5", "time": 20891, "street_name": "Plataforma 5" }, { "distance": 42.723, "sign": -3, "interval": [ 30, 34 ], "text": "Turn sharp left and drive toward Plataforma 4", "time": 12817, "street_destination": "Plataforma 4", "street_name": "" }, { "distance": 0.0, "sign": 4, "last_heading": 236.74616094805614, "interval": [ 34, 34 ], "text": "Arrive at destination", "time": 0, "street_name": "" } ], "legs": [ ], "details": { }, "ascend": 12.0858154296875, "descend": 25.02435302734375, "snapped_waypoints": { "type": "LineString", "coordinates": [ [ -46.636684, -23.540649, 766.11 ], [ -46.644612, -23.534414, 753.17 ] ] } } ] }, "geometry": null },
{ "type": "Feature", "properties": { "hints": { "visited_nodes.sum": 166, "visited_nodes.average": 166.0 }, "info": { "copyrights": [ "GraphHopper", "OpenStreetMap contributors" ], "took": 2, "road_data_timestamp": "2024-09-03T15:00:00Z" }, "paths": [ { "distance": 8513.787, "weight": 2410.572576, "time": 1800539, "transfers": 0, "points_encoded": false, "bbox": [ -46.738386, -23.658164, -46.712436, -23.63309 ], "points": { "type": "LineString", "coordinates": [ [ -46.725951, -23.655885, 752.99 ], [ -46.72612, -23.655818, 752.99 ], [ -46.726121, -23.655532, 750.91 ], [ -46.726706, -23.655294, 754.28 ], [ -46.726754, -23.655314, 752.62 ], [ -46.726846, -23.655337, 753.98 ], [ -46.726967, -23.65533, 755.7 ], [ -46.727023, -23.655337, 756.5 ], [ -46.72707, -23.655367, 757.32 ], [ -46.727137, -23.65543, 758.69 ], [ -46.727449, -23.655768, 765.56 ], [ -46.727648, -23.655921, 769.26 ], [ -46.727755, -23.656024, 771.46 ], [ -46.727836, -23.656123, 773.39 ], [ -46.727926, -23.656251, 775.75 ], [ -46.728039, -23.656462, 779.4 ], [ -46.728114, -23.656655, 782.58 ], [ -46.72817, -23.656841, 785.57 ], [ -46.728217, -23.65709, 789.5 ], [ -46.728276, -23.657507, 789.38 ], [ -46.72833, -23.657724, 789.31 ], [ -46.728394, -23.657903, 789.26 ], [ -46.728508, -23.658164, 789.17 ], [ -46.72885, -23.658051, 788.12 ], [ -46.730292, -23.657505, 784.59 ], [ -46.731024, -23.657083, 782.63 ], [ -46.73107, -23.657026, 783.47 ], [ -46.731065, -23.65699, 784.36 ], [ -46.731086, -23.656957, 784.94 ], [ -46.731125, -23.656944, 785.0 ], [ -46.731165, -23.656955, 784.96 ], [ -46.731214, -23.656842, 786.28 ], [ -46.731886, -23.655766, 799.89 ], [ -46.73285, -23.654419, 779.25 ], [ -46.733045, -23.654141, 774.2 ], [ -46.733276, -23.653787, 767.57 ], [ -46.733423, -23.653615, 764.05 ], [ -46.7336, -23.65344, 760.22 ], [ -46.733737, -23.653332, 757.55 ], [ -46.733992, -23.653152, 752.8 ], [ -46.734077, -23.653167, 752.91 ], [ -46.73426, -23.653179, 753.13 ], [ -46.734482, -23.653179, 752.8 ], [ -46.734685, -23.653155, 750.91 ], [ -46.734864, -23.653176, 749.77 ], [ -46.735208, -23.653251, 747.55 ], [ -46.735655, -23.653336, 748.56 ], [ -46.735764, -23.65334, 748.94 ], [ -46.73612, -23.653333, 750.07 ], [ -46.736052, -23.653193, 749.16 ], [ -46.735922, -23.653027, 749.0 ], [ -46.735991, -23.652923, 749.34 ], [ -46.736083, -23.65284, 750.32 ], [ -46.736186, -23.652782, 751.25 ], [ -46.736281, -23.652751, 752.02 ], [ -46.736392, -23.652733, 752.89 ], [ -46.738369, -23.652605, 768.03 ], [ -46.738381, -23.652328, 768.86 ], [ -46.738386, -23.651235, 778.31 ], [ -46.738369, -23.650906, 781.98 ], [ -46.738273, -23.650414, 787.42 ], [ -46.738129, -23.649879, 792.95 ], [ -46.737756, -23.64997, 791.99 ], [ -46.73764, -23.6499, 791.11 ], [ -46.737278, -23.649717, 788.49 ], [ -46.737181, -23.64965, 787.72 ], [ -46.737069, -23.649555, 786.75 ], [ -46.736635, -23.649109, 782.71 ], [ -46.736456, -23.648912, 780.53 ], [ -46.735592, -23.649388, 785.97 ], [ -46.735042, -23.648859, 785.63 ], [ -46.734951, -23.648743, 784.63 ], [ -46.734737, -23.648422, 783.03 ], [ -46.73428, -23.647687, 779.84 ], [ -46.733977, -23.647157, 777.88 ], [ -46.733894, -23.647027, 778.02 ], [ -46.73364, -23.646663, 779.8 ], [ -46.732889, -23.645643, 773.33 ], [ -46.73283, -23.645589, 772.8 ], [ -46.732105, -23.645115, 768.68 ], [ -46.732059, -23.645054, 767.6 ], [ -46.732045, -23.64501, 766.93 ], [ -46.73204, -23.644959, 766.18 ], [ -46.732055, -23.644872, 764.9 ], [ -46.732256, -23.644559, 759.57 ], [ -46.732264, -23.644501, 758.71 ], [ -46.73225, -23.644451, 757.96 ], [ -46.732185, -23.644368, 756.47 ], [ -46.732104, -23.644307, 755.06 ], [ -46.732059, -23.644283, 754.36 ], [ -46.731955, -23.644246, 752.87 ], [ -46.731723, -23.644274, 752.34 ], [ -46.731625, -23.644299, 752.11 ], [ -46.731468, -23.644353, 751.74 ], [ -46.731275, -23.644445, 751.27 ], [ -46.73122, -23.644392, 750.94 ], [ -46.731274, -23.644363, 750.17 ], [ -46.731184, -23.643877, 744.06 ], [ -46.730924, -23.64392, 744.26 ], [ -46.730895, -23.643752, 744.37 ], [ -46.730309, -23.643823, 744.82 ], [ -46.729983, -23.643842, 745.06 ], [ -46.72985, -23.643834, 745.16 ], [ -46.729753, -23.643817, 745.24 ], [ -46.729626, -23.643777, 745.34 ], [ -46.729512, -23.643725, 745.43 ], [ -46.729352, -23.643621, 745.58 ], [ -46.729212, -23.643512, 745.72 ], [ -46.728006, -23.642234, 734.71 ], [ -46.72786, -23.642053, 732.8 ], [ -46.72751, -23.641337, 732.02 ], [ -46.727468, -23.641215, 731.89 ], [ -46.727428, -23.640976, 731.66 ], [ -46.727424, -23.640824, 731.7 ], [ -46.727531, -23.640685, 731.38 ], [ -46.727573, -23.640602, 731.19 ], [ -46.727554, -23.640587, 731.14 ], [ -46.727467, -23.64058, 731.65 ], [ -46.727373, -23.640554, 732.22 ], [ -46.727234, -23.640465, 733.17 ], [ -46.727196, -23.640478, 733.19 ], [ -46.727175, -23.640712, 733.31 ], [ -46.727145, -23.640778, 733.35 ], [ -46.727099, -23.640844, 733.39 ], [ -46.727033, -23.640895, 733.43 ], [ -46.726967, -23.640921, 733.46 ], [ -46.726913, -23.640924, 733.49 ], [ -46.726846, -23.640901, 733.53 ], [ -46.726784, -23.640862, 733.56 ], [ -46.726657, -23.640706, 733.47 ], [ -46.726255, -23.640139, 745.44 ], [ -46.726025, -23.63984, 751.9 ], [ -46.725566, -23.639277, 756.96 ], [ -46.724906, -23.638602, 763.47 ], [ -46.724012, -23.637609, 765.32 ], [ -46.723492, -23.63689, 761.6 ], [ -46.723294, -23.636593, 760.11 ], [ -46.722938, -23.63617, 754.53 ], [ -46.722543, -23.635761, 748.81 ], [ -46.722192, -23.635412, 743.86 ], [ -46.722128, -23.635362, 743.07 ], [ -46.722033, -23.635418, 741.49 ], [ -46.721998, -23.635424, 740.94 ], [ -46.721972, -23.635419, 740.53 ], [ -46.721694, -23.635103, 738.76 ], [ -46.721442, -23.634838, 737.84 ], [ -46.720213, -23.633477, 733.46 ], [ -46.72008, -23.633347, 733.06 ], [ -46.719957, -23.633264, 732.74 ], [ -46.719708, -23.633152, 732.14 ], [ -46.719576, -23.633114, 731.83 ], [ -46.719427, -23.63309, 731.49 ], [ -46.719226, -23.633093, 731.03 ], [ -46.719032, -23.633121, 730.56 ], [ -46.718804, -23.633192, 729.97 ], [ -46.71861, -23.633294, 729.98 ], [ -46.718478, -23.633394, 729.98 ], [ -46.718344, -23.633525, 729.99 ], [ -46.718267, -23.633631, 729.99 ], [ -46.71672, -23.636309, 730.32 ], [ -46.716202, -23.637224, 732.7 ], [ -46.716141, -23.637302, 732.93 ], [ -46.716114, -23.63735, 733.05 ], [ -46.716108, -23.637394, 733.14 ], [ -46.716151, -23.637458, 733.05 ], [ -46.716268, -23.637587, 732.84 ], [ -46.715781, -23.638455, 734.03 ], [ -46.717408, -23.639219, 733.7 ], [ -46.717159, -23.639643, 735.03 ], [ -46.717035, -23.639891, 735.41 ], [ -46.717002, -23.639986, 735.55 ], [ -46.716984, -23.640073, 735.68 ], [ -46.716979, -23.640192, 735.84 ], [ -46.717115, -23.64146, 735.77 ], [ -46.717322, -23.64314, 734.3 ], [ -46.717528, -23.644727, 732.37 ], [ -46.71755, -23.644809, 732.27 ], [ -46.717601, -23.644936, 732.11 ], [ -46.717609, -23.645001, 732.14 ], [ -46.717603, -23.645148, 732.18 ], [ -46.717377, -23.646871, 732.7 ], [ -46.71717, -23.648334, 730.77 ], [ -46.717087, -23.648605, 730.64 ], [ -46.717024, -23.649339, 731.6 ], [ -46.716976, -23.649508, 731.83 ], [ -46.716863, -23.649661, 732.07 ], [ -46.716846, -23.649714, 732.12 ], [ -46.716779, -23.651083, 731.96 ], [ -46.716552, -23.6519, 733.26 ], [ -46.717525, -23.652374, 732.76 ], [ -46.717035, -23.653284, 734.15 ], [ -46.716978, -23.653439, 734.38 ], [ -46.716815, -23.654061, 733.2 ], [ -46.716662, -23.65459, 731.89 ], [ -46.716694, -23.654852, 730.81 ], [ -46.716742, -23.655026, 731.27 ], [ -46.716738, -23.655081, 731.41 ], [ -46.71672, -23.655127, 731.53 ], [ -46.716663, -23.655175, 731.63 ], [ -46.712436, -23.654642, 740.83 ] ] }, "instructions": [ { "distance": 50.532, "heading": 293.44, "sign": 0, "interval": [ 0, 2 ], "text": "Continue", "time": 27419, "street_name": "" }, { "distance": 65.361, "sign": -2, "interval": [ 2, 3 ], "text": "Turn left", "time": 21787, "street_name": "" }, { "distance": 395.926, "sign": -2, "interval": [ 3, 22 ], "text": "Turn left onto Travessa do Carteiro", "time": 98982, "street_name": "Travessa do Carteiro" }, { "distance": 37.048, "sign": 2, "interval": [ 22, 23 ], "text": "Turn right onto Travessa do Carteiro", "time": 7410, "street_name": "Travessa do Carteiro" }, { "distance": 247.114, "sign": 0, "interval": [ 23, 25 ], "text": "Continue onto Rua José Joaquim Esteves", "time": 49423, "street_name": "Rua José Joaquim Esteves" }, { "distance": 7.849, "sign": 7, "interval": [ 25, 26 ], "text": "Keep right onto Rua José Joaquim Esteves", "time": 1570, "street_name": "Rua José Joaquim Esteves" }, { "exit_number": 5, "distance": 169.112, "sign": 6, "exited": true, "turn_angle": -2.88, "interval": [ 26, 32 ], "text": "At roundabout, take exit 5 onto Rua Satulnino de Oliveira", "time": 41429, "street_name": "Rua Satulnino de Oliveira" }, { "distance": 180.221, "sign": 0, "interval": [ 32, 33 ], "text": "Continue onto Rua Satulnino de Oliveira", "time": 32767, "street_name": "Rua Satulnino de Oliveira" }, { "distance": 186.534, "sign": 0, "interval": [ 33, 39 ], "text": "Continue onto Rua Satulnino de Oliveira", "time": 33915, "street_name": "Rua Satulnino de Oliveira" }, { "distance": 50.071, "sign": -2, "interval": [ 39, 42 ], "text": "Turn left onto Rua Geraldo Fraga de Oliveira", "time": 10014, "street_name": "Rua Geraldo Fraga de Oliveira" }, { "distance": 169.392, "sign": 7, "interval": [ 42, 48 ], "text": "Keep right onto Rua Geraldo Fraga de Oliveira", "time": 32507, "street_name": "Rua Geraldo Fraga de Oliveira" }, { "distance": 39.822, "sign": 3, "interval": [ 48, 50 ], "text": "Turn sharp right onto Rua Arlindo Fraga de Oliveira", "time": 7655, "street_name": "Rua Arlindo Fraga de Oliveira" }, { "distance": 263.318, "sign": -2, "interval": [ 50, 56 ], "text": "Turn left onto Rua Arraial dos Couros", "time": 58515, "street_name": "Rua Arraial dos Couros" }, { "distance": 307.016, "sign": 2, "interval": [ 56, 61 ], "text": "Turn right onto Rua João Brito de Araújo", "time": 73318, "street_name": "Rua João Brito de Araújo" }, { "distance": 39.32, "sign": 2, "interval": [ 61, 62 ], "text": "Turn right onto Rua João Meimberg", "time": 7864, "street_name": "Rua João Meimberg" }, { "distance": 179.43, "sign": -2, "interval": [ 62, 68 ], "text": "Turn left onto Rua Inácio Dias de Oliveira", "time": 32624, "street_name": "Rua Inácio Dias de Oliveira" }, { "distance": 102.815, "sign": 2, "interval": [ 68, 69 ], "text": "Turn right onto Rua Georges Arie", "time": 22848, "street_name": "Rua Georges Arie" }, { "distance": 722.078, "sign": -2, "interval": [ 69, 90 ], "text": "Turn left onto Rua Luís Grassman", "time": 138229, "street_name": "Rua Luís Grassman" }, { "distance": 73.438, "sign": 1, "interval": [ 90, 94 ], "text": "Turn slight right onto Avenida João Dias", "time": 14688, "street_name": "Avenida João Dias" }, { "distance": 115.601, "sign": -2, "interval": [ 94, 99 ], "text": "Turn left", "time": 68248, "street_name": "" }, { "distance": 395.896, "sign": 2, "interval": [ 99, 109 ], "text": "Turn right onto Rua Itapaiúna", "time": 76246, "street_name": "Rua Itapaiúna" }, { "distance": 145.297, "sign": -7, "interval": [ 109, 113 ], "text": "Keep left onto Rua Itapaiuva", "time": 29060, "street_name": "Rua Itapaiuva" }, { "distance": 67.87, "sign": -7, "interval": [ 113, 119 ], "text": "Keep left", "time": 14378, "street_name": "" }, { "distance": 861.804, "sign": 2, "interval": [ 119, 140 ], "text": "Turn right onto Calçada Compartilhada Avenida Maj. Sylvio Magalhães Padilha", "time": 172361, "street_name": "Calçada Compartilhada Avenida Maj. Sylvio Magalhães Padilha" }, { "distance": 1031.452, "sign": 2, "interval": [ 140, 165 ], "text": "Turn right onto Calçada Partilhada Ponte Laguna", "time": 205921, "street_name": "Calçada Partilhada Ponte Laguna" }, { "distance": 108.581, "sign": -2, "interval": [ 165, 166 ], "text": "Turn left onto Rua Laguna", "time": 21716, "street_name": "Rua Laguna" }, { "distance": 186.226, "sign": 2, "interval": [ 166, 167 ], "text": "Turn right onto Rua Leriuçú", "time": 37245, "street_name": "Rua Leriuçú" }, { "distance": 1435.988, "sign": -2, "interval": [ 167, 188 ], "text": "Turn left onto Rua Carmo do Rio Verde", "time": 287198, "street_name": "Rua Carmo do Rio Verde" }, { "distance": 112.294, "sign": 2, "interval": [ 188, 189 ], "text": "Turn right onto Avenida Mário Lopes Leão", "time": 22458, "street_name": "Avenida Mário Lopes Leão" }, { "distance": 263.025, "sign": -2, "interval": [ 189, 193 ], "text": "Turn left onto Rua Engenheiro Francisco Pitta Brito", "time": 52605, "street_name": "Rua Engenheiro Francisco Pitta Brito" }, { "distance": 68.7, "sign": 7, "interval": [ 193, 198 ], "text": "Keep right onto Rua Engenheiro Francisco Pitta Brito", "time": 13208, "street_name": "Rua Engenheiro Francisco Pitta Brito" }, { "distance": 434.655, "sign": -2, "interval": [ 198, 199 ], "text": "Turn left onto Avenida Padre José Maria", "time": 86931, "street_name": "Avenida Padre José Maria" }, { "distance": 0.0, "sign": 4, "last_heading": 82.68926899328041, "interval": [ 199, 199 ], "text": "Arrive at destination", "time": 0, "street_name": "" } ], "legs": [ ], "details": { }, "ascend": 172.19110107421875, "descend": 184.34912109375, "snapped_waypoints": { "type": "LineString", "coordinates": [ [ -46.725951, -23.655885, 752.99 ], [ -46.712436, -23.654642, 740.83 ] ] } } ] }, "geometry": null },
{ "type": "Feature", "properties": { "hints": { "visited_nodes.sum": 48, "visited_nodes.average": 48.0 }, "info": { "copyrights": [ "GraphHopper", "OpenStreetMap contributors" ], "took": 1, "road_data_timestamp": "2024-09-03T15:00:00Z" }, "paths": [ { "distance": 1190.85, "weight": 257.508782, "time": 274522, "transfers": 0, "points_encoded": false, "bbox": [ -46.503527, -23.614827, -46.500246, -23.607825 ], "points": { "type": "LineString", "coordinates": [ [ -46.503459, -23.607825, 807.39 ], [ -46.503468, -23.608168, 807.53 ], [ -46.503479, -23.608211, 807.56 ], [ -46.503527, -23.608281, 807.6 ], [ -46.502665, -23.60906, 811.65 ], [ -46.502865, -23.609282, 814.1 ], [ -46.502955, -23.609342, 814.97 ], [ -46.503056, -23.609382, 815.84 ], [ -46.503168, -23.609403, 816.73 ], [ -46.503243, -23.609404, 817.04 ], [ -46.50332, -23.60974, 822.2 ], [ -46.502972, -23.609906, 818.73 ], [ -46.502875, -23.60999, 817.53 ], [ -46.502661, -23.610073, 815.44 ], [ -46.502462, -23.610192, 816.02 ], [ -46.502109, -23.610321, 817.0 ], [ -46.501767, -23.610411, 817.92 ], [ -46.501446, -23.610468, 818.77 ], [ -46.501368, -23.610469, 818.97 ], [ -46.501367, -23.612404, 830.21 ], [ -46.50136, -23.612736, 832.81 ], [ -46.501382, -23.612967, 834.46 ], [ -46.501426, -23.61314, 835.74 ], [ -46.501715, -23.613848, 840.56 ], [ -46.5018, -23.614096, 843.34 ], [ -46.50182, -23.614214, 844.63 ], [ -46.501828, -23.614319, 845.76 ], [ -46.501821, -23.614459, 847.19 ], [ -46.501757, -23.614663, 849.89 ], [ -46.501656, -23.614827, 851.54 ], [ -46.501405, -23.614795, 851.73 ], [ -46.500246, -23.614597, 852.73 ], [ -46.500264, -23.614495, 851.35 ], [ -46.500554, -23.614548, 851.16 ] ] }, "instructions": [ { "distance": 52.329, "heading": 181.42, "sign": 0, "interval": [ 0, 3 ], "text": "Continue", "time": 15699, "street_name": "" }, { "distance": 123.318, "sign": -2, "interval": [ 3, 4 ], "text": "Turn left onto Rua Simpliciano Olivo", "time": 24664, "street_name": "Rua Simpliciano Olivo" }, { "distance": 74.02, "sign": 2, "interval": [ 4, 9 ], "text": "Turn right onto Rua Esquivel Navarro", "time": 16449, "street_name": "Rua Esquivel Navarro" }, { "distance": 38.584, "sign": -2, "interval": [ 9, 10 ], "text": "Turn left onto Avenida Adutora do Rio Claro", "time": 23150, "street_name": "Avenida Adutora do Rio Claro" }, { "distance": 218.05, "sign": -2, "interval": [ 10, 18 ], "text": "Turn left onto Ciclovia Parque Adutora de Rio Claro", "time": 43610, "street_name": "Ciclovia Parque Adutora de Rio Claro" }, { "distance": 496.879, "sign": 2, "interval": [ 18, 29 ], "text": "Turn right onto Avenida Arquiteto Vilanova Artigas", "time": 113627, "street_name": "Avenida Arquiteto Vilanova Artigas" }, { "distance": 145.911, "sign": -2, "interval": [ 29, 31 ], "text": "Turn left onto Ciclovia Monotrilho Linha Prata", "time": 29182, "street_name": "Ciclovia Monotrilho Linha Prata" }, { "distance": 11.594, "sign": -2, "interval": [ 31, 32 ], "text": "Turn left onto Rua Cristóvão de Vasconcelos", "time": 2108, "street_name": "Rua Cristóvão de Vasconcelos" }, { "distance": 30.165, "sign": -2, "interval": [ 32, 33 ], "text": "Turn left onto Avenida Sapopemba", "time": 6033, "street_name": "Avenida Sapopemba" }, { "distance": 0.0, "sign": 4, "last_heading": 258.5529346307353, "interval": [ 33, 33 ], "text": "Arrive at destination", "time": 0, "street_name": "" } ], "legs": [ ], "details": { }, "ascend": 52.1024169921875, "descend": 8.3309326171875, "snapped_waypoints": { "type": "LineString", "coordinates": [ [ -46.503459, -23.607825, 807.39 ], [ -46.500554, -23.614548, 851.16 ] ] } } ] }, "geometry": null },
{ "type": "Feature", "properties": { "hints": { "visited_nodes.sum": 54, "visited_nodes.average": 54.0 }, "info": { "copyrights": [ "GraphHopper", "OpenStreetMap contributors" ], "took": 1, "road_data_timestamp": "2024-09-03T15:00:00Z" }, "paths": [ { "distance": 1320.21, "weight": 535.042975, "time": 447971, "transfers": 0, "points_encoded": false, "bbox": [ -46.719692, -23.771696, -46.715948, -23.76782 ], "points": { "type": "LineString", "coordinates": [ [ -46.719692, -23.76782, 763.01 ], [ -46.719588, -23.767929, 763.57 ], [ -46.719479, -23.768023, 764.1 ], [ -46.719352, -23.768097, 764.63 ], [ -46.719143, -23.768185, 765.44 ], [ -46.719, -23.768214, 765.96 ], [ -46.718778, -23.768216, 766.75 ], [ -46.718511, -23.768268, 767.71 ], [ -46.718078, -23.768418, 769.34 ], [ -46.717926, -23.76845, 769.89 ], [ -46.717819, -23.768479, 769.25 ], [ -46.717715, -23.76852, 768.59 ], [ -46.717679, -23.768544, 768.35 ], [ -46.717658, -23.768524, 768.23 ], [ -46.717609, -23.768557, 767.56 ], [ -46.717668, -23.768855, 767.35 ], [ -46.717699, -23.768951, 767.3 ], [ -46.717951, -23.768963, 767.31 ], [ -46.71799, -23.768988, 767.3 ], [ -46.718016, -23.769024, 767.3 ], [ -46.718059, -23.769303, 767.26 ], [ -46.718063, -23.769409, 767.25 ], [ -46.718039, -23.769502, 767.23 ], [ -46.718007, -23.769542, 767.23 ], [ -46.717902, -23.76961, 767.21 ], [ -46.717929, -23.769665, 767.28 ], [ -46.718071, -23.769695, 768.2 ], [ -46.71809, -23.769702, 768.24 ], [ -46.718132, -23.769734, 768.32 ], [ -46.718371, -23.770149, 769.13 ], [ -46.718369, -23.770177, 769.18 ], [ -46.718352, -23.770209, 769.24 ], [ -46.718248, -23.770253, 768.78 ], [ -46.718794, -23.771061, 770.65 ], [ -46.718917, -23.771207, 770.37 ], [ -46.719106, -23.771405, 769.41 ], [ -46.719164, -23.771532, 769.17 ], [ -46.719181, -23.771586, 769.07 ], [ -46.719181, -23.771616, 769.01 ], [ -46.719165, -23.771647, 768.95 ], [ -46.719135, -23.771671, 768.89 ], [ -46.719084, -23.771692, 768.8 ], [ -46.71905, -23.771696, 768.74 ], [ -46.718993, -23.771687, 768.88 ], [ -46.718229, -23.771358, 771.47 ], [ -46.718072, -23.771298, 771.28 ], [ -46.718051, -23.771375, 771.8 ], [ -46.717913, -23.771439, 772.51 ], [ -46.717763, -23.771349, 771.87 ], [ -46.71763, -23.771242, 771.24 ], [ -46.717448, -23.771069, 770.31 ], [ -46.7172, -23.770793, 768.93 ], [ -46.717121, -23.770671, 768.38 ], [ -46.717054, -23.770514, 767.81 ], [ -46.717213, -23.770485, 767.09 ], [ -46.717226, -23.770306, 766.29 ], [ -46.717254, -23.770071, 765.23 ], [ -46.717255, -23.769933, 764.78 ], [ -46.717241, -23.769811, 764.38 ], [ -46.717127, -23.769401, 763.08 ], [ -46.716975, -23.769193, 762.94 ], [ -46.716876, -23.769074, 762.85 ], [ -46.716724, -23.768982, 762.76 ], [ -46.716559, -23.768898, 762.66 ], [ -46.716501, -23.768857, 762.63 ], [ -46.716104, -23.768838, 763.96 ], [ -46.716055, -23.768833, 763.72 ], [ -46.716024, -23.768821, 763.56 ], [ -46.715972, -23.768766, 763.17 ], [ -46.715955, -23.768724, 762.92 ], [ -46.715948, -23.768672, 762.79 ], [ -46.715954, -23.768592, 762.2 ], [ -46.715981, -23.768501, 761.52 ], [ -46.716306, -23.76823, 759.14 ], [ -46.716284, -23.768207, 758.94 ] ] }, "instructions": [ { "distance": 198.476, "heading": 138.76, "sign": 0, "interval": [ 0, 9 ], "text": "Continue", "time": 178629, "street_name": "" }, { "distance": 27.396, "sign": 7, "interval": [ 9, 12 ], "text": "Keep right", "time": 22415, "street_name": "" }, { "distance": 9.303, "sign": -2, "interval": [ 12, 14 ], "text": "Turn left", "time": 7612, "street_name": "" }, { "distance": 159.143, "sign": 2, "interval": [ 14, 25 ], "text": "Turn right onto Avenida Senador Teotônio Vilela", "time": 42605, "street_name": "Avenida Senador Teotônio Vilela" }, { "distance": 93.411, "sign": 2, "interval": [ 25, 32 ], "text": "Turn right", "time": 28517, "street_name": "" }, { "distance": 155.414, "sign": 2, "interval": [ 32, 35 ], "text": "Turn right onto Avenida Senador Teotônio Vilela", "time": 31083, "street_name": "Avenida Senador Teotônio Vilela" }, { "distance": 47.874, "sign": -7, "interval": [ 35, 43 ], "text": "Keep left", "time": 9575, "street_name": "" }, { "distance": 103.27, "sign": 7, "interval": [ 43, 45 ], "text": "Keep right onto Rua Arcelina Teixeira da Silva", "time": 22214, "street_name": "Rua Arcelina Teixeira da Silva" }, { "distance": 8.81, "sign": 2, "interval": [ 45, 46 ], "text": "Turn right onto Rua Bartalomeu Rampini", "time": 1958, "street_name": "Rua Bartalomeu Rampini" }, { "distance": 15.685, "sign": -2, "interval": [ 46, 47 ], "text": "Turn left onto Rua Bartalomeu Rampini", "time": 3486, "street_name": "Rua Bartalomeu Rampini" }, { "distance": 137.307, "sign": -2, "interval": [ 47, 53 ], "text": "Turn left onto Rua Arcelina Teixeira da Silva", "time": 27461, "street_name": "Rua Arcelina Teixeira da Silva" }, { "distance": 16.512, "sign": -2, "interval": [ 53, 54 ], "text": "Turn left onto Rua Alfonso Lecadre", "time": 3002, "street_name": "Rua Alfonso Lecadre" }, { "distance": 122.364, "sign": 2, "interval": [ 54, 59 ], "text": "Turn right onto Rua Arcelina Teixeira da Silva", "time": 23631, "street_name": "Rua Arcelina Teixeira da Silva" }, { "distance": 130.106, "sign": 7, "interval": [ 59, 65 ], "text": "Keep right onto Rua Arcelina Teixeira da Silva", "time": 26021, "street_name": "Rua Arcelina Teixeira da Silva" }, { "distance": 91.708, "sign": -7, "interval": [ 65, 73 ], "text": "Keep left", "time": 16674, "street_name": "" }, { "distance": 3.431, "sign": 2, "interval": [ 73, 74 ], "text": "Turn right", "time": 3088, "street_name": "" }, { "distance": 0.0, "sign": 4, "last_heading": 41.71132748552393, "interval": [ 74, 74 ], "text": "Arrive at destination", "time": 0, "street_name": "" } ], "legs": [ ], "details": { }, "ascend": 16.1199951171875, "descend": 20.18505859375, "snapped_waypoints": { "type": "LineString", "coordinates": [ [ -46.719692, -23.76782, 763.01 ], [ -46.716284, -23.768207, 758.94 ] ] } } ] }, "geometry": null },
{ "type": "Feature", "properties": { "hints": { "visited_nodes.sum": 84, "visited_nodes.average": 84.0 }, "info": { "copyrights": [ "GraphHopper", "OpenStreetMap contributors" ], "took": 2, "road_data_timestamp": "2024-09-03T15:00:00Z" }, "paths": [ { "distance": 2641.295, "weight": 749.401611, "time": 590084, "transfers": 0, "points_encoded": false, "bbox": [ -46.631113, -23.54686, -46.617794, -23.54207 ], "points": { "type": "LineString", "coordinates": [ [ -46.618119, -23.545803, 734.69 ], [ -46.618973, -23.544539, 735.15 ], [ -46.617794, -23.543814, 735.04 ], [ -46.61828, -23.543117, 737.39 ], [ -46.619422, -23.543394, 734.43 ], [ -46.619484, -23.543478, 734.58 ], [ -46.619526, -23.543487, 734.7 ], [ -46.620466, -23.54207, 738.09 ], [ -46.621582, -23.542746, 734.5 ], [ -46.62169, -23.542794, 734.2 ], [ -46.622289, -23.542908, 734.33 ], [ -46.623714, -23.54321, 733.75 ], [ -46.623203, -23.544468, 734.3 ], [ -46.623854, -23.544547, 734.69 ], [ -46.623618, -23.545268, 734.74 ], [ -46.626433, -23.546557, 737.43 ], [ -46.626399, -23.546114, 736.05 ], [ -46.626345, -23.546084, 735.92 ], [ -46.626314, -23.545798, 735.29 ], [ -46.626283, -23.545052, 733.65 ], [ -46.626711, -23.545096, 732.89 ], [ -46.626764, -23.54491, 732.93 ], [ -46.628863, -23.545139, 733.19 ], [ -46.628951, -23.54511, 733.08 ], [ -46.629349, -23.545136, 732.32 ], [ -46.630179, -23.545287, 731.76 ], [ -46.630293, -23.545265, 731.82 ], [ -46.630617, -23.545361, 732.19 ], [ -46.630833, -23.545546, 731.85 ], [ -46.631066, -23.545794, 733.12 ], [ -46.631113, -23.54579, 733.23 ], [ -46.630923, -23.546074, 733.72 ], [ -46.630839, -23.546114, 733.59 ], [ -46.630495, -23.545923, 731.99 ], [ -46.630411, -23.545911, 731.79 ], [ -46.630372, -23.545918, 731.7 ], [ -46.630264, -23.545969, 731.44 ], [ -46.630149, -23.54612, 731.35 ], [ -46.629625, -23.54686, 731.93 ] ] }, "instructions": [ { "distance": 165.267, "heading": 328.24, "sign": 0, "interval": [ 0, 1 ], "text": "Continue onto Rua Martim Burchard", "time": 33053, "street_name": "Rua Martim Burchard" }, { "distance": 144.63, "sign": 2, "interval": [ 1, 2 ], "text": "Turn right onto Avenida Rangel Pestana", "time": 28926, "street_name": "Avenida Rangel Pestana" }, { "distance": 92.031, "sign": -2, "interval": [ 2, 3 ], "text": "Turn left onto Rua Domingos Paiva", "time": 18850, "street_name": "Rua Domingos Paiva" }, { "distance": 131.65, "sign": -2, "interval": [ 3, 5 ], "text": "Turn left onto Rua do Gasômetro", "time": 26330, "street_name": "Rua do Gasômetro" }, { "distance": 4.479, "sign": 1, "interval": [ 5, 6 ], "text": "Turn slight right onto Viaduto Gasômetro", "time": 896, "street_name": "Viaduto Gasômetro" }, { "distance": 184.532, "sign": 2, "interval": [ 6, 7 ], "text": "Turn right onto Rua Correia de Andrade", "time": 36680, "street_name": "Rua Correia de Andrade" }, { "distance": 360.139, "sign": -2, "interval": [ 7, 11 ], "text": "Turn left onto Rua Sampaio Moreira", "time": 72029, "street_name": "Rua Sampaio Moreira" }, { "distance": 149.245, "sign": -2, "interval": [ 11, 12 ], "text": "Turn left onto Rua da Alfândega", "time": 30092, "street_name": "Rua da Alfândega" }, { "distance": 66.888, "sign": 3, "interval": [ 12, 13 ], "text": "Turn sharp right onto Rua do Gasômetro", "time": 13378, "street_name": "Rua do Gasômetro" }, { "distance": 83.753, "sign": -2, "interval": [ 13, 14 ], "text": "Turn left onto Rua Monsenhor Anacleto", "time": 16751, "street_name": "Rua Monsenhor Anacleto" }, { "distance": 320.73, "sign": 2, "interval": [ 14, 15 ], "text": "Turn right onto Rua Maria Domitila", "time": 64869, "street_name": "Rua Maria Domitila" }, { "distance": 49.334, "sign": 3, "interval": [ 15, 16 ], "text": "Turn sharp right onto Rua da Figueira", "time": 9867, "street_name": "Rua da Figueira" }, { "distance": 656.87, "sign": 2, "interval": [ 16, 30 ], "text": "Turn right", "time": 181337, "street_name": "" }, { "distance": 36.99, "sign": -3, "interval": [ 30, 31 ], "text": "Turn sharp left", "time": 11097, "street_name": "" }, { "distance": 9.762, "sign": -7, "interval": [ 31, 32 ], "text": "Keep left onto Acesso às Plataformas 3, 4, 5, 6, 0 e 1", "time": 2929, "street_name": "Acesso às Plataformas 3, 4, 5, 6, 0 e 1" }, { "distance": 66.146, "sign": -2, "interval": [ 32, 36 ], "text": "Turn left", "time": 19230, "street_name": "" }, { "distance": 20.524, "sign": 1, "interval": [ 36, 37 ], "text": "Turn slight right toward BR-050", "time": 4105, "street_destination_ref": "BR-050", "street_name": "" }, { "street_ref": "BR-050", "distance": 98.324, "sign": 0, "interval": [ 37, 38 ], "text": "Continue onto Avenida do Estado", "time": 19665, "street_name": "Avenida do Estado" }, { "distance": 0.0, "sign": 4, "last_heading": 148.30439569166228, "interval": [ 38, 38 ], "text": "Arrive at destination", "time": 0, "street_name": "" } ], "legs": [ ], "details": { }, "ascend": 16.76715087890625, "descend": 19.525634765625, "snapped_waypoints": { "type": "LineString", "coordinates": [ [ -46.618119, -23.545803, 734.69 ], [ -46.629625, -23.54686, 731.93 ] ] } } ] }, "geometry": null },
{ "type": "Feature", "properties": { "hints": { "visited_nodes.sum": 68, "visited_nodes.average": 68.0 }, "info": { "copyrights": [ "GraphHopper", "OpenStreetMap contributors" ], "took": 1, "road_data_timestamp": "2024-09-03T15:00:00Z" }, "paths": [ { "distance": 1286.842, "weight": 428.353223, "time": 375082, "transfers": 0, "points_encoded": false, "bbox": [ -46.669791, -23.475792, -46.665604, -23.46928 ], "points": { "type": "LineString", "coordinates": [ [ -46.668366, -23.469544, 747.39 ], [ -46.66732, -23.469671, 748.38 ], [ -46.667053, -23.469695, 748.82 ], [ -46.66711, -23.469506, 749.0 ], [ -46.667077, -23.469427, 749.17 ], [ -46.666969, -23.46928, 749.53 ], [ -46.666787, -23.469462, 750.35 ], [ -46.665673, -23.470511, 759.74 ], [ -46.665604, -23.470548, 760.5 ], [ -46.666315, -23.471718, 758.02 ], [ -46.666677, -23.472351, 755.74 ], [ -46.667013, -23.47291, 753.7 ], [ -46.66711, -23.473125, 752.95 ], [ -46.667377, -23.473874, 750.45 ], [ -46.667404, -23.473899, 750.54 ], [ -46.667606, -23.474323, 752.58 ], [ -46.667777, -23.474533, 753.22 ], [ -46.669588, -23.475792, 754.48 ], [ -46.669751, -23.475551, 750.47 ], [ -46.669791, -23.475449, 749.18 ], [ -46.669754, -23.47544, 749.21 ], [ -46.669555, -23.475106, 745.89 ], [ -46.66948, -23.475027, 744.99 ], [ -46.669158, -23.47489, 744.32 ], [ -46.669037, -23.474803, 744.03 ], [ -46.669015, -23.474634, 743.65 ] ] }, "instructions": [ { "distance": 134.932, "heading": 97.57, "sign": 0, "interval": [ 0, 2 ], "text": "Continue onto Rua Mario de Sá Carneiro", "time": 26986, "street_name": "Rua Mario de Sá Carneiro" }, { "distance": 21.793, "sign": -3, "interval": [ 2, 3 ], "text": "Turn sharp left onto Rua Professor José Soares de Mello", "time": 4359, "street_name": "Rua Professor José Soares de Mello" }, { "distance": 29.082, "sign": 7, "interval": [ 3, 5 ], "text": "Keep right onto Rua Professor José Soares de Mello", "time": 5816, "street_name": "Rua Professor José Soares de Mello" }, { "distance": 198.864, "sign": 3, "interval": [ 5, 8 ], "text": "Turn sharp right onto Avenida General Penha Brasil", "time": 43816, "street_name": "Avenida General Penha Brasil" }, { "distance": 413.115, "sign": 2, "interval": [ 8, 13 ], "text": "Turn right onto Avenida Parada Pinto", "time": 82624, "street_name": "Avenida Parada Pinto" }, { "distance": 316.319, "sign": 7, "interval": [ 13, 17 ], "text": "Keep right onto Avenida Parada Pinto", "time": 63915, "street_name": "Avenida Parada Pinto" }, { "distance": 47.811, "sign": 2, "interval": [ 17, 20 ], "text": "Turn right", "time": 39562, "street_name": "" }, { "distance": 124.926, "sign": -2, "interval": [ 20, 25 ], "text": "Turn left", "time": 108004, "street_name": "" }, { "distance": 0.0, "sign": 4, "last_heading": 6.881223119521187, "interval": [ 25, 25 ], "text": "Arrive at destination", "time": 0, "street_name": "" } ], "legs": [ ], "details": { }, "ascend": 17.2001953125, "descend": 20.94073486328125, "snapped_waypoints": { "type": "LineString", "coordinates": [ [ -46.668366, -23.469544, 747.39 ], [ -46.669015, -23.474634, 743.65 ] ] } } ] }, "geometry": null },
{ "type": "Feature", "properties": { "hints": { "visited_nodes.sum": 62, "visited_nodes.average": 62.0 }, "info": { "copyrights": [ "GraphHopper", "OpenStreetMap contributors" ], "took": 1, "road_data_timestamp": "2024-09-03T15:00:00Z" }, "paths": [ { "distance": 1310.087, "weight": 429.461316, "time": 265004, "transfers": 0, "points_encoded": false, "bbox": [ -46.586178, -23.592684, -46.584144, -23.584034 ], "points": { "type": "LineString", "coordinates": [ [ -46.584144, -23.592257, 743.64 ], [ -46.584426, -23.592381, 743.36 ], [ -46.584805, -23.592594, 742.98 ], [ -46.584938, -23.592684, 742.85 ], [ -46.585532, -23.592387, 742.49 ], [ -46.585709, -23.592274, 742.37 ], [ -46.585908, -23.592124, 742.23 ], [ -46.586056, -23.591989, 742.12 ], [ -46.586178, -23.591845, 742.03 ], [ -46.585667, -23.591511, 740.21 ], [ -46.585725, -23.591363, 740.27 ], [ -46.586, -23.590465, 739.64 ], [ -46.585755, -23.59022, 743.8 ], [ -46.585719, -23.590178, 744.41 ], [ -46.585678, -23.590106, 745.32 ], [ -46.585641, -23.589867, 746.74 ], [ -46.58521, -23.589451, 750.93 ], [ -46.584549, -23.588838, 747.51 ], [ -46.584431, -23.588657, 746.95 ], [ -46.584401, -23.588579, 746.74 ], [ -46.584369, -23.588436, 746.37 ], [ -46.584347, -23.588277, 745.84 ], [ -46.584421, -23.588179, 745.32 ], [ -46.584649, -23.587283, 742.05 ], [ -46.584656, -23.587172, 741.81 ], [ -46.584653, -23.586998, 741.43 ], [ -46.584626, -23.586631, 740.62 ], [ -46.584587, -23.586394, 740.1 ], [ -46.584516, -23.586201, 739.64 ], [ -46.584296, -23.585702, 739.04 ], [ -46.58427, -23.585603, 739.23 ], [ -46.584265, -23.58549, 739.46 ], [ -46.584273, -23.584898, 740.77 ], [ -46.58437, -23.58405, 739.48 ], [ -46.584827, -23.584034, 739.25 ], [ -46.585196, -23.584042, 739.85 ] ] }, "instructions": [ { "distance": 94.056, "heading": 248.38, "sign": 0, "interval": [ 0, 3 ], "text": "Continue onto Rua Jacaraípe", "time": 18811, "street_name": "Rua Jacaraípe" }, { "distance": 158.73, "sign": 2, "interval": [ 3, 8 ], "text": "Turn right onto Avenida Doutor Francisco Mesquita", "time": 31746, "street_name": "Avenida Doutor Francisco Mesquita" }, { "distance": 64.008, "sign": 2, "interval": [ 8, 9 ], "text": "Turn right onto Rua Ernesto Franco", "time": 12802, "street_name": "Rua Ernesto Franco" }, { "distance": 121.266, "sign": -2, "interval": [ 9, 11 ], "text": "Turn left onto Rua Maparis", "time": 24253, "street_name": "Rua Maparis" }, { "distance": 37.181, "sign": 2, "interval": [ 11, 12 ], "text": "Turn right onto Rua Tomás Izzo", "time": 9295, "street_name": "Rua Tomás Izzo" }, { "distance": 41.941, "sign": 0, "interval": [ 12, 15 ], "text": "Continue onto Rua Tomás Izzo", "time": 9738, "street_name": "Rua Tomás Izzo" }, { "distance": 159.837, "sign": 1, "interval": [ 15, 17 ], "text": "Turn slight right onto Rua Tomás Izzo", "time": 31985, "street_name": "Rua Tomás Izzo" }, { "distance": 66.793, "sign": -7, "interval": [ 17, 21 ], "text": "Keep left onto Rua Tomás Izzo", "time": 13359, "street_name": "Rua Tomás Izzo" }, { "distance": 482.05, "sign": -1, "interval": [ 21, 33 ], "text": "Turn slight left onto Rua Ibitirama", "time": 96170, "street_name": "Rua Ibitirama" }, { "distance": 84.225, "sign": -2, "interval": [ 33, 35 ], "text": "Turn left onto Avenida Professor Luiz Ignácio Anhaia Mello", "time": 16845, "street_name": "Avenida Professor Luiz Ignácio Anhaia Mello" }, { "distance": 0.0, "sign": 4, "last_heading": 266.4884000932972, "interval": [ 35, 35 ], "text": "Arrive at destination", "time": 0, "street_name": "" } ], "legs": [ ], "details": { }, "ascend": 14.18438720703125, "descend": 17.97637939453125, "snapped_waypoints": { "type": "LineString", "coordinates": [ [ -46.584144, -23.592257, 743.64 ], [ -46.585196, -23.584042, 739.85 ] ] } } ] }, "geometry": null },
{ "type": "Feature", "properties": { "hints": { "visited_nodes.sum": 68, "visited_nodes.average": 68.0 }, "info": { "copyrights": [ "GraphHopper", "OpenStreetMap contributors" ], "took": 1, "road_data_timestamp": "2024-09-03T15:00:00Z" }, "paths": [ { "distance": 745.741, "weight": 240.026556, "time": 281771, "transfers": 0, "points_encoded": false, "bbox": [ -46.475821, -23.517874, -46.472393, -23.516326 ], "points": { "type": "LineString", "coordinates": [ [ -46.472393, -23.516572, 775.75 ], [ -46.472465, -23.516559, 775.62 ], [ -46.472448, -23.516334, 773.85 ], [ -46.472509, -23.516326, 773.89 ], [ -46.472737, -23.516694, 778.14 ], [ -46.472897, -23.516996, 781.51 ], [ -46.473034, -23.517216, 784.06 ], [ -46.472442, -23.517287, 783.85 ], [ -46.472425, -23.517328, 784.0 ], [ -46.472432, -23.517442, 784.43 ], [ -46.472479, -23.517765, 785.48 ], [ -46.472485, -23.517874, 785.86 ], [ -46.472657, -23.517861, 785.4 ], [ -46.473574, -23.517749, 788.17 ], [ -46.473707, -23.517725, 788.64 ], [ -46.473715, -23.517665, 788.69 ], [ -46.473756, -23.517574, 788.77 ], [ -46.47389, -23.517335, 788.99 ], [ -46.47392, -23.51726, 789.05 ], [ -46.473936, -23.517196, 788.93 ], [ -46.473953, -23.516996, 788.57 ], [ -46.474775, -23.517043, 792.87 ], [ -46.475097, -23.517068, 793.64 ], [ -46.475487, -23.51712, 792.6 ], [ -46.475506, -23.517109, 792.49 ], [ -46.475646, -23.517062, 791.63 ], [ -46.475701, -23.517058, 791.31 ], [ -46.475768, -23.517079, 790.9 ], [ -46.475794, -23.517107, 790.83 ], [ -46.475807, -23.517153, 790.86 ], [ -46.475812, -23.517295, 790.94 ], [ -46.475759, -23.517616, 791.12 ], [ -46.475821, -23.517624, 790.71 ] ] }, "instructions": [ { "distance": 7.44, "heading": 281.47, "sign": 0, "interval": [ 0, 1 ], "text": "Continue", "time": 1674, "street_name": "" }, { "distance": 25.064, "sign": 2, "interval": [ 1, 2 ], "text": "Turn right", "time": 5127, "street_name": "" }, { "distance": 6.266, "sign": -2, "interval": [ 2, 3 ], "text": "Turn left", "time": 1410, "street_name": "" }, { "distance": 113.002, "sign": -2, "interval": [ 3, 6 ], "text": "Turn left", "time": 127127, "street_name": "" }, { "distance": 60.899, "sign": -3, "interval": [ 6, 7 ], "text": "Turn sharp left", "time": 18270, "street_name": "" }, { "distance": 65.964, "sign": 2, "interval": [ 7, 11 ], "text": "Turn right", "time": 19789, "street_name": "" }, { "distance": 125.774, "sign": 2, "interval": [ 11, 14 ], "text": "Turn right onto Rua Consus", "time": 26226, "street_name": "Rua Consus" }, { "distance": 85.963, "sign": 2, "interval": [ 14, 20 ], "text": "Turn right onto Rua Olegário Maciel", "time": 17192, "street_name": "Rua Olegário Maciel" }, { "distance": 157.28, "sign": -2, "interval": [ 20, 23 ], "text": "Turn left onto Rua Graviola", "time": 33323, "street_name": "Rua Graviola" }, { "distance": 2.273, "sign": 1, "interval": [ 23, 24 ], "text": "Turn slight right onto Estrada do Imperador", "time": 455, "street_name": "Estrada do Imperador" }, { "distance": 89.422, "sign": -7, "interval": [ 24, 31 ], "text": "Keep left", "time": 25947, "street_name": "" }, { "distance": 6.394, "sign": 2, "interval": [ 31, 32 ], "text": "Turn right", "time": 5231, "street_name": "" }, { "distance": 0.0, "sign": 4, "last_heading": 261.99068140152025, "interval": [ 32, 32 ], "text": "Arrive at destination", "time": 0, "street_name": "" } ], "legs": [ ], "details": { }, "ascend": 21.6927490234375, "descend": 6.7352294921875, "snapped_waypoints": { "type": "LineString", "coordinates": [ [ -46.472393, -23.516572, 775.75 ], [ -46.475821, -23.517624, 790.71 ] ] } } ] }, "geometry": null },
{ "type": "Feature", "properties": { "hints": { "visited_nodes.sum": 34, "visited_nodes.average": 34.0 }, "info": { "copyrights": [ "GraphHopper", "OpenStreetMap contributors" ], "took": 1, "road_data_timestamp": "2024-09-03T15:00:00Z" }, "paths": [ { "distance": 716.448, "weight": 149.631751, "time": 170815, "transfers": 0, "points_encoded": false, "bbox": [ -46.645523, -23.650301, -46.64111, -23.646708 ], "points": { "type": "LineString", "coordinates": [ [ -46.644462, -23.650207, 779.67 ], [ -46.644565, -23.650301, 779.29 ], [ -46.645523, -23.649772, 775.94 ], [ -46.645452, -23.649665, 777.24 ], [ -46.645276, -23.649438, 779.85 ], [ -46.645148, -23.64931, 781.59 ], [ -46.645068, -23.64924, 782.61 ], [ -46.644964, -23.649175, 783.76 ], [ -46.644922, -23.649138, 784.3 ], [ -46.64491, -23.649116, 784.51 ], [ -46.644728, -23.649013, 785.92 ], [ -46.643434, -23.648355, 798.33 ], [ -46.641826, -23.647453, 806.46 ], [ -46.641217, -23.647083, 810.67 ], [ -46.641171, -23.647045, 811.03 ], [ -46.64113, -23.646971, 811.55 ], [ -46.641117, -23.646929, 811.83 ], [ -46.64111, -23.646861, 812.25 ], [ -46.641116, -23.646788, 812.24 ], [ -46.641225, -23.646708, 812.75 ] ] }, "instructions": [ { "distance": 14.817, "heading": 224.87, "sign": 0, "interval": [ 0, 1 ], "text": "Continue onto Rua Nadra Rafoul Mokodsi", "time": 13335, "street_name": "Rua Nadra Rafoul Mokodsi" }, { "distance": 113.954, "sign": 2, "interval": [ 1, 2 ], "text": "Turn right onto Alameda Ibiracemas", "time": 22791, "street_name": "Alameda Ibiracemas" }, { "distance": 13.923, "sign": 2, "interval": [ 2, 3 ], "text": "Turn right onto Rua dos Buritis", "time": 2785, "street_name": "Rua dos Buritis" }, { "distance": 31.126, "sign": 0, "interval": [ 3, 4 ], "text": "Continue onto Rua dos Buritis", "time": 7782, "street_name": "Rua dos Buritis" }, { "exit_number": 1, "distance": 528.328, "sign": 6, "exited": true, "turn_angle": -2.74, "interval": [ 4, 18 ], "text": "At roundabout, take exit 1 onto Rua das Grumixamas", "time": 120944, "street_name": "Rua das Grumixamas" }, { "distance": 14.3, "sign": -2, "interval": [ 18, 19 ], "text": "Turn left onto Rua dos Jequitibás", "time": 3178, "street_name": "Rua dos Jequitibás" }, { "distance": 0.0, "sign": 4, "last_heading": 308.6179867692666, "interval": [ 19, 19 ], "text": "Arrive at destination", "time": 0, "street_name": "" } ], "legs": [ ], "details": { }, "ascend": 36.822998046875, "descend": 3.7440185546875, "snapped_waypoints": { "type": "LineString", "coordinates": [ [ -46.644462, -23.650207, 779.67 ], [ -46.641225, -23.646708, 812.75 ] ] } } ] }, "geometry": null },
{ "type": "Feature", "properties": { "hints": { "visited_nodes.sum": 106, "visited_nodes.average": 106.0 }, "info": { "copyrights": [ "GraphHopper", "OpenStreetMap contributors" ], "took": 2, "road_data_timestamp": "2024-09-03T15:00:00Z" }, "paths": [ { "distance": 1528.854, "weight": 877.622588, "time": 471329, "transfers": 0, "points_encoded": false, "bbox": [ -46.625136, -23.517092, -46.619376, -23.510009 ], "points": { "type": "LineString", "coordinates": [ [ -46.619376, -23.510009, 729.1 ], [ -46.619532, -23.510081, 729.13 ], [ -46.61978, -23.510174, 729.17 ], [ -46.620062, -23.510187, 729.21 ], [ -46.620074, -23.510197, 729.21 ], [ -46.620086, -23.510335, 729.24 ], [ -46.620017, -23.510629, 729.51 ], [ -46.620547, -23.510889, 727.51 ], [ -46.621086, -23.511131, 725.51 ], [ -46.621456, -23.511263, 725.04 ], [ -46.621897, -23.511391, 725.82 ], [ -46.622022, -23.511413, 725.88 ], [ -46.622534, -23.511476, 725.33 ], [ -46.625027, -23.511422, 727.71 ], [ -46.625136, -23.515231, 729.66 ], [ -46.624925, -23.515246, 728.94 ], [ -46.624984, -23.516547, 729.51 ], [ -46.624704, -23.516552, 729.33 ], [ -46.62471, -23.516668, 729.33 ], [ -46.624835, -23.516769, 729.3 ], [ -46.624803, -23.516802, 729.29 ], [ -46.625019, -23.516996, 728.88 ], [ -46.625073, -23.517092, 728.72 ], [ -46.625018, -23.516298, 729.75 ], [ -46.624997, -23.515495, 729.48 ] ] }, "instructions": [ { "distance": 124.411, "heading": 243.15, "sign": 0, "interval": [ 0, 6 ], "text": "Continue", "time": 37323, "street_name": "" }, { "distance": 530.13, "sign": 2, "interval": [ 6, 13 ], "text": "Turn right onto Avenida Zaki Narchi", "time": 106025, "street_name": "Avenida Zaki Narchi" }, { "distance": 423.661, "sign": -2, "interval": [ 13, 14 ], "text": "Turn left onto Ciclovia Avenida Cruzeiro do Sul", "time": 84732, "street_name": "Ciclovia Avenida Cruzeiro do Sul" }, { "distance": 21.664, "sign": -2, "interval": [ 14, 15 ], "text": "Turn left", "time": 6500, "street_name": "" }, { "distance": 144.777, "sign": 2, "interval": [ 15, 16 ], "text": "Turn right", "time": 130300, "street_name": "" }, { "distance": 28.576, "sign": -2, "interval": [ 16, 17 ], "text": "Turn left", "time": 8573, "street_name": "" }, { "distance": 29.984, "sign": 2, "interval": [ 17, 19 ], "text": "Turn right", "time": 26986, "street_name": "" }, { "distance": 4.902, "sign": -2, "interval": [ 19, 20 ], "text": "Turn left", "time": 4412, "street_name": "" }, { "distance": 42.939, "sign": 2, "interval": [ 20, 22 ], "text": "Turn right", "time": 30916, "street_name": "" }, { "distance": 177.81, "sign": 3, "interval": [ 22, 24 ], "text": "Turn sharp right onto Avenida Cruzeiro do Sul", "time": 35562, "street_name": "Avenida Cruzeiro do Sul" }, { "distance": 0.0, "sign": 4, "last_heading": 1.3235325067522017, "interval": [ 24, 24 ], "text": "Arrive at destination", "time": 0, "street_name": "" } ], "legs": [ ], "details": { }, "ascend": 8.58709716796875, "descend": 8.2060546875, "snapped_waypoints": { "type": "LineString", "coordinates": [ [ -46.619376, -23.510009, 729.1 ], [ -46.624997, -23.515495, 729.48 ] ] } } ] }, "geometry": null },
{ "type": "Feature", "properties": { "hints": { "visited_nodes.sum": 138, "visited_nodes.average": 138.0 }, "info": { "copyrights": [ "GraphHopper", "OpenStreetMap contributors" ], "took": 1, "road_data_timestamp": "2024-09-03T15:00:00Z" }, "paths": [ { "distance": 2184.544, "weight": 632.549079, "time": 628146, "transfers": 0, "points_encoded": false, "bbox": [ -46.526141, -23.558616, -46.521995, -23.547014 ], "points": { "type": "LineString", "coordinates": [ [ -46.523656, -23.548131, 750.89 ], [ -46.523739, -23.548146, 749.88 ], [ -46.524036, -23.548135, 745.01 ], [ -46.524171, -23.548099, 744.71 ], [ -46.524299, -23.548039, 744.41 ], [ -46.524549, -23.547883, 743.76 ], [ -46.524632, -23.547809, 743.52 ], [ -46.524698, -23.547736, 743.3 ], [ -46.524826, -23.547558, 742.8 ], [ -46.52499, -23.547305, 742.12 ], [ -46.525042, -23.547249, 742.05 ], [ -46.525132, -23.547181, 741.32 ], [ -46.525335, -23.547069, 739.86 ], [ -46.525457, -23.547014, 739.03 ], [ -46.525618, -23.547218, 738.2 ], [ -46.525836, -23.547552, 738.02 ], [ -46.525896, -23.547609, 738.14 ], [ -46.52596, -23.547712, 738.44 ], [ -46.526083, -23.547862, 739.16 ], [ -46.526141, -23.547918, 739.3 ], [ -46.526057, -23.547976, 739.47 ], [ -46.525737, -23.548237, 739.32 ], [ -46.5255, -23.548478, 739.2 ], [ -46.525262, -23.548755, 739.07 ], [ -46.524981, -23.549159, 738.9 ], [ -46.524684, -23.549563, 738.72 ], [ -46.524442, -23.549867, 738.58 ], [ -46.524248, -23.550064, 738.48 ], [ -46.523988, -23.55025, 738.38 ], [ -46.523382, -23.550635, 739.3 ], [ -46.523452, -23.550732, 739.33 ], [ -46.522863, -23.551058, 740.43 ], [ -46.522962, -23.551331, 740.64 ], [ -46.52338, -23.552385, 741.98 ], [ -46.523066, -23.552521, 742.08 ], [ -46.524172, -23.555404, 746.84 ], [ -46.523725, -23.555688, 747.13 ], [ -46.523234, -23.556033, 747.55 ], [ -46.523522, -23.556408, 748.05 ], [ -46.522747, -23.556914, 750.15 ], [ -46.523289, -23.557648, 752.92 ], [ -46.523329, -23.557723, 753.56 ], [ -46.523085, -23.557809, 753.1 ], [ -46.522938, -23.557869, 752.77 ], [ -46.522732, -23.557967, 752.31 ], [ -46.521995, -23.558454, 750.57 ], [ -46.522033, -23.558533, 750.73 ], [ -46.522215, -23.558425, 750.96 ], [ -46.522241, -23.558374, 751.08 ], [ -46.522661, -23.558117, 752.21 ], [ -46.52295, -23.557952, 752.97 ], [ -46.523247, -23.558412, 756.91 ], [ -46.522875, -23.558616, 753.42 ], [ -46.522706, -23.558378, 751.93 ] ] }, "instructions": [ { "distance": 236.114, "heading": 258.94, "sign": 0, "interval": [ 0, 13 ], "text": "Continue onto Rua Ataúlfo de Paiva", "time": 45597, "street_name": "Rua Ataúlfo de Paiva" }, { "distance": 71.295, "sign": -2, "interval": [ 13, 15 ], "text": "Turn left onto Rua Arquiteto Heitor de Melo", "time": 14259, "street_name": "Rua Arquiteto Heitor de Melo" }, { "distance": 51.418, "sign": 7, "interval": [ 15, 19 ], "text": "Keep right onto Rua Arquiteto Heitor de Melo", "time": 10548, "street_name": "Rua Arquiteto Heitor de Melo" }, { "street_ref": "SP-010, BR-381", "distance": 417.262, "sign": -2, "interval": [ 19, 29 ], "text": "Turn left onto Avenida Aricanduva (Expressa)", "time": 83452, "street_name": "Avenida Aricanduva (Expressa)" }, { "distance": 12.888, "sign": 2, "interval": [ 29, 30 ], "text": "Turn right", "time": 11599, "street_name": "" }, { "distance": 70.217, "sign": -2, "interval": [ 30, 31 ], "text": "Turn left onto Avenida Aricanduva", "time": 14044, "street_name": "Avenida Aricanduva" }, { "distance": 156.662, "sign": 2, "interval": [ 31, 33 ], "text": "Turn right onto Rua Barão de Itamaracá", "time": 31333, "street_name": "Rua Barão de Itamaracá" }, { "distance": 35.377, "sign": -2, "interval": [ 33, 34 ], "text": "Turn left onto Rua Magure", "time": 7075, "street_name": "Rua Magure" }, { "distance": 339.827, "sign": 2, "interval": [ 34, 35 ], "text": "Turn right onto Rua Doutor Cristiano Altenfelder Silva", "time": 67966, "street_name": "Rua Doutor Cristiano Altenfelder Silva" }, { "distance": 118.5, "sign": -2, "interval": [ 35, 37 ], "text": "Turn left onto Rua Germek", "time": 23700, "street_name": "Rua Germek" }, { "distance": 50.967, "sign": 2, "interval": [ 37, 38 ], "text": "Turn right onto Rua Coronel Amaro Sobrinho", "time": 10193, "street_name": "Rua Coronel Amaro Sobrinho" }, { "distance": 96.982, "sign": -2, "interval": [ 38, 39 ], "text": "Turn left onto Rua José de Assis", "time": 19396, "street_name": "Rua José de Assis" }, { "distance": 107.989, "sign": 2, "interval": [ 39, 41 ], "text": "Turn right onto Rua Felisbina Ferreira", "time": 21805, "street_name": "Rua Felisbina Ferreira" }, { "distance": 159.306, "sign": -2, "interval": [ 41, 45 ], "text": "Turn left onto Avenida 19 de Janeiro", "time": 31861, "street_name": "Avenida 19 de Janeiro" }, { "distance": 9.653, "sign": 2, "interval": [ 45, 46 ], "text": "Turn right", "time": 8688, "street_name": "" }, { "distance": 174.108, "sign": 2, "interval": [ 46, 51 ], "text": "Turn right", "time": 163553, "street_name": "" }, { "distance": 44.312, "sign": -2, "interval": [ 51, 52 ], "text": "Turn left", "time": 36255, "street_name": "" }, { "distance": 31.667, "sign": -2, "interval": [ 52, 53 ], "text": "Turn left", "time": 26822, "street_name": "" }, { "distance": 0.0, "sign": 4, "last_heading": 32.91069575231449, "interval": [ 53, 53 ], "text": "Arrive at destination", "time": 0, "street_name": "" } ], "legs": [ ], "details": { }, "ascend": 22.955078125, "descend": 21.91607666015625, "snapped_waypoints": { "type": "LineString", "coordinates": [ [ -46.523656, -23.548131, 750.89 ], [ -46.522706, -23.558378, 751.93 ] ] } } ] }, "geometry": null },
{ "type": "Feature", "properties": { "hints": { "visited_nodes.sum": 118, "visited_nodes.average": 118.0 }, "info": { "copyrights": [ "GraphHopper", "OpenStreetMap contributors" ], "took": 1, "road_data_timestamp": "2024-09-03T15:00:00Z" }, "paths": [ { "distance": 1957.291, "weight": 602.502657, "time": 576132, "transfers": 0, "points_encoded": false, "bbox": [ -46.70542, -23.735858, -46.695462, -23.729245 ], "points": { "type": "LineString", "coordinates": [ [ -46.70542, -23.729257, 766.71 ], [ -46.705404, -23.729308, 767.01 ], [ -46.705281, -23.729488, 768.21 ], [ -46.705241, -23.729563, 768.68 ], [ -46.70523, -23.729565, 768.78 ], [ -46.705203, -23.729551, 769.01 ], [ -46.705127, -23.729639, 769.78 ], [ -46.705023, -23.729742, 770.75 ], [ -46.70463, -23.729722, 772.27 ], [ -46.704552, -23.729695, 772.57 ], [ -46.704468, -23.729655, 772.92 ], [ -46.704349, -23.729795, 774.71 ], [ -46.704343, -23.729662, 774.96 ], [ -46.704308, -23.72943, 775.39 ], [ -46.704261, -23.729245, 775.73 ], [ -46.703898, -23.729657, 782.15 ], [ -46.703773, -23.72981, 784.46 ], [ -46.703751, -23.729934, 784.84 ], [ -46.703747, -23.73005, 785.19 ], [ -46.703778, -23.730437, 786.35 ], [ -46.703795, -23.730917, 787.78 ], [ -46.703787, -23.731022, 788.1 ], [ -46.703655, -23.731386, 790.3 ], [ -46.70358, -23.731555, 790.95 ], [ -46.703354, -23.732108, 793.05 ], [ -46.70328, -23.732211, 793.49 ], [ -46.70282, -23.732666, 796.53 ], [ -46.702521, -23.733034, 799.67 ], [ -46.702408, -23.733192, 801.63 ], [ -46.702291, -23.733328, 803.43 ], [ -46.702223, -23.733383, 804.29 ], [ -46.70201, -23.733491, 806.46 ], [ -46.701426, -23.733702, 808.86 ], [ -46.701587, -23.734579, 806.26 ], [ -46.701632, -23.734744, 805.77 ], [ -46.700664, -23.735093, 806.8 ], [ -46.700491, -23.735131, 805.94 ], [ -46.700391, -23.735145, 805.45 ], [ -46.700163, -23.735158, 804.34 ], [ -46.699851, -23.735117, 800.53 ], [ -46.699555, -23.735054, 796.76 ], [ -46.699419, -23.735053, 795.17 ], [ -46.69922, -23.735079, 793.02 ], [ -46.699115, -23.735084, 791.81 ], [ -46.699098, -23.734986, 790.66 ], [ -46.699027, -23.734703, 789.34 ], [ -46.698899, -23.73437, 787.74 ], [ -46.69867, -23.733859, 785.52 ], [ -46.698352, -23.733301, 782.99 ], [ -46.698256, -23.733339, 782.04 ], [ -46.698211, -23.733254, 781.62 ], [ -46.698094, -23.7333, 780.48 ], [ -46.697996, -23.733325, 779.57 ], [ -46.697869, -23.733335, 778.43 ], [ -46.69777, -23.733325, 777.54 ], [ -46.697349, -23.733237, 773.92 ], [ -46.697156, -23.733237, 773.63 ], [ -46.696975, -23.733252, 773.36 ], [ -46.696814, -23.733298, 773.11 ], [ -46.696675, -23.73335, 772.88 ], [ -46.696604, -23.733388, 772.76 ], [ -46.69648, -23.733484, 772.52 ], [ -46.696377, -23.733605, 772.27 ], [ -46.69634, -23.733666, 772.15 ], [ -46.696259, -23.733847, 772.01 ], [ -46.696106, -23.734482, 773.9 ], [ -46.696049, -23.73465, 774.32 ], [ -46.696007, -23.734731, 774.33 ], [ -46.69592, -23.734846, 774.34 ], [ -46.695462, -23.735294, 773.82 ], [ -46.695524, -23.735428, 774.25 ], [ -46.695607, -23.73536, 774.58 ], [ -46.695612, -23.735468, 774.98 ], [ -46.695683, -23.735627, 775.77 ], [ -46.695873, -23.735858, 778.08 ] ] }, "instructions": [ { "distance": 43.24, "heading": 163.76, "sign": 0, "interval": [ 0, 5 ], "text": "Continue onto Travessa Tamboré", "time": 43240, "street_name": "Travessa Tamboré" }, { "distance": 28.063, "sign": 2, "interval": [ 5, 7 ], "text": "Turn right onto Travessa Tamboré", "time": 28063, "street_name": "Travessa Tamboré" }, { "distance": 58.282, "sign": -2, "interval": [ 7, 10 ], "text": "Turn left onto Travessa Álvares Correia", "time": 58282, "street_name": "Travessa Álvares Correia" }, { "distance": 19.752, "sign": 2, "interval": [ 10, 11 ], "text": "Turn right onto Rua Fajao", "time": 22221, "street_name": "Rua Fajao" }, { "distance": 61.964, "sign": -3, "interval": [ 11, 14 ], "text": "Turn sharp left onto Rua Álvares Correia", "time": 12393, "street_name": "Rua Álvares Correia" }, { "distance": 80.558, "sign": 3, "interval": [ 14, 16 ], "text": "Turn sharp right onto Rua Jangada Nova", "time": 20140, "street_name": "Rua Jangada Nova" }, { "distance": 536.294, "sign": 1, "interval": [ 16, 32 ], "text": "Turn slight right onto Rua Contos Amazonicos", "time": 114884, "street_name": "Rua Contos Amazonicos" }, { "distance": 117.942, "sign": 2, "interval": [ 32, 34 ], "text": "Turn right onto Rua Altino Martins da Vitória", "time": 23588, "street_name": "Rua Altino Martins da Vitória" }, { "distance": 235.1, "sign": -2, "interval": [ 34, 41 ], "text": "Turn left onto Rua Oscar Nelson", "time": 45802, "street_name": "Rua Oscar Nelson" }, { "distance": 31.407, "sign": 7, "interval": [ 41, 43 ], "text": "Keep right onto Rua Oscar Nelson", "time": 5710, "street_name": "Rua Oscar Nelson" }, { "distance": 224.856, "sign": -2, "interval": [ 43, 49 ], "text": "Turn left onto Ciclovia Avenida Senador Teotônio Vilela", "time": 40883, "street_name": "Ciclovia Avenida Senador Teotônio Vilela" }, { "distance": 10.507, "sign": -2, "interval": [ 49, 50 ], "text": "Turn left onto Avenida Senador Teotônio Vilela", "time": 1910, "street_name": "Avenida Senador Teotônio Vilela" }, { "distance": 418.513, "sign": 2, "interval": [ 50, 69 ], "text": "Turn right onto Avenida Dona Belmira Marin", "time": 82290, "street_name": "Avenida Dona Belmira Marin" }, { "distance": 16.197, "sign": 2, "interval": [ 69, 70 ], "text": "Turn right onto Rua Giovanni Bononcini", "time": 3239, "street_name": "Rua Giovanni Bononcini" }, { "distance": 11.298, "sign": 3, "interval": [ 70, 71 ], "text": "Turn sharp right", "time": 10168, "street_name": "" }, { "distance": 63.319, "sign": -3, "interval": [ 71, 74 ], "text": "Turn sharp left", "time": 63319, "street_name": "" }, { "distance": 0.0, "sign": 4, "last_heading": 216.97911701604275, "interval": [ 74, 74 ], "text": "Arrive at destination", "time": 0, "street_name": "" } ], "legs": [ ], "details": { }, "ascend": 51.01751708984375, "descend": 39.6480712890625, "snapped_waypoints": { "type": "LineString", "coordinates": [ [ -46.70542, -23.729257, 766.71 ], [ -46.695873, -23.735858, 778.08 ] ] } } ] }, "geometry": null },
{ "type": "Feature", "properties": { "hints": { "visited_nodes.sum": 106, "visited_nodes.average": 106.0 }, "info": { "copyrights": [ "GraphHopper", "OpenStreetMap contributors" ], "took": 2, "road_data_timestamp": "2024-09-03T15:00:00Z" }, "paths": [ { "distance": 1393.555, "weight": 445.119217, "time": 299642, "transfers": 0, "points_encoded": false, "bbox": [ -46.774093, -23.692602, -46.7702, -23.688275 ], "points": { "type": "LineString", "coordinates": [ [ -46.770243, -23.692602, 828.29 ], [ -46.7702, -23.692409, 829.53 ], [ -46.770216, -23.69243, 830.13 ], [ -46.770248, -23.692431, 830.82 ], [ -46.770274, -23.69242, 831.46 ], [ -46.770431, -23.691874, 837.94 ], [ -46.770467, -23.691774, 839.21 ], [ -46.770493, -23.691732, 839.8 ], [ -46.770535, -23.691685, 840.45 ], [ -46.770294, -23.690651, 841.04 ], [ -46.770292, -23.690587, 841.07 ], [ -46.770317, -23.690449, 841.15 ], [ -46.770443, -23.690245, 840.03 ], [ -46.770649, -23.690017, 838.59 ], [ -46.77075, -23.689863, 837.79 ], [ -46.771109, -23.689831, 837.2 ], [ -46.771614, -23.689729, 829.89 ], [ -46.771808, -23.690507, 831.96 ], [ -46.771914, -23.690294, 829.62 ], [ -46.772308, -23.689184, 817.99 ], [ -46.772689, -23.689637, 813.03 ], [ -46.773149, -23.69014, 817.19 ], [ -46.773384, -23.689696, 809.39 ], [ -46.773463, -23.689599, 807.47 ], [ -46.773111, -23.689207, 808.52 ], [ -46.772374, -23.688357, 810.77 ], [ -46.772479, -23.688275, 808.12 ], [ -46.77388, -23.689871, 810.89 ], [ -46.773921, -23.689836, 811.11 ], [ -46.773963, -23.689779, 811.41 ], [ -46.774002, -23.689696, 811.78 ], [ -46.774045, -23.689799, 812.4 ], [ -46.774093, -23.689984, 813.45 ], [ -46.774092, -23.690056, 813.85 ], [ -46.774078, -23.690106, 814.09 ], [ -46.773983, -23.690177, 814.19 ], [ -46.774066, -23.690262, 816.1 ] ] }, "instructions": [ { "distance": 21.928, "heading": 11.7, "sign": 0, "interval": [ 0, 1 ], "text": "Continue", "time": 4873, "street_name": "" }, { "distance": 96.267, "sign": -3, "interval": [ 1, 8 ], "text": "Turn sharp left onto Rua José da Costa Lima", "time": 35439, "street_name": "Rua José da Costa Lima" }, { "distance": 219.343, "sign": 2, "interval": [ 8, 14 ], "text": "Turn right onto Rua Bento Rodrigues", "time": 42432, "street_name": "Rua Bento Rodrigues" }, { "distance": 89.865, "sign": -2, "interval": [ 14, 16 ], "text": "Turn left onto Rua Camapuã", "time": 17005, "street_name": "Rua Camapuã" }, { "distance": 88.762, "sign": -2, "interval": [ 16, 17 ], "text": "Turn left onto Rua Antônio Victor de Oliveira", "time": 17752, "street_name": "Rua Antônio Victor de Oliveira" }, { "distance": 156.492, "sign": 3, "interval": [ 17, 19 ], "text": "Turn sharp right onto Rua Eliza Antônia de Andrade", "time": 28453, "street_name": "Rua Eliza Antônia de Andrade" }, { "distance": 136.846, "sign": -3, "interval": [ 19, 21 ], "text": "Turn sharp left onto Rua Marcelino Coelho", "time": 27830, "street_name": "Rua Marcelino Coelho" }, { "distance": 68.946, "sign": 3, "interval": [ 21, 23 ], "text": "Turn sharp right onto Rua Ribas do Rio Pardo", "time": 12536, "street_name": "Rua Ribas do Rio Pardo" }, { "street_ref": "SP-214", "distance": 177.123, "sign": 2, "interval": [ 23, 25 ], "text": "Turn right onto Estrada do M'Boi Mirim", "time": 35425, "street_name": "Estrada do M'Boi Mirim" }, { "distance": 14.262, "sign": -2, "interval": [ 25, 26 ], "text": "Turn left", "time": 3890, "street_name": "" }, { "street_ref": "SP-214", "distance": 227.709, "sign": -2, "interval": [ 26, 27 ], "text": "Turn left onto Estrada do M'Boi Mirim", "time": 45542, "street_name": "Estrada do M'Boi Mirim" }, { "distance": 23.479, "sign": 2, "interval": [ 27, 30 ], "text": "Turn right onto Rua Francisco Guimarães Morais", "time": 5218, "street_name": "Rua Francisco Guimarães Morais" }, { "distance": 47.244, "sign": -3, "interval": [ 30, 34 ], "text": "Turn sharp left onto Rua Francisco Guimarães Morais", "time": 10499, "street_name": "Rua Francisco Guimarães Morais" }, { "distance": 12.472, "sign": -1, "interval": [ 34, 35 ], "text": "Turn slight left onto Rua Francisco Guimarães Morais", "time": 2494, "street_name": "Rua Francisco Guimarães Morais" }, { "street_ref": "SP-214", "distance": 12.817, "sign": 2, "interval": [ 35, 36 ], "text": "Turn right onto Estrada do M'Boi Mirim", "time": 10254, "street_name": "Estrada do M'Boi Mirim" }, { "distance": 0.0, "sign": 4, "last_heading": 222.05552308090185, "interval": [ 36, 36 ], "text": "Arrive at destination", "time": 0, "street_name": "" } ], "legs": [ ], "details": { }, "ascend": 30.43060302734375, "descend": 42.6160888671875, "snapped_waypoints": { "type": "LineString", "coordinates": [ [ -46.770243, -23.692602, 828.29 ], [ -46.774066, -23.690262, 816.1 ] ] } } ] }, "geometry": null },
{ "type": "Feature", "properties": { "hints": { "visited_nodes.sum": 56, "visited_nodes.average": 56.0 }, "info": { "copyrights": [ "GraphHopper", "OpenStreetMap contributors" ], "took": 1, "road_data_timestamp": "2024-09-03T15:00:00Z" }, "paths": [ { "distance": 2045.347, "weight": 361.944912, "time": 418055, "transfers": 0, "points_encoded": false, "bbox": [ -46.793924, -23.440784, -46.787231, -23.431131 ], "points": { "type": "LineString", "coordinates": [ [ -46.793855, -23.440714, 784.7 ], [ -46.793817, -23.440784, 789.66 ], [ -46.793615, -23.440731, 791.8 ], [ -46.793475, -23.440726, 793.29 ], [ -46.793185, -23.440763, 796.42 ], [ -46.792947, -23.440629, 796.68 ], [ -46.793375, -23.440389, 789.61 ], [ -46.793616, -23.440277, 785.8 ], [ -46.793924, -23.440149, 781.06 ], [ -46.793734, -23.440055, 782.5 ], [ -46.793629, -23.440012, 783.26 ], [ -46.793531, -23.439992, 783.93 ], [ -46.793431, -23.439999, 784.59 ], [ -46.793134, -23.440113, 786.31 ], [ -46.793065, -23.440124, 786.39 ], [ -46.792995, -23.440116, 786.47 ], [ -46.792827, -23.440056, 786.67 ], [ -46.792606, -23.440013, 786.92 ], [ -46.792523, -23.440017, 787.01 ], [ -46.792358, -23.440061, 787.2 ], [ -46.792164, -23.440099, 787.42 ], [ -46.792094, -23.440093, 787.5 ], [ -46.792035, -23.440073, 787.53 ], [ -46.791973, -23.439993, 785.77 ], [ -46.792816, -23.439443, 776.41 ], [ -46.792921, -23.439365, 775.29 ], [ -46.792933, -23.439024, 772.78 ], [ -46.792984, -23.438657, 769.53 ], [ -46.792992, -23.438494, 768.1 ], [ -46.792979, -23.438391, 767.18 ], [ -46.792925, -23.438262, 765.97 ], [ -46.792799, -23.438147, 764.54 ], [ -46.79246, -23.437951, 767.41 ], [ -46.792013, -23.437609, 767.28 ], [ -46.791836, -23.437447, 767.23 ], [ -46.791702, -23.43673, 763.95 ], [ -46.791674, -23.436494, 762.88 ], [ -46.791665, -23.435509, 758.41 ], [ -46.791251, -23.435505, 758.87 ], [ -46.790484, -23.435538, 766.71 ], [ -46.790027, -23.435605, 771.98 ], [ -46.789586, -23.435657, 777.08 ], [ -46.789331, -23.435637, 779.3 ], [ -46.788842, -23.435624, 782.73 ], [ -46.788746, -23.435596, 783.08 ], [ -46.788662, -23.435556, 783.41 ], [ -46.78851, -23.435439, 784.09 ], [ -46.788565, -23.435354, 783.35 ], [ -46.789221, -23.434056, 777.01 ], [ -46.789319, -23.433792, 776.71 ], [ -46.789379, -23.433584, 776.48 ], [ -46.789411, -23.43339, 776.27 ], [ -46.789418, -23.433174, 775.0 ], [ -46.789385, -23.432834, 772.99 ], [ -46.789328, -23.432308, 769.89 ], [ -46.789291, -23.432181, 769.11 ], [ -46.789241, -23.432078, 768.44 ], [ -46.789163, -23.431992, 769.58 ], [ -46.78905, -23.431941, 770.98 ], [ -46.788741, -23.431884, 774.5 ], [ -46.787231, -23.431738, 767.86 ], [ -46.787342, -23.431131, 762.13 ] ] }, "instructions": [ { "distance": 10.016, "heading": 153.72, "sign": 0, "interval": [ 0, 1 ], "text": "Continue onto Viela J", "time": 12019, "street_name": "Viela J" }, { "distance": 65.877, "sign": -2, "interval": [ 1, 4 ], "text": "Turn left onto Rua Júlio Vicente Ferreira", "time": 16469, "street_name": "Rua Júlio Vicente Ferreira" }, { "distance": 28.556, "sign": -7, "interval": [ 4, 5 ], "text": "Keep left onto Rua Júlio Vicente Ferreira", "time": 5711, "street_name": "Rua Júlio Vicente Ferreira" }, { "distance": 114.347, "sign": -3, "interval": [ 5, 8 ], "text": "Turn sharp left onto Rua Francisco Soto", "time": 20790, "street_name": "Rua Francisco Soto" }, { "distance": 202.95, "sign": 3, "interval": [ 8, 22 ], "text": "Turn sharp right onto Rua Mário Palmério", "time": 42529, "street_name": "Rua Mário Palmério" }, { "distance": 11.039, "sign": -1, "interval": [ 22, 23 ], "text": "Turn slight left onto Rua Mário Palmério", "time": 2007, "street_name": "Rua Mário Palmério" }, { "distance": 119.775, "sign": -2, "interval": [ 23, 25 ], "text": "Turn left onto Rua Dom Agnélo Rossi", "time": 21777, "street_name": "Rua Dom Agnélo Rossi" }, { "distance": 183.689, "sign": 2, "interval": [ 25, 32 ], "text": "Turn right onto Rua Alberto Callix", "time": 35057, "street_name": "Rua Alberto Callix" }, { "distance": 84.798, "sign": -7, "interval": [ 32, 34 ], "text": "Keep left onto Rua Alberto Callix", "time": 16960, "street_name": "Rua Alberto Callix" }, { "distance": 217.012, "sign": -1, "interval": [ 34, 37 ], "text": "Turn slight left onto Rua Alberto Callix", "time": 39457, "street_name": "Rua Alberto Callix" }, { "distance": 330.522, "sign": 2, "interval": [ 37, 46 ], "text": "Turn right onto Rua Delsuc Alves de Magalhães", "time": 77445, "street_name": "Rua Delsuc Alves de Magalhães" }, { "distance": 11.064, "sign": -2, "interval": [ 46, 47 ], "text": "Turn left onto Rua Diego Velasquez", "time": 2012, "street_name": "Rua Diego Velasquez" }, { "distance": 441.861, "sign": 0, "interval": [ 47, 59 ], "text": "Continue onto Rua Diego Velasquez", "time": 85124, "street_name": "Rua Diego Velasquez" }, { "distance": 155.069, "sign": -7, "interval": [ 59, 60 ], "text": "Keep left onto Rua Diego Velasquez", "time": 28194, "street_name": "Rua Diego Velasquez" }, { "distance": 68.773, "sign": -2, "interval": [ 60, 61 ], "text": "Turn left onto Rua Domênico Aspari", "time": 12504, "street_name": "Rua Domênico Aspari" }, { "distance": 0.0, "sign": 4, "last_heading": 351.44658195529564, "interval": [ 61, 61 ], "text": "Arrive at destination", "time": 0, "street_name": "" } ], "legs": [ ], "details": { }, "ascend": 53.06732177734375, "descend": 75.6328125, "snapped_waypoints": { "type": "LineString", "coordinates": [ [ -46.793855, -23.440714, 784.7 ], [ -46.787342, -23.431131, 762.13 ] ] } } ] }, "geometry": null },
{ "type": "Feature", "properties": { "hints": { "visited_nodes.sum": 106, "visited_nodes.average": 106.0 }, "info": { "copyrights": [ "GraphHopper", "OpenStreetMap contributors" ], "took": 1, "road_data_timestamp": "2024-09-03T15:00:00Z" }, "paths": [ { "distance": 4202.1, "weight": 899.823192, "time": 925238, "transfers": 0, "points_encoded": false, "bbox": [ -46.735534, -23.647184, -46.726769, -23.630869 ], "points": { "type": "LineString", "coordinates": [ [ -46.733716, -23.6323, 786.64 ], [ -46.733834, -23.632727, 784.79 ], [ -46.733854, -23.632828, 784.4 ], [ -46.733843, -23.632889, 784.17 ], [ -46.733819, -23.632944, 784.52 ], [ -46.733765, -23.633019, 785.4 ], [ -46.733694, -23.633092, 786.65 ], [ -46.733622, -23.633133, 783.85 ], [ -46.73354, -23.633162, 784.76 ], [ -46.733396, -23.633185, 786.28 ], [ -46.733357, -23.633185, 786.69 ], [ -46.733288, -23.63317, 787.42 ], [ -46.733193, -23.633136, 788.48 ], [ -46.733124, -23.633078, 789.45 ], [ -46.733065, -23.632979, 790.72 ], [ -46.733035, -23.632889, 791.79 ], [ -46.733017, -23.632802, 792.79 ], [ -46.732952, -23.632105, 798.05 ], [ -46.732928, -23.631721, 798.55 ], [ -46.732926, -23.631589, 798.72 ], [ -46.732952, -23.631419, 798.94 ], [ -46.732993, -23.631266, 799.14 ], [ -46.732814, -23.631286, 797.9 ], [ -46.732738, -23.631304, 797.33 ], [ -46.732242, -23.631488, 793.46 ], [ -46.732051, -23.631571, 791.93 ], [ -46.731922, -23.63159, 790.99 ], [ -46.731794, -23.631579, 790.56 ], [ -46.731709, -23.631532, 790.17 ], [ -46.731591, -23.631453, 789.6 ], [ -46.7315, -23.63137, 789.1 ], [ -46.73137, -23.631281, 788.46 ], [ -46.731012, -23.631099, 786.86 ], [ -46.730948, -23.631049, 786.53 ], [ -46.730848, -23.631102, 785.21 ], [ -46.730777, -23.631151, 784.18 ], [ -46.730625, -23.6313, 781.64 ], [ -46.73054, -23.631406, 779.99 ], [ -46.730479, -23.631514, 778.46 ], [ -46.730372, -23.63175, 775.26 ], [ -46.730322, -23.631979, 772.34 ], [ -46.730288, -23.632064, 771.21 ], [ -46.730221, -23.632154, 770.38 ], [ -46.729655, -23.632108, 766.92 ], [ -46.729615, -23.632097, 766.65 ], [ -46.729518, -23.632051, 765.94 ], [ -46.72947, -23.632017, 765.56 ], [ -46.729379, -23.63189, 765.44 ], [ -46.729367, -23.631834, 765.8 ], [ -46.729374, -23.631796, 766.04 ], [ -46.729401, -23.631726, 766.5 ], [ -46.729565, -23.631446, 768.49 ], [ -46.729746, -23.631161, 770.56 ], [ -46.729806, -23.63102, 771.51 ], [ -46.729831, -23.630869, 772.47 ], [ -46.729368, -23.631061, 765.21 ], [ -46.729183, -23.63113, 762.36 ], [ -46.728999, -23.631178, 759.64 ], [ -46.728801, -23.631208, 756.78 ], [ -46.72851, -23.631231, 752.61 ], [ -46.728374, -23.631232, 750.92 ], [ -46.728175, -23.631203, 748.74 ], [ -46.727978, -23.631217, 746.45 ], [ -46.727888, -23.63126, 745.24 ], [ -46.727687, -23.632444, 743.43 ], [ -46.72767, -23.63313, 745.3 ], [ -46.727655, -23.633361, 746.76 ], [ -46.727644, -23.633486, 747.52 ], [ -46.727499, -23.634368, 753.62 ], [ -46.727503, -23.634474, 754.48 ], [ -46.727532, -23.634502, 755.19 ], [ -46.727532, -23.634577, 755.9 ], [ -46.727377, -23.634618, 753.59 ], [ -46.727339, -23.634653, 753.14 ], [ -46.727322, -23.63476, 753.42 ], [ -46.727176, -23.634864, 749.95 ], [ -46.727111, -23.6349, 748.51 ], [ -46.727058, -23.634906, 747.61 ], [ -46.727042, -23.634988, 746.93 ], [ -46.726927, -23.634972, 745.44 ], [ -46.726869, -23.634995, 745.0 ], [ -46.726997, -23.635284, 744.64 ], [ -46.727078, -23.635794, 742.09 ], [ -46.727074, -23.636111, 740.5 ], [ -46.727021, -23.636506, 738.92 ], [ -46.726946, -23.636764, 738.38 ], [ -46.72684, -23.637041, 737.78 ], [ -46.72677, -23.637297, 739.13 ], [ -46.726769, -23.637358, 739.46 ], [ -46.726797, -23.637486, 740.17 ], [ -46.726976, -23.637964, 741.73 ], [ -46.727361, -23.638864, 738.68 ], [ -46.727387, -23.638951, 738.37 ], [ -46.727411, -23.639129, 737.76 ], [ -46.727397, -23.639319, 737.11 ], [ -46.727302, -23.639893, 735.13 ], [ -46.727234, -23.640465, 733.17 ], [ -46.727373, -23.640554, 732.22 ], [ -46.727467, -23.64058, 731.65 ], [ -46.727554, -23.640587, 731.14 ], [ -46.727573, -23.640602, 731.19 ], [ -46.727531, -23.640685, 731.38 ], [ -46.727424, -23.640824, 731.7 ], [ -46.727428, -23.640976, 731.66 ], [ -46.727468, -23.641215, 731.89 ], [ -46.72751, -23.641337, 732.02 ], [ -46.72786, -23.642053, 732.8 ], [ -46.728006, -23.642234, 734.71 ], [ -46.728905, -23.64319, 745.94 ], [ -46.728713, -23.643363, 742.05 ], [ -46.729291, -23.64392, 743.48 ], [ -46.729703, -23.644299, 741.2 ], [ -46.729808, -23.644471, 740.36 ], [ -46.729934, -23.644742, 739.1 ], [ -46.729987, -23.644944, 738.34 ], [ -46.730051, -23.644998, 738.45 ], [ -46.730124, -23.645034, 738.55 ], [ -46.730215, -23.645058, 738.67 ], [ -46.730335, -23.64504, 740.34 ], [ -46.730393, -23.645014, 741.23 ], [ -46.73044, -23.644979, 742.06 ], [ -46.730474, -23.644932, 742.91 ], [ -46.730498, -23.64488, 743.75 ], [ -46.730503, -23.644814, 744.06 ], [ -46.730542, -23.644779, 744.8 ], [ -46.730589, -23.644751, 745.55 ], [ -46.730681, -23.644709, 746.92 ], [ -46.731165, -23.644511, 751.2 ], [ -46.731275, -23.644445, 751.27 ], [ -46.731468, -23.644353, 751.74 ], [ -46.731625, -23.644299, 752.11 ], [ -46.731723, -23.644274, 752.34 ], [ -46.731955, -23.644246, 752.87 ], [ -46.732059, -23.644283, 754.36 ], [ -46.732104, -23.644307, 755.06 ], [ -46.732185, -23.644368, 756.47 ], [ -46.73225, -23.644451, 757.96 ], [ -46.732264, -23.644501, 758.71 ], [ -46.732256, -23.644559, 759.57 ], [ -46.732055, -23.644872, 764.9 ], [ -46.73204, -23.644959, 766.18 ], [ -46.732045, -23.64501, 766.93 ], [ -46.732059, -23.645054, 767.6 ], [ -46.732105, -23.645115, 768.68 ], [ -46.73283, -23.645589, 772.8 ], [ -46.732889, -23.645643, 773.33 ], [ -46.73364, -23.646663, 779.8 ], [ -46.734294, -23.646254, 768.64 ], [ -46.734353, -23.646237, 767.77 ], [ -46.734426, -23.646235, 766.71 ], [ -46.734509, -23.646267, 766.48 ], [ -46.734536, -23.646292, 766.37 ], [ -46.734908, -23.646781, 764.92 ], [ -46.735124, -23.647039, 764.49 ], [ -46.735157, -23.647065, 764.43 ], [ -46.735424, -23.647184, 764.08 ], [ -46.735534, -23.64697, 763.01 ], [ -46.735266, -23.646186, 759.02 ], [ -46.733952, -23.644426, 748.68 ], [ -46.73395, -23.644394, 748.29 ], [ -46.734208, -23.644365, 746.21 ], [ -46.734139, -23.644001, 742.99 ], [ -46.733802, -23.64405, 744.13 ] ] }, "instructions": [ { "distance": 364.171, "heading": 192.62, "sign": 0, "interval": [ 0, 21 ], "text": "Continue onto Rua Itapimirum", "time": 79285, "street_name": "Rua Itapimirum" }, { "distance": 115.941, "sign": 3, "interval": [ 21, 26 ], "text": "Turn sharp right onto Rua Janga", "time": 21080, "street_name": "Rua Janga" }, { "distance": 118.116, "sign": -1, "interval": [ 26, 33 ], "text": "Turn slight left onto Rua Itajará", "time": 21476, "street_name": "Rua Itajará" }, { "distance": 149.084, "sign": 2, "interval": [ 33, 42 ], "text": "Turn right onto Rua Itapecoca", "time": 27106, "street_name": "Rua Itapecoca" }, { "distance": 221.5, "sign": -2, "interval": [ 42, 54 ], "text": "Turn left onto Rua Fábio Lopes dos Santos Luz", "time": 45763, "street_name": "Rua Fábio Lopes dos Santos Luz" }, { "distance": 177.785, "sign": 3, "interval": [ 54, 61 ], "text": "Turn sharp right onto Rua Deputado João Sussumu Hirata", "time": 32325, "street_name": "Rua Deputado João Sussumu Hirata" }, { "distance": 30.668, "sign": 7, "interval": [ 61, 63 ], "text": "Keep right onto Rua Deputado João Sussumu Hirata and drive toward Paraisopolis", "time": 5576, "street_destination": "Paraisopolis", "street_name": "Rua Deputado João Sussumu Hirata" }, { "distance": 360.603, "sign": 2, "interval": [ 63, 69 ], "text": "Turn right onto Rua Itapaiúna", "time": 74862, "street_name": "Rua Itapaiúna" }, { "distance": 4.412, "sign": 7, "interval": [ 69, 70 ], "text": "Keep right and drive toward Campo Limpo", "time": 882, "street_destination": "Campo Limpo", "street_name": "" }, { "distance": 102.621, "sign": -7, "interval": [ 70, 80 ], "text": "Keep left", "time": 19840, "street_name": "" }, { "distance": 34.638, "sign": 2, "interval": [ 80, 81 ], "text": "Turn right and drive toward Parque Burle Marx", "time": 6928, "street_destination": "Parque Burle Marx", "street_name": "" }, { "distance": 593.598, "sign": -1, "interval": [ 81, 96 ], "text": "Turn slight left onto Rua Itapaiúna", "time": 117806, "street_name": "Rua Itapaiúna" }, { "distance": 213.167, "sign": 2, "interval": [ 96, 106 ], "text": "Turn right", "time": 41976, "street_name": "" }, { "distance": 165.83, "sign": 1, "interval": [ 106, 108 ], "text": "Turn slight right onto Rua Itapaiúna", "time": 41230, "street_name": "Rua Itapaiúna" }, { "distance": 27.711, "sign": -2, "interval": [ 108, 109 ], "text": "Turn left", "time": 7557, "street_name": "" }, { "distance": 222.823, "sign": 2, "interval": [ 109, 114 ], "text": "Turn right onto Avenida Maria Coelho de Aguiar", "time": 42067, "street_name": "Avenida Maria Coelho de Aguiar" }, { "distance": 94.171, "sign": 7, "interval": [ 114, 126 ], "text": "Keep right onto Avenida Maria Coelho de Aguiar", "time": 45732, "street_name": "Avenida Maria Coelho de Aguiar" }, { "distance": 141.045, "sign": 0, "interval": [ 126, 132 ], "text": "Continue onto Avenida João Dias", "time": 29885, "street_name": "Avenida João Dias" }, { "distance": 357.444, "sign": -7, "interval": [ 132, 146 ], "text": "Keep left onto Rua Luís Grassman", "time": 82697, "street_name": "Rua Luís Grassman" }, { "distance": 245.468, "sign": 2, "interval": [ 146, 155 ], "text": "Turn right onto Rua Manuel Manso de Avelar", "time": 47361, "street_name": "Rua Manuel Manso de Avelar" }, { "distance": 26.326, "sign": 2, "interval": [ 155, 156 ], "text": "Turn right onto Rua Anísio da Mota", "time": 4787, "street_name": "Rua Anísio da Mota" }, { "distance": 328.838, "sign": 1, "interval": [ 156, 158 ], "text": "Turn slight right onto Rua Vitalina Grassman", "time": 59788, "street_name": "Rua Vitalina Grassman" }, { "distance": 3.571, "sign": -7, "interval": [ 158, 159 ], "text": "Keep left onto Rua Vitalina Grassman", "time": 2571, "street_name": "Rua Vitalina Grassman" }, { "distance": 67.799, "sign": -2, "interval": [ 159, 161 ], "text": "Turn left", "time": 32961, "street_name": "" }, { "distance": 34.77, "sign": 2, "interval": [ 161, 162 ], "text": "Turn right", "time": 33697, "street_name": "" }, { "distance": 0.0, "sign": 4, "last_heading": 98.95554079704448, "interval": [ 162, 162 ], "text": "Arrive at destination", "time": 0, "street_name": "" } ], "legs": [ ], "details": { }, "ascend": 101.60589599609375, "descend": 144.10888671875, "snapped_waypoints": { "type": "LineString", "coordinates": [ [ -46.733716, -23.6323, 786.64 ], [ -46.733802, -23.64405, 744.13 ] ] } } ] }, "geometry": null },
{ "type": "Feature", "properties": { "hints": { "visited_nodes.sum": 86, "visited_nodes.average": 86.0 }, "info": { "copyrights": [ "GraphHopper", "OpenStreetMap contributors" ], "took": 1, "road_data_timestamp": "2024-09-03T15:00:00Z" }, "paths": [ { "distance": 1592.941, "weight": 395.318994, "time": 404582, "transfers": 0, "points_encoded": false, "bbox": [ -46.605053, -23.605289, -46.597391, -23.602084 ], "points": { "type": "LineString", "coordinates": [ [ -46.597697, -23.602084, 748.9 ], [ -46.597986, -23.602241, 746.05 ], [ -46.597632, -23.602759, 747.78 ], [ -46.597613, -23.602893, 747.79 ], [ -46.597578, -23.60294, 748.23 ], [ -46.597391, -23.603234, 750.67 ], [ -46.597988, -23.603412, 745.88 ], [ -46.598009, -23.60337, 745.74 ], [ -46.598041, -23.603331, 745.59 ], [ -46.598094, -23.603294, 745.45 ], [ -46.598195, -23.603246, 745.21 ], [ -46.598315, -23.603209, 744.94 ], [ -46.598354, -23.60318, 744.82 ], [ -46.598515, -23.602987, 744.16 ], [ -46.598632, -23.602895, 743.77 ], [ -46.599088, -23.602127, 744.41 ], [ -46.59945, -23.602548, 744.73 ], [ -46.599779, -23.602923, 745.57 ], [ -46.599974, -23.603111, 746.03 ], [ -46.600181, -23.603287, 746.49 ], [ -46.60027, -23.603345, 746.67 ], [ -46.600408, -23.60342, 746.94 ], [ -46.600626, -23.603496, 747.18 ], [ -46.601012, -23.603612, 747.63 ], [ -46.601311, -23.603651, 747.96 ], [ -46.601726, -23.60367, 748.42 ], [ -46.602005, -23.603692, 748.72 ], [ -46.602163, -23.603668, 749.07 ], [ -46.602288, -23.603676, 749.34 ], [ -46.60241, -23.603661, 749.61 ], [ -46.602988, -23.603937, 749.77 ], [ -46.603277, -23.604127, 749.86 ], [ -46.603384, -23.604208, 749.76 ], [ -46.603707, -23.604497, 749.28 ], [ -46.604514, -23.605289, 748.37 ], [ -46.605053, -23.604742, 749.05 ], [ -46.604445, -23.604172, 749.72 ], [ -46.603833, -23.603557, 750.43 ], [ -46.603459, -23.603699, 750.28 ], [ -46.60327, -23.603803, 750.16 ], [ -46.603077, -23.603622, 750.37 ], [ -46.60313, -23.603613, 750.37 ], [ -46.60314, -23.603598, 750.37 ], [ -46.603133, -23.603568, 750.37 ], [ -46.603118, -23.603546, 750.37 ], [ -46.603095, -23.60354, 750.37 ], [ -46.603059, -23.603552, 750.37 ], [ -46.603046, -23.603574, 750.37 ], [ -46.603059, -23.603597, 750.37 ], [ -46.603061, -23.603641, 750.37 ], [ -46.60305, -23.603647, 750.38 ], [ -46.602611, -23.603065, 750.73 ], [ -46.602803, -23.602941, 750.74 ] ] }, "instructions": [ { "distance": 34.411, "heading": 238.35, "sign": 0, "interval": [ 0, 1 ], "text": "Continue onto Rua Dezenove de Novembro", "time": 28154, "street_name": "Rua Dezenove de Novembro" }, { "distance": 89.391, "sign": -2, "interval": [ 1, 4 ], "text": "Turn left onto Avenida Almirante Delamare", "time": 17879, "street_name": "Avenida Almirante Delamare" }, { "distance": 37.927, "sign": 0, "interval": [ 4, 5 ], "text": "Continue onto Avenida Almirante Delamare", "time": 8428, "street_name": "Avenida Almirante Delamare" }, { "distance": 64.154, "sign": 2, "interval": [ 5, 6 ], "text": "Turn right onto Rua Almirante Nunes", "time": 11664, "street_name": "Rua Almirante Nunes" }, { "distance": 186.941, "sign": 2, "interval": [ 6, 15 ], "text": "Turn right onto Rua Custódio Dias", "time": 37388, "street_name": "Rua Custódio Dias" }, { "street_ref": "BR-050", "distance": 59.637, "sign": -3, "interval": [ 15, 16 ], "text": "Turn sharp left onto Rua das Juntas Provisórias", "time": 11927, "street_name": "Rua das Juntas Provisórias" }, { "distance": 305.324, "sign": 7, "interval": [ 16, 26 ], "text": "Keep right onto Complexo Viário Escola de Engenharia Mackenzie", "time": 61065, "street_name": "Complexo Viário Escola de Engenharia Mackenzie" }, { "distance": 41.639, "sign": 7, "interval": [ 26, 29 ], "text": "Keep right", "time": 8328, "street_name": "" }, { "distance": 283.315, "sign": -1, "interval": [ 29, 34 ], "text": "Turn slight left onto Rua Malvina Ferrara Samarone", "time": 56663, "street_name": "Rua Malvina Ferrara Samarone" }, { "distance": 82.011, "sign": 2, "interval": [ 34, 35 ], "text": "Turn right onto Rua do Lago", "time": 16402, "street_name": "Rua do Lago" }, { "distance": 181.133, "sign": 2, "interval": [ 35, 37 ], "text": "Turn right onto Rua Francisco Peres", "time": 36227, "street_name": "Rua Francisco Peres" }, { "distance": 63.659, "sign": 2, "interval": [ 37, 39 ], "text": "Turn right onto Rua Doutor Audísio de Alencar", "time": 12731, "street_name": "Rua Doutor Audísio de Alencar" }, { "distance": 139.456, "sign": -2, "interval": [ 39, 51 ], "text": "Turn left", "time": 76178, "street_name": "" }, { "distance": 23.943, "sign": -2, "interval": [ 51, 52 ], "text": "Turn left", "time": 21548, "street_name": "" }, { "distance": 0.0, "sign": 4, "last_heading": 305.1344033748712, "interval": [ 52, 52 ], "text": "Arrive at destination", "time": 0, "street_name": "" } ], "legs": [ ], "details": { }, "ascend": 13.340087890625, "descend": 11.49859619140625, "snapped_waypoints": { "type": "LineString", "coordinates": [ [ -46.597697, -23.602084, 748.9 ], [ -46.602803, -23.602941, 750.74 ] ] } } ] }, "geometry": null },
{ "type": "Feature", "properties": { "hints": { "visited_nodes.sum": 80, "visited_nodes.average": 80.0 }, "info": { "copyrights": [ "GraphHopper", "OpenStreetMap contributors" ], "took": 1, "road_data_timestamp": "2024-09-03T15:00:00Z" }, "paths": [ { "distance": 1369.311, "weight": 264.650966, "time": 302252, "transfers": 0, "points_encoded": false, "bbox": [ -46.43514, -23.49221, -46.427384, -23.488051 ], "points": { "type": "LineString", "coordinates": [ [ -46.427384, -23.488051, 738.19 ], [ -46.427831, -23.488084, 738.34 ], [ -46.427732, -23.489125, 739.77 ], [ -46.430226, -23.489306, 735.0 ], [ -46.430166, -23.489863, 736.61 ], [ -46.432286, -23.490034, 736.17 ], [ -46.432188, -23.490952, 735.34 ], [ -46.432144, -23.491251, 735.29 ], [ -46.432125, -23.491438, 735.3 ], [ -46.432227, -23.491462, 735.44 ], [ -46.432227, -23.491501, 735.47 ], [ -46.43193, -23.491508, 735.54 ], [ -46.432006, -23.491542, 735.54 ], [ -46.432007, -23.491713, 735.76 ], [ -46.431752, -23.491723, 735.66 ], [ -46.431755, -23.491774, 735.67 ], [ -46.43207, -23.491779, 735.9 ], [ -46.432067, -23.49221, 736.73 ], [ -46.432684, -23.49215, 736.13 ], [ -46.432732, -23.49214, 736.08 ], [ -46.432763, -23.492128, 736.05 ], [ -46.432788, -23.492107, 736.01 ], [ -46.432846, -23.492027, 735.91 ], [ -46.432925, -23.491963, 735.85 ], [ -46.433008, -23.491938, 735.79 ], [ -46.433565, -23.491902, 735.42 ], [ -46.434173, -23.49185, 734.82 ], [ -46.434226, -23.491756, 734.52 ], [ -46.43514, -23.491634, 736.71 ] ] }, "instructions": [ { "distance": 45.757, "heading": 265.49, "sign": 0, "interval": [ 0, 1 ], "text": "Continue onto Rua Muniz Falcão", "time": 9151, "street_name": "Rua Muniz Falcão" }, { "distance": 116.273, "sign": -2, "interval": [ 1, 2 ], "text": "Turn left onto Rua José Nunes dos Santos", "time": 23255, "street_name": "Rua José Nunes dos Santos" }, { "distance": 255.33, "sign": 2, "interval": [ 2, 3 ], "text": "Turn right onto Rua Paranacity", "time": 48930, "street_name": "Rua Paranacity" }, { "distance": 62.235, "sign": -2, "interval": [ 3, 4 ], "text": "Turn left onto Rua Gonçalves Ribeiro", "time": 12447, "street_name": "Rua Gonçalves Ribeiro" }, { "distance": 216.947, "sign": 2, "interval": [ 4, 5 ], "text": "Turn right onto Rua Sarapobeba", "time": 43389, "street_name": "Rua Sarapobeba" }, { "distance": 342.07, "sign": -2, "interval": [ 5, 17 ], "text": "Turn left onto Rua Pedroso da Silva", "time": 82117, "street_name": "Rua Pedroso da Silva" }, { "distance": 85.882, "sign": 2, "interval": [ 17, 22 ], "text": "Turn right onto Rua Antônio Ferreira Martins", "time": 17176, "street_name": "Rua Antônio Ferreira Martins" }, { "distance": 138.81, "sign": -7, "interval": [ 22, 26 ], "text": "Keep left onto Rua Antônio Ferreira Martins", "time": 33985, "street_name": "Rua Antônio Ferreira Martins" }, { "distance": 11.794, "sign": 2, "interval": [ 26, 27 ], "text": "Turn right", "time": 3538, "street_name": "" }, { "distance": 94.213, "sign": -2, "interval": [ 27, 28 ], "text": "Turn left", "time": 28264, "street_name": "" }, { "distance": 0.0, "sign": 4, "last_heading": 280.0273927922386, "interval": [ 28, 28 ], "text": "Arrive at destination", "time": 0, "street_name": "" } ], "legs": [ ], "details": { }, "ascend": 7.2955322265625, "descend": 8.779052734375, "snapped_waypoints": { "type": "LineString", "coordinates": [ [ -46.427384, -23.488051, 738.19 ], [ -46.43514, -23.491634, 736.71 ] ] } } ] }, "geometry": null },
{ "type": "Feature", "properties": { "hints": { "visited_nodes.sum": 44, "visited_nodes.average": 44.0 }, "info": { "copyrights": [ "GraphHopper", "OpenStreetMap contributors" ], "took": 1, "road_data_timestamp": "2024-09-03T15:00:00Z" }, "paths": [ { "distance": 544.896, "weight": 152.274554, "time": 166915, "transfers": 0, "points_encoded": false, "bbox": [ -46.636309, -23.551211, -46.632587, -23.54958 ], "points": { "type": "LineString", "coordinates": [ [ -46.636112, -23.549611, 780.62 ], [ -46.636268, -23.54958, 776.98 ], [ -46.636309, -23.549644, 776.61 ], [ -46.635084, -23.549876, 783.52 ], [ -46.634111, -23.550072, 779.79 ], [ -46.634072, -23.549993, 779.34 ], [ -46.633792, -23.550083, 779.53 ], [ -46.633936, -23.550372, 781.34 ], [ -46.633262, -23.550649, 776.03 ], [ -46.632825, -23.550821, 769.53 ], [ -46.632587, -23.550927, 769.43 ], [ -46.632726, -23.551211, 774.39 ], [ -46.632977, -23.551108, 778.22 ] ] }, "instructions": [ { "distance": 16.735, "heading": 282.38, "sign": 0, "interval": [ 0, 1 ], "text": "Continue", "time": 13692, "street_name": "" }, { "distance": 8.318, "sign": -2, "interval": [ 1, 2 ], "text": "Turn left onto Rua Senador Paulo Egídio", "time": 6806, "street_name": "Rua Senador Paulo Egídio" }, { "distance": 229.371, "sign": -3, "interval": [ 2, 4 ], "text": "Turn sharp left onto Rua Benjamim Constant", "time": 46350, "street_name": "Rua Benjamim Constant" }, { "distance": 9.699, "sign": -2, "interval": [ 4, 5 ], "text": "Turn left onto Praça da Sé", "time": 1763, "street_name": "Praça da Sé" }, { "distance": 30.31, "sign": 2, "interval": [ 5, 6 ], "text": "Turn right", "time": 11768, "street_name": "" }, { "distance": 187.143, "sign": 2, "interval": [ 6, 10 ], "text": "Turn right", "time": 54916, "street_name": "" }, { "distance": 34.996, "sign": 2, "interval": [ 10, 11 ], "text": "Turn right", "time": 20998, "street_name": "" }, { "distance": 28.324, "sign": 2, "interval": [ 11, 12 ], "text": "Turn right", "time": 10622, "street_name": "" }, { "distance": 0.0, "sign": 4, "last_heading": 294.16226159811595, "interval": [ 12, 12 ], "text": "Arrive at destination", "time": 0, "street_name": "" } ], "legs": [ ], "details": { }, "ascend": 19.48486328125, "descend": 21.87939453125, "snapped_waypoints": { "type": "LineString", "coordinates": [ [ -46.636112, -23.549611, 780.62 ], [ -46.632977, -23.551108, 778.22 ] ] } } ] }, "geometry": null },
{ "type": "Feature", "properties": { "hints": { "visited_nodes.sum": 84, "visited_nodes.average": 84.0 }, "info": { "copyrights": [ "GraphHopper", "OpenStreetMap contributors" ], "took": 1, "road_data_timestamp": "2024-09-03T15:00:00Z" }, "paths": [ { "distance": 1190.056, "weight": 449.017525, "time": 364425, "transfers": 0, "points_encoded": false, "bbox": [ -46.471073, -23.542303, -46.463893, -23.538972 ], "points": { "type": "LineString", "coordinates": [ [ -46.464488, -23.538972, 789.08 ], [ -46.463893, -23.540029, 776.02 ], [ -46.463993, -23.540073, 776.62 ], [ -46.46427, -23.540174, 777.46 ], [ -46.464933, -23.540531, 777.04 ], [ -46.464996, -23.540561, 776.93 ], [ -46.465045, -23.540576, 776.84 ], [ -46.465267, -23.540626, 777.46 ], [ -46.465256, -23.540663, 777.3 ], [ -46.465084, -23.54062, 776.61 ], [ -46.464773, -23.540961, 774.27 ], [ -46.464427, -23.540845, 775.8 ], [ -46.464413, -23.540884, 775.6 ], [ -46.464738, -23.541003, 774.01 ], [ -46.464699, -23.541076, 773.61 ], [ -46.46543, -23.541279, 772.32 ], [ -46.466055, -23.5414, 771.97 ], [ -46.469195, -23.541976, 770.22 ], [ -46.469355, -23.541942, 770.81 ], [ -46.469474, -23.541881, 771.27 ], [ -46.469493, -23.54169, 771.33 ], [ -46.469646, -23.541667, 771.93 ], [ -46.470437, -23.541743, 773.11 ], [ -46.470717, -23.541791, 773.42 ], [ -46.47064, -23.542186, 775.19 ], [ -46.471073, -23.54226, 775.96 ], [ -46.471064, -23.542303, 774.96 ] ] }, "instructions": [ { "distance": 133.238, "heading": 152.48, "sign": 0, "interval": [ 0, 1 ], "text": "Continue onto Rua Piava", "time": 24391, "street_name": "Rua Piava" }, { "distance": 11.393, "sign": 2, "interval": [ 1, 2 ], "text": "Turn right onto Avenida José Pinheiro Borges", "time": 2532, "street_name": "Avenida José Pinheiro Borges" }, { "distance": 121.24, "sign": 7, "interval": [ 2, 6 ], "text": "Keep right onto Rua Joapitanga", "time": 24248, "street_name": "Rua Joapitanga" }, { "distance": 182.217, "sign": -7, "interval": [ 6, 14 ], "text": "Keep left", "time": 53469, "street_name": "" }, { "distance": 469.414, "sign": 2, "interval": [ 14, 17 ], "text": "Turn right onto Rua Nicolino Mastrocola", "time": 93882, "street_name": "Rua Nicolino Mastrocola" }, { "distance": 30.682, "sign": 7, "interval": [ 17, 19 ], "text": "Keep right onto Rua Nicolino Mastrocola", "time": 6136, "street_name": "Rua Nicolino Mastrocola" }, { "distance": 21.338, "sign": 2, "interval": [ 19, 20 ], "text": "Turn right onto Rua Engenheiro Sidney Aparecido de Moraes", "time": 4268, "street_name": "Rua Engenheiro Sidney Aparecido de Moraes" }, { "distance": 125.866, "sign": -2, "interval": [ 20, 23 ], "text": "Turn left onto Rua Engenheiro Sidney Aparecido de Moraes", "time": 25769, "street_name": "Rua Engenheiro Sidney Aparecido de Moraes" }, { "distance": 44.715, "sign": -2, "interval": [ 23, 24 ], "text": "Turn left", "time": 44715, "street_name": "" }, { "distance": 44.961, "sign": 2, "interval": [ 24, 25 ], "text": "Turn right", "time": 80930, "street_name": "" }, { "distance": 4.993, "sign": -2, "interval": [ 25, 26 ], "text": "Turn left", "time": 4085, "street_name": "" }, { "distance": 0.0, "sign": 4, "last_heading": 169.0340087194955, "interval": [ 26, 26 ], "text": "Arrive at destination", "time": 0, "street_name": "" } ], "legs": [ ], "details": { }, "ascend": 9.8609619140625, "descend": 23.98199462890625, "snapped_waypoints": { "type": "LineString", "coordinates": [ [ -46.464488, -23.538972, 789.08 ], [ -46.471064, -23.542303, 774.96 ] ] } } ] }, "geometry": null },
{ "type": "Feature", "properties": { "hints": { "visited_nodes.sum": 60, "visited_nodes.average": 60.0 }, "info": { "copyrights": [ "GraphHopper", "OpenStreetMap contributors" ], "took": 1, "road_data_timestamp": "2024-09-03T15:00:00Z" }, "paths": [ { "distance": 1626.208, "weight": 281.120226, "time": 330755, "transfers": 0, "points_encoded": false, "bbox": [ -46.488485, -23.54782, -46.482049, -23.5404 ], "points": { "type": "LineString", "coordinates": [ [ -46.487547, -23.54782, 794.48 ], [ -46.487529, -23.547788, 795.99 ], [ -46.48797, -23.547619, 798.78 ], [ -46.487947, -23.547521, 800.27 ], [ -46.488485, -23.54742, 796.71 ], [ -46.487833, -23.544335, 814.09 ], [ -46.487579, -23.543423, 813.74 ], [ -46.487056, -23.543547, 812.01 ], [ -46.486641, -23.543686, 810.6 ], [ -46.486282, -23.543866, 809.19 ], [ -46.484852, -23.543009, 802.62 ], [ -46.484235, -23.542651, 802.25 ], [ -46.483637, -23.542283, 799.25 ], [ -46.483209, -23.541998, 794.92 ], [ -46.482609, -23.542585, 790.91 ], [ -46.482541, -23.542617, 790.52 ], [ -46.482503, -23.542624, 790.33 ], [ -46.482442, -23.542612, 790.01 ], [ -46.482399, -23.542583, 789.85 ], [ -46.482332, -23.542387, 789.37 ], [ -46.482273, -23.542313, 789.17 ], [ -46.482094, -23.542225, 788.07 ], [ -46.482049, -23.542218, 787.84 ], [ -46.482114, -23.542172, 787.98 ], [ -46.482053, -23.541954, 788.02 ], [ -46.482741, -23.541751, 791.0 ], [ -46.483347, -23.541474, 793.79 ], [ -46.483835, -23.541189, 796.18 ], [ -46.484444, -23.540678, 799.43 ], [ -46.484722, -23.5404, 797.01 ] ] }, "instructions": [ { "distance": 4.327, "heading": 27.11, "sign": 0, "interval": [ 0, 1 ], "text": "Continue onto Rua Senador Fernandes Távora", "time": 961, "street_name": "Rua Senador Fernandes Távora" }, { "distance": 48.846, "sign": -2, "interval": [ 1, 2 ], "text": "Turn left onto Rua Senador Fernandes Távora", "time": 10855, "street_name": "Rua Senador Fernandes Távora" }, { "distance": 11.216, "sign": 2, "interval": [ 2, 3 ], "text": "Turn right onto Rua Comendador Andrade Machado", "time": 6730, "street_name": "Rua Comendador Andrade Machado" }, { "distance": 56.026, "sign": -2, "interval": [ 3, 4 ], "text": "Turn left onto Avenida Benedito Salgado da Silva", "time": 10187, "street_name": "Avenida Benedito Salgado da Silva" }, { "distance": 454.543, "sign": 2, "interval": [ 4, 6 ], "text": "Turn right onto Rua Peixoto Werneck", "time": 98684, "street_name": "Rua Peixoto Werneck" }, { "distance": 141.869, "sign": 2, "interval": [ 6, 9 ], "text": "Turn right onto Rua Padre Tomás de Vilanova", "time": 27878, "street_name": "Rua Padre Tomás de Vilanova" }, { "distance": 376.349, "sign": -2, "interval": [ 9, 13 ], "text": "Turn left onto Rua Maria Eugênia Celso", "time": 71374, "street_name": "Rua Maria Eugênia Celso" }, { "distance": 89.541, "sign": 2, "interval": [ 13, 14 ], "text": "Turn right onto Avenida Padre Estanislau de Campos", "time": 16280, "street_name": "Avenida Padre Estanislau de Campos" }, { "distance": 23.636, "sign": -7, "interval": [ 14, 18 ], "text": "Keep left", "time": 4297, "street_name": "" }, { "distance": 32.961, "sign": -1, "interval": [ 18, 20 ], "text": "Turn slight left onto Rua Doutor Luiz Ayres", "time": 6592, "street_name": "Rua Doutor Luiz Ayres" }, { "distance": 25.408, "sign": 7, "interval": [ 20, 22 ], "text": "Keep right onto Rua Doutor Luiz Ayres", "time": 4620, "street_name": "Rua Doutor Luiz Ayres" }, { "distance": 33.379, "sign": -3, "interval": [ 22, 24 ], "text": "Turn sharp left", "time": 6676, "street_name": "" }, { "distance": 328.107, "sign": -2, "interval": [ 24, 29 ], "text": "Turn left onto Ciclovia Radial Leste (Caminho Verde)", "time": 65621, "street_name": "Ciclovia Radial Leste (Caminho Verde)" }, { "distance": 0.0, "sign": 4, "last_heading": 317.45872554813525, "interval": [ 29, 29 ], "text": "Arrive at destination", "time": 0, "street_name": "" } ], "legs": [ ], "details": { }, "ascend": 34.90802001953125, "descend": 32.37298583984375, "snapped_waypoints": { "type": "LineString", "coordinates": [ [ -46.487547, -23.54782, 794.48 ], [ -46.484722, -23.5404, 797.01 ] ] } } ] }, "geometry": null },
{ "type": "Feature", "properties": { "hints": { "visited_nodes.sum": 82, "visited_nodes.average": 82.0 }, "info": { "copyrights": [ "GraphHopper", "OpenStreetMap contributors" ], "took": 1, "road_data_timestamp": "2024-09-03T15:00:00Z" }, "paths": [ { "distance": 1338.66, "weight": 270.6171, "time": 264782, "transfers": 0, "points_encoded": false, "bbox": [ -46.5071, -23.537197, -46.501198, -23.531392 ], "points": { "type": "LineString", "coordinates": [ [ -46.506723, -23.537197, 796.0 ], [ -46.5071, -23.536638, 799.37 ], [ -46.505698, -23.535853, 804.27 ], [ -46.504627, -23.535275, 810.37 ], [ -46.504294, -23.535064, 810.61 ], [ -46.503802, -23.534646, 809.66 ], [ -46.503796, -23.534422, 807.62 ], [ -46.503844, -23.53373, 801.3 ], [ -46.502639, -23.533512, 794.57 ], [ -46.501497, -23.533295, 780.43 ], [ -46.502696, -23.531883, 776.21 ], [ -46.502826, -23.531747, 775.48 ], [ -46.501837, -23.531621, 768.64 ], [ -46.501625, -23.53199, 770.08 ], [ -46.50155, -23.532012, 769.63 ], [ -46.501495, -23.532016, 769.31 ], [ -46.501449, -23.532009, 769.04 ], [ -46.501366, -23.531978, 768.58 ], [ -46.501444, -23.531626, 768.46 ], [ -46.501277, -23.53173, 768.29 ], [ -46.501198, -23.531616, 768.35 ], [ -46.501543, -23.531392, 767.95 ] ] }, "instructions": [ { "distance": 73.238, "heading": 328.24, "sign": 0, "interval": [ 0, 1 ], "text": "Continue onto Rua Maestro Ernesto Lanos", "time": 16275, "street_name": "Rua Maestro Ernesto Lanos" }, { "distance": 506.471, "sign": 2, "interval": [ 1, 7 ], "text": "Turn right onto Rua Sabaudia", "time": 103911, "street_name": "Rua Sabaudia" }, { "distance": 245.137, "sign": 2, "interval": [ 7, 9 ], "text": "Turn right onto Rua Luzilândia", "time": 44570, "street_name": "Rua Luzilândia" }, { "distance": 219.133, "sign": -3, "interval": [ 9, 11 ], "text": "Turn sharp left onto Rua Porto da Folha", "time": 41742, "street_name": "Rua Porto da Folha" }, { "distance": 102.043, "sign": 3, "interval": [ 11, 12 ], "text": "Turn sharp right onto Rua Propriá", "time": 18553, "street_name": "Rua Propriá" }, { "distance": 46.373, "sign": 2, "interval": [ 12, 13 ], "text": "Turn right onto Avenida Antônio Estêvão de Carvalho", "time": 9467, "street_name": "Avenida Antônio Estêvão de Carvalho" }, { "distance": 27.597, "sign": -7, "interval": [ 13, 17 ], "text": "Keep left onto Avenida Antônio Estêvão de Carvalho", "time": 5018, "street_name": "Avenida Antônio Estêvão de Carvalho" }, { "distance": 39.939, "sign": -2, "interval": [ 17, 18 ], "text": "Turn left onto Avenida Antônio Estêvão de Carvalho", "time": 7988, "street_name": "Avenida Antônio Estêvão de Carvalho" }, { "distance": 20.557, "sign": 3, "interval": [ 18, 19 ], "text": "Turn sharp right onto Avenida Doutor Luís Aires", "time": 4111, "street_name": "Avenida Doutor Luís Aires" }, { "distance": 15.125, "sign": -2, "interval": [ 19, 20 ], "text": "Turn left", "time": 4537, "street_name": "" }, { "distance": 43.048, "sign": -2, "interval": [ 20, 21 ], "text": "Turn left onto Ciclovia Radial Leste (Caminho Verde)", "time": 8610, "street_name": "Ciclovia Radial Leste (Caminho Verde)" }, { "distance": 0.0, "sign": 4, "last_heading": 305.1974287323356, "interval": [ 21, 21 ], "text": "Arrive at destination", "time": 0, "street_name": "" } ], "legs": [ ], "details": { }, "ascend": 16.16998291015625, "descend": 44.221923828125, "snapped_waypoints": { "type": "LineString", "coordinates": [ [ -46.506723, -23.537197, 796.0 ], [ -46.501543, -23.531392, 767.95 ] ] } } ] }, "geometry": null },
{ "type": "Feature", "properties": { "hints": { "visited_nodes.sum": 38, "visited_nodes.average": 38.0 }, "info": { "copyrights": [ "GraphHopper", "OpenStreetMap contributors" ], "took": 2, "road_data_timestamp": "2024-09-03T15:00:00Z" }, "paths": [ { "distance": 1315.838, "weight": 229.577724, "time": 262684, "transfers": 0, "points_encoded": false, "bbox": [ -46.521224, -23.535533, -46.516468, -23.529403 ], "points": { "type": "LineString", "coordinates": [ [ -46.520766, -23.533381, 746.95 ], [ -46.520539, -23.5338, 748.12 ], [ -46.520149, -23.534636, 748.37 ], [ -46.519676, -23.535533, 748.07 ], [ -46.519452, -23.535412, 746.24 ], [ -46.51963, -23.535134, 746.18 ], [ -46.520261, -23.533767, 745.93 ], [ -46.520826, -23.532697, 745.72 ], [ -46.520919, -23.532544, 745.43 ], [ -46.521118, -23.532169, 744.83 ], [ -46.521184, -23.531995, 744.61 ], [ -46.521224, -23.531677, 743.94 ], [ -46.521146, -23.531659, 743.78 ], [ -46.521127, -23.531561, 743.43 ], [ -46.521185, -23.531382, 743.31 ], [ -46.52085, -23.531297, 743.67 ], [ -46.520051, -23.531058, 744.55 ], [ -46.518176, -23.530229, 747.62 ], [ -46.516468, -23.529403, 750.67 ] ] }, "instructions": [ { "distance": 263.887, "heading": 153.5, "sign": 0, "interval": [ 0, 3 ], "text": "Continue onto Avenida Doutor Bernardino Brito Fonseca de Carvalho", "time": 52777, "street_name": "Avenida Doutor Bernardino Brito Fonseca de Carvalho" }, { "distance": 26.534, "sign": -2, "interval": [ 3, 4 ], "text": "Turn left onto Rua Padre Costa", "time": 4824, "street_name": "Rua Padre Costa" }, { "distance": 455.026, "sign": -2, "interval": [ 4, 11 ], "text": "Turn left onto Avenida Doutor Bernardino Brito Fonseca de Carvalho", "time": 91005, "street_name": "Avenida Doutor Bernardino Brito Fonseca de Carvalho" }, { "distance": 40.052, "sign": 2, "interval": [ 11, 14 ], "text": "Turn right", "time": 8010, "street_name": "" }, { "distance": 530.339, "sign": 2, "interval": [ 14, 18 ], "text": "Turn right onto Ciclovia Radial Leste (Caminho Verde)", "time": 106068, "street_name": "Ciclovia Radial Leste (Caminho Verde)" }, { "distance": 0.0, "sign": 4, "last_heading": 62.200298239402166, "interval": [ 18, 18 ], "text": "Arrive at destination", "time": 0, "street_name": "" } ], "legs": [ ], "details": { }, "ascend": 9.19451904296875, "descend": 5.4739990234375, "snapped_waypoints": { "type": "LineString", "coordinates": [ [ -46.520766, -23.533381, 746.95 ], [ -46.516468, -23.529403, 750.67 ] ] } } ] }, "geometry": null },
{ "type": "Feature", "properties": { "hints": { "visited_nodes.sum": 42, "visited_nodes.average": 42.0 }, "info": { "copyrights": [ "GraphHopper", "OpenStreetMap contributors" ], "took": 1, "road_data_timestamp": "2024-09-03T15:00:00Z" }, "paths": [ { "distance": 1722.23, "weight": 318.354823, "time": 347184, "transfers": 0, "points_encoded": false, "bbox": [ -46.540911, -23.538562, -46.531023, -23.53184 ], "points": { "type": "LineString", "coordinates": [ [ -46.540911, -23.538562, 742.93 ], [ -46.539364, -23.538262, 742.95 ], [ -46.53717, -23.537852, 760.69 ], [ -46.536065, -23.537619, 758.23 ], [ -46.534373, -23.537279, 748.93 ], [ -46.534511, -23.536677, 753.71 ], [ -46.53454, -23.536512, 755.02 ], [ -46.53455, -23.536394, 755.95 ], [ -46.534539, -23.5363, 756.69 ], [ -46.534545, -23.536244, 757.18 ], [ -46.534725, -23.535654, 759.49 ], [ -46.534756, -23.535518, 760.02 ], [ -46.534777, -23.535253, 761.04 ], [ -46.534781, -23.534691, 758.56 ], [ -46.534759, -23.534496, 757.68 ], [ -46.534711, -23.534297, 756.77 ], [ -46.534639, -23.534102, 755.84 ], [ -46.534818, -23.533911, 753.93 ], [ -46.534945, -23.53374, 752.37 ], [ -46.535028, -23.533586, 751.07 ], [ -46.535092, -23.533429, 749.8 ], [ -46.535334, -23.532503, 742.59 ], [ -46.535371, -23.5324, 741.99 ], [ -46.535249, -23.532377, 741.61 ], [ -46.535297, -23.532213, 740.83 ], [ -46.534254, -23.532003, 742.13 ], [ -46.533081, -23.53186, 743.64 ], [ -46.532518, -23.53184, 744.37 ], [ -46.531023, -23.53201, 745.93 ] ] }, "instructions": [ { "distance": 682.685, "heading": 78.16, "sign": 0, "interval": [ 0, 4 ], "text": "Continue onto Avenida Ibiuna", "time": 143148, "street_name": "Avenida Ibiuna" }, { "distance": 360.251, "sign": -2, "interval": [ 4, 16 ], "text": "Turn left onto Rua Coronel Pedro Dias de Campos", "time": 72153, "street_name": "Rua Coronel Pedro Dias de Campos" }, { "distance": 207.256, "sign": -2, "interval": [ 16, 22 ], "text": "Turn left onto Avenida Melchert", "time": 37683, "street_name": "Avenida Melchert" }, { "distance": 12.663, "sign": 2, "interval": [ 22, 23 ], "text": "Turn right onto Avenida Conde de Frontin", "time": 2533, "street_name": "Avenida Conde de Frontin" }, { "distance": 18.908, "sign": -2, "interval": [ 23, 24 ], "text": "Turn left", "time": 3574, "street_name": "" }, { "distance": 440.467, "sign": 2, "interval": [ 24, 28 ], "text": "Turn right onto Ciclovia Radial Leste (Caminho Verde)", "time": 88093, "street_name": "Ciclovia Radial Leste (Caminho Verde)" }, { "distance": 0.0, "sign": 4, "last_heading": 97.07623922901537, "interval": [ 28, 28 ], "text": "Arrive at destination", "time": 0, "street_name": "" } ], "legs": [ ], "details": { }, "ascend": 35.3426513671875, "descend": 32.34759521484375, "snapped_waypoints": { "type": "LineString", "coordinates": [ [ -46.540911, -23.538562, 742.93 ], [ -46.531023, -23.53201, 745.93 ] ] } } ] }, "geometry": null },
{ "type": "Feature", "properties": { "hints": { "visited_nodes.sum": 70, "visited_nodes.average": 70.0 }, "info": { "copyrights": [ "GraphHopper", "OpenStreetMap contributors" ], "took": 1, "road_data_timestamp": "2024-09-03T15:00:00Z" }, "paths": [ { "distance": 1769.237, "weight": 387.830225, "time": 380296, "transfers": 0, "points_encoded": false, "bbox": [ -46.553143, -23.537816, -46.542313, -23.533652 ], "points": { "type": "LineString", "coordinates": [ [ -46.549758, -23.53696, 733.66 ], [ -46.549802, -23.536772, 733.82 ], [ -46.550584, -23.536935, 734.16 ], [ -46.550313, -23.537233, 734.04 ], [ -46.550533, -23.537335, 734.31 ], [ -46.551701, -23.537816, 735.73 ], [ -46.552063, -23.537023, 734.06 ], [ -46.552661, -23.53714, 733.13 ], [ -46.553143, -23.536025, 732.66 ], [ -46.552796, -23.535953, 731.55 ], [ -46.552889, -23.535613, 731.49 ], [ -46.552462, -23.535541, 731.49 ], [ -46.551357, -23.53532, 731.5 ], [ -46.550445, -23.535118, 731.5 ], [ -46.549327, -23.534894, 731.5 ], [ -46.548222, -23.534661, 731.51 ], [ -46.547837, -23.534571, 731.51 ], [ -46.547573, -23.534525, 732.26 ], [ -46.547299, -23.534493, 733.03 ], [ -46.546562, -23.534331, 735.16 ], [ -46.544875, -23.534056, 739.97 ], [ -46.543638, -23.533889, 743.48 ], [ -46.542313, -23.533652, 744.82 ] ] }, "instructions": [ { "distance": 21.359, "heading": 347.81, "sign": 0, "interval": [ 0, 1 ], "text": "Continue onto Rua Acanuera", "time": 4272, "street_name": "Rua Acanuera" }, { "distance": 81.691, "sign": -2, "interval": [ 1, 2 ], "text": "Turn left onto Rua da Genoveva", "time": 16338, "street_name": "Rua da Genoveva" }, { "distance": 43.138, "sign": -3, "interval": [ 2, 3 ], "text": "Turn sharp left onto Rua Carlos Silva", "time": 8628, "street_name": "Rua Carlos Silva" }, { "distance": 155.646, "sign": 2, "interval": [ 3, 5 ], "text": "Turn right onto Rua Guaraciaba", "time": 31129, "street_name": "Rua Guaraciaba" }, { "distance": 95.651, "sign": 2, "interval": [ 5, 6 ], "text": "Turn right onto Rua Abaporu", "time": 18287, "street_name": "Rua Abaporu" }, { "distance": 62.391, "sign": -2, "interval": [ 6, 7 ], "text": "Turn left onto Rua Pinhalzinho", "time": 12478, "street_name": "Rua Pinhalzinho" }, { "distance": 133.393, "sign": 2, "interval": [ 7, 8 ], "text": "Turn right onto Rua Altair", "time": 26679, "street_name": "Rua Altair" }, { "distance": 36.237, "sign": 2, "interval": [ 8, 9 ], "text": "Turn right onto Avenida Conde de Frontin", "time": 7247, "street_name": "Avenida Conde de Frontin" }, { "distance": 38.989, "sign": -2, "interval": [ 9, 10 ], "text": "Turn left", "time": 35090, "street_name": "" }, { "distance": 1100.742, "sign": 2, "interval": [ 10, 22 ], "text": "Turn right onto Ciclovia Radial Leste (Caminho Verde)", "time": 220148, "street_name": "Ciclovia Radial Leste (Caminho Verde)" }, { "distance": 0.0, "sign": 4, "last_heading": 78.97650248083268, "interval": [ 22, 22 ], "text": "Arrive at destination", "time": 0, "street_name": "" } ], "legs": [ ], "details": { }, "ascend": 15.74798583984375, "descend": 4.583984375, "snapped_waypoints": { "type": "LineString", "coordinates": [ [ -46.549758, -23.53696, 733.66 ], [ -46.542313, -23.533652, 744.82 ] ] } } ] }, "geometry": null },
{ "type": "Feature", "properties": { "hints": { "visited_nodes.sum": 64, "visited_nodes.average": 64.0 }, "info": { "copyrights": [ "GraphHopper", "OpenStreetMap contributors" ], "took": 1, "road_data_timestamp": "2024-09-03T15:00:00Z" }, "paths": [ { "distance": 1126.518, "weight": 461.823406, "time": 225703, "transfers": 0, "points_encoded": false, "bbox": [ -46.569872, -23.542467, -46.564129, -23.537958 ], "points": { "type": "LineString", "coordinates": [ [ -46.569872, -23.541719, 755.34 ], [ -46.569703, -23.542467, 756.6 ], [ -46.567143, -23.541957, 754.07 ], [ -46.567452, -23.540604, 752.87 ], [ -46.567384, -23.540581, 752.61 ], [ -46.567343, -23.540557, 752.44 ], [ -46.567307, -23.540519, 752.24 ], [ -46.56725, -23.540421, 751.82 ], [ -46.567223, -23.540351, 751.53 ], [ -46.56719, -23.540183, 750.99 ], [ -46.566296, -23.540004, 750.67 ], [ -46.566794, -23.538728, 744.81 ], [ -46.566061, -23.538633, 745.98 ], [ -46.565368, -23.538521, 746.0 ], [ -46.565446, -23.538221, 744.6 ], [ -46.564129, -23.537958, 743.91 ] ] }, "instructions": [ { "distance": 85.044, "heading": 168.28, "sign": 0, "interval": [ 0, 1 ], "text": "Continue onto Rua Serra de Japi", "time": 17009, "street_name": "Rua Serra de Japi" }, { "distance": 267.108, "sign": -2, "interval": [ 1, 2 ], "text": "Turn left onto Rua Padre Estevão Pernet", "time": 53421, "street_name": "Rua Padre Estevão Pernet" }, { "distance": 153.779, "sign": -2, "interval": [ 2, 3 ], "text": "Turn left onto Rua Itapura", "time": 30756, "street_name": "Rua Itapura" }, { "distance": 57.519, "sign": 2, "interval": [ 3, 9 ], "text": "Turn right onto Praça Barão de Itaqui", "time": 11504, "street_name": "Praça Barão de Itaqui" }, { "distance": 93.307, "sign": 2, "interval": [ 9, 10 ], "text": "Turn right onto Rua Platina", "time": 18661, "street_name": "Rua Platina" }, { "distance": 150.878, "sign": -2, "interval": [ 10, 11 ], "text": "Turn left onto Rua Vilela", "time": 27878, "street_name": "Rua Vilela" }, { "distance": 147.2, "sign": 2, "interval": [ 11, 13 ], "text": "Turn right onto Rua Melo Freire", "time": 29440, "street_name": "Rua Melo Freire" }, { "distance": 34.284, "sign": -2, "interval": [ 13, 14 ], "text": "Turn left", "time": 9554, "street_name": "" }, { "distance": 137.399, "sign": 2, "interval": [ 14, 15 ], "text": "Turn right onto Ciclovia Radial Leste (Caminho Verde)", "time": 27480, "street_name": "Ciclovia Radial Leste (Caminho Verde)" }, { "distance": 0.0, "sign": 4, "last_heading": 77.26908825134282, "interval": [ 15, 15 ], "text": "Arrive at destination", "time": 0, "street_name": "" } ], "legs": [ ], "details": { }, "ascend": 3.84161376953125, "descend": 15.2716064453125, "snapped_waypoints": { "type": "LineString", "coordinates": [ [ -46.569872, -23.541719, 755.34 ], [ -46.564129, -23.537958, 743.91 ] ] } } ] }, "geometry": null },
{ "type": "Feature", "properties": { "hints": { "visited_nodes.sum": 66, "visited_nodes.average": 66.0 }, "info": { "copyrights": [ "GraphHopper", "OpenStreetMap contributors" ], "took": 1, "road_data_timestamp": "2024-09-03T15:00:00Z" }, "paths": [ { "distance": 2816.212, "weight": 782.277586, "time": 632052, "transfers": 0, "points_encoded": false, "bbox": [ -46.591853, -23.541387, -46.575565, -23.533403 ], "points": { "type": "LineString", "coordinates": [ [ -46.590185, -23.533403, 728.09 ], [ -46.590835, -23.533804, 728.95 ], [ -46.591253, -23.533991, 729.58 ], [ -46.591526, -23.534074, 729.98 ], [ -46.591556, -23.534072, 730.02 ], [ -46.591596, -23.534054, 730.08 ], [ -46.591669, -23.534115, 730.43 ], [ -46.59174, -23.534146, 730.7 ], [ -46.591853, -23.534211, 731.13 ], [ -46.591832, -23.534245, 731.14 ], [ -46.591805, -23.534328, 731.19 ], [ -46.591578, -23.536942, 735.33 ], [ -46.590101, -23.53682, 736.69 ], [ -46.588238, -23.536475, 736.29 ], [ -46.587577, -23.539143, 750.06 ], [ -46.586229, -23.538885, 748.83 ], [ -46.58566, -23.54117, 750.97 ], [ -46.584407, -23.540907, 751.51 ], [ -46.584314, -23.540952, 751.03 ], [ -46.584272, -23.541121, 750.28 ], [ -46.58419, -23.541364, 749.2 ], [ -46.584174, -23.541378, 749.11 ], [ -46.584134, -23.541387, 748.95 ], [ -46.584095, -23.541386, 748.8 ], [ -46.583032, -23.541164, 744.53 ], [ -46.582477, -23.541035, 743.82 ], [ -46.582036, -23.540944, 742.57 ], [ -46.580005, -23.540543, 741.06 ], [ -46.576003, -23.53977, 751.68 ], [ -46.576017, -23.539763, 751.7 ], [ -46.576151, -23.53979, 751.9 ], [ -46.575966, -23.540559, 752.65 ], [ -46.575584, -23.540481, 751.56 ], [ -46.575565, -23.540542, 751.63 ], [ -46.576233, -23.540669, 751.07 ] ] }, "instructions": [ { "distance": 164.296, "heading": 236.05, "sign": 0, "interval": [ 0, 5 ], "text": "Continue", "time": 49289, "street_name": "" }, { "distance": 31.688, "sign": -2, "interval": [ 5, 8 ], "text": "Turn left", "time": 9843, "street_name": "" }, { "distance": 305.577, "sign": -2, "interval": [ 8, 11 ], "text": "Turn left onto Rua Nelson Cruz", "time": 61116, "street_name": "Rua Nelson Cruz" }, { "distance": 344.958, "sign": -2, "interval": [ 11, 13 ], "text": "Turn left onto Avenida Celso Garcia", "time": 68992, "street_name": "Avenida Celso Garcia" }, { "distance": 304.582, "sign": 2, "interval": [ 13, 14 ], "text": "Turn right onto Rua Pimenta Bueno", "time": 67684, "street_name": "Rua Pimenta Bueno" }, { "distance": 140.412, "sign": -2, "interval": [ 14, 15 ], "text": "Turn left onto Rua Irmã Carolina", "time": 28083, "street_name": "Rua Irmã Carolina" }, { "distance": 260.545, "sign": 2, "interval": [ 15, 16 ], "text": "Turn right onto Rua Redenção", "time": 52109, "street_name": "Rua Redenção" }, { "distance": 131.021, "sign": -2, "interval": [ 16, 17 ], "text": "Turn left onto Rua Toledo Barbosa", "time": 26204, "street_name": "Rua Toledo Barbosa" }, { "distance": 10.727, "sign": 7, "interval": [ 17, 18 ], "text": "Keep right onto Rua Toledo Barbosa", "time": 1950, "street_name": "Rua Toledo Barbosa" }, { "distance": 273.771, "sign": 2, "interval": [ 18, 26 ], "text": "Turn right onto Rua Engenheiro Balém", "time": 54754, "street_name": "Rua Engenheiro Balém" }, { "distance": 628.93, "sign": 0, "interval": [ 26, 28 ], "text": "Continue onto Rua Catiguá", "time": 129757, "street_name": "Rua Catiguá" }, { "distance": 15.539, "sign": -3, "interval": [ 28, 30 ], "text": "Turn sharp left", "time": 27970, "street_name": "" }, { "distance": 87.609, "sign": -2, "interval": [ 30, 31 ], "text": "Turn left", "time": 26283, "street_name": "" }, { "distance": 39.932, "sign": -2, "interval": [ 31, 32 ], "text": "Turn left", "time": 11980, "street_name": "" }, { "distance": 7.132, "sign": 2, "interval": [ 32, 33 ], "text": "Turn right", "time": 2140, "street_name": "" }, { "distance": 69.492, "sign": 2, "interval": [ 33, 34 ], "text": "Turn right onto Rua Melo Freire", "time": 13898, "street_name": "Rua Melo Freire" }, { "distance": 0.0, "sign": 4, "last_heading": 258.31802193473163, "interval": [ 34, 34 ], "text": "Arrive at destination", "time": 0, "street_name": "" } ], "legs": [ ], "details": { }, "ascend": 39.44256591796875, "descend": 16.45953369140625, "snapped_waypoints": { "type": "LineString", "coordinates": [ [ -46.590185, -23.533403, 728.09 ], [ -46.576233, -23.540669, 751.07 ] ] } } ] }, "geometry": null },
{ "type": "Feature", "properties": { "hints": { "visited_nodes.sum": 58, "visited_nodes.average": 58.0 }, "info": { "copyrights": [ "GraphHopper", "OpenStreetMap contributors" ], "took": 1, "road_data_timestamp": "2024-09-03T15:00:00Z" }, "paths": [ { "distance": 1651.912, "weight": 647.415663, "time": 510428, "transfers": 0, "points_encoded": false, "bbox": [ -46.592264, -23.543457, -46.589079, -23.533403 ], "points": { "type": "LineString", "coordinates": [ [ -46.590185, -23.533403, 728.09 ], [ -46.590835, -23.533804, 728.95 ], [ -46.591253, -23.533991, 729.58 ], [ -46.591526, -23.534074, 729.98 ], [ -46.591556, -23.534072, 730.02 ], [ -46.591596, -23.534054, 730.08 ], [ -46.591669, -23.534115, 730.43 ], [ -46.59174, -23.534146, 730.7 ], [ -46.591853, -23.534211, 731.13 ], [ -46.591832, -23.534245, 731.14 ], [ -46.591805, -23.534328, 731.19 ], [ -46.591578, -23.536942, 735.33 ], [ -46.592264, -23.537015, 736.41 ], [ -46.592081, -23.539007, 752.51 ], [ -46.591992, -23.539828, 747.44 ], [ -46.591951, -23.540011, 747.32 ], [ -46.591743, -23.540571, 749.93 ], [ -46.59052, -23.540153, 750.53 ], [ -46.590093, -23.541069, 751.09 ], [ -46.589642, -23.542101, 750.39 ], [ -46.589746, -23.542133, 750.03 ], [ -46.589684, -23.54233, 749.79 ], [ -46.589642, -23.542527, 749.11 ], [ -46.589658, -23.542554, 748.95 ], [ -46.589536, -23.543063, 748.69 ], [ -46.589518, -23.543272, 748.59 ], [ -46.589498, -23.543374, 748.62 ], [ -46.589096, -23.543299, 748.05 ], [ -46.589079, -23.543371, 748.29 ], [ -46.589367, -23.543425, 748.12 ], [ -46.589604, -23.543454, 747.98 ], [ -46.589819, -23.543457, 747.85 ], [ -46.590132, -23.543441, 747.58 ] ] }, "instructions": [ { "distance": 164.296, "heading": 236.05, "sign": 0, "interval": [ 0, 5 ], "text": "Continue", "time": 49289, "street_name": "" }, { "distance": 31.688, "sign": -2, "interval": [ 5, 8 ], "text": "Turn left", "time": 9843, "street_name": "" }, { "distance": 305.577, "sign": -2, "interval": [ 8, 11 ], "text": "Turn left onto Rua Nelson Cruz", "time": 61116, "street_name": "Rua Nelson Cruz" }, { "distance": 70.434, "sign": 2, "interval": [ 11, 12 ], "text": "Turn right onto Avenida Celso Garcia", "time": 14087, "street_name": "Avenida Celso Garcia" }, { "distance": 401.535, "sign": -2, "interval": [ 12, 16 ], "text": "Turn left onto Rua Doutor Clementino", "time": 88151, "street_name": "Rua Doutor Clementino" }, { "distance": 133.1, "sign": -2, "interval": [ 16, 17 ], "text": "Turn left onto Rua Júlio de Castilhos", "time": 26620, "street_name": "Rua Júlio de Castilhos" }, { "distance": 234.486, "sign": 2, "interval": [ 17, 19 ], "text": "Turn right onto Rua Fernandes Vieira and drive toward Metro Belem, Terminal de Onibus Urbano", "time": 46895, "street_destination": "Metro Belem, Terminal de Onibus Urbano", "street_name": "Rua Fernandes Vieira" }, { "distance": 11.26, "sign": 2, "interval": [ 19, 20 ], "text": "Turn right onto Rua Toledo Barbosa", "time": 8107, "street_name": "Rua Toledo Barbosa" }, { "distance": 22.725, "sign": -2, "interval": [ 20, 21 ], "text": "Turn left", "time": 20453, "street_name": "" }, { "distance": 25.775, "sign": 0, "interval": [ 21, 23 ], "text": "Continue", "time": 46395, "street_name": "" }, { "distance": 92.835, "sign": -1, "interval": [ 23, 26 ], "text": "Turn slight left", "time": 27851, "street_name": "" }, { "distance": 49.988, "sign": -2, "interval": [ 26, 28 ], "text": "Turn left", "time": 89978, "street_name": "" }, { "distance": 108.213, "sign": 2, "interval": [ 28, 32 ], "text": "Turn right onto Avenida Alcântara Machado", "time": 21643, "street_name": "Avenida Alcântara Machado" }, { "distance": 0.0, "sign": 4, "last_heading": 273.0315781136912, "interval": [ 32, 32 ], "text": "Arrive at destination", "time": 0, "street_name": "" } ], "legs": [ ], "details": { }, "ascend": 28.86163330078125, "descend": 9.37164306640625, "snapped_waypoints": { "type": "LineString", "coordinates": [ [ -46.590185, -23.533403, 728.09 ], [ -46.590132, -23.543441, 747.58 ] ] } } ] }, "geometry": null },
{ "type": "Feature", "properties": { "hints": { "visited_nodes.sum": 46, "visited_nodes.average": 46.0 }, "info": { "copyrights": [ "GraphHopper", "OpenStreetMap contributors" ], "took": 1, "road_data_timestamp": "2024-09-03T15:00:00Z" }, "paths": [ { "distance": 1081.808, "weight": 253.260836, "time": 258521, "transfers": 0, "points_encoded": false, "bbox": [ -46.611584, -23.550927, -46.607508, -23.546781 ], "points": { "type": "LineString", "coordinates": [ [ -46.611117, -23.549509, 739.79 ], [ -46.611535, -23.549745, 739.45 ], [ -46.611504, -23.54979, 739.5 ], [ -46.611584, -23.549836, 739.35 ], [ -46.610774, -23.550927, 743.55 ], [ -46.60951, -23.550215, 741.01 ], [ -46.608295, -23.549519, 739.45 ], [ -46.610056, -23.547417, 741.97 ], [ -46.609428, -23.547063, 739.06 ], [ -46.609211, -23.546962, 738.68 ], [ -46.609122, -23.546933, 738.53 ], [ -46.607978, -23.546781, 738.98 ], [ -46.607886, -23.546787, 739.19 ], [ -46.60782, -23.546809, 739.34 ], [ -46.60773, -23.546857, 739.52 ], [ -46.607508, -23.54684, 739.5 ] ] }, "instructions": [ { "distance": 49.997, "heading": 238.34, "sign": 0, "interval": [ 0, 1 ], "text": "Continue", "time": 44997, "street_name": "" }, { "distance": 5.922, "sign": -2, "interval": [ 1, 2 ], "text": "Turn left", "time": 5330, "street_name": "" }, { "distance": 9.624, "sign": 2, "interval": [ 2, 3 ], "text": "Turn right onto Rua Ipanema", "time": 1925, "street_name": "Rua Ipanema" }, { "distance": 146.83, "sign": -2, "interval": [ 3, 4 ], "text": "Turn left onto Rua Doutor Almeida Lima", "time": 29366, "street_name": "Rua Doutor Almeida Lima" }, { "distance": 297.281, "sign": -2, "interval": [ 4, 6 ], "text": "Turn left onto Rua Frei Gaspar", "time": 59456, "street_name": "Rua Frei Gaspar" }, { "distance": 294.852, "sign": -2, "interval": [ 6, 7 ], "text": "Turn left onto Rua Almirante Brasil", "time": 61082, "street_name": "Rua Almirante Brasil" }, { "distance": 254.588, "sign": 2, "interval": [ 7, 14 ], "text": "Turn right onto Rua Visconde de Parnaíba", "time": 49551, "street_name": "Rua Visconde de Parnaíba" }, { "distance": 22.714, "sign": -7, "interval": [ 14, 15 ], "text": "Keep left", "time": 6814, "street_name": "" }, { "distance": 0.0, "sign": 4, "last_heading": 85.3993593642492, "interval": [ 15, 15 ], "text": "Arrive at destination", "time": 0, "street_name": "" } ], "legs": [ ], "details": { }, "ascend": 10.973876953125, "descend": 11.2628173828125, "snapped_waypoints": { "type": "LineString", "coordinates": [ [ -46.611117, -23.549509, 739.79 ], [ -46.607508, -23.54684, 739.5 ] ] } } ] }, "geometry": null },
{ "type": "Feature", "properties": { "hints": { "visited_nodes.sum": 66, "visited_nodes.average": 66.0 }, "info": { "copyrights": [ "GraphHopper", "OpenStreetMap contributors" ], "took": 1, "road_data_timestamp": "2024-09-03T15:00:00Z" }, "paths": [ { "distance": 1844.384, "weight": 431.555469, "time": 449928, "transfers": 0, "points_encoded": false, "bbox": [ -46.615666, -23.554514, -46.609487, -23.547902 ], "points": { "type": "LineString", "coordinates": [ [ -46.611117, -23.549509, 739.79 ], [ -46.611535, -23.549745, 739.45 ], [ -46.611504, -23.54979, 739.5 ], [ -46.611584, -23.549836, 739.35 ], [ -46.610207, -23.55169, 748.13 ], [ -46.61008, -23.551834, 745.96 ], [ -46.610061, -23.55186, 745.58 ], [ -46.610053, -23.551887, 745.28 ], [ -46.609902, -23.551821, 744.6 ], [ -46.609916, -23.551796, 744.55 ], [ -46.609942, -23.551828, 745.03 ], [ -46.60997, -23.551835, 745.34 ], [ -46.610014, -23.551833, 745.83 ], [ -46.610033, -23.551821, 746.08 ], [ -46.610045, -23.551801, 746.34 ], [ -46.610047, -23.55176, 746.83 ], [ -46.610018, -23.551726, 745.93 ], [ -46.609986, -23.551719, 745.68 ], [ -46.609937, -23.551737, 745.32 ], [ -46.609626, -23.552215, 741.09 ], [ -46.609526, -23.552491, 741.23 ], [ -46.609535, -23.552519, 741.24 ], [ -46.609562, -23.552556, 741.24 ], [ -46.609613, -23.552564, 741.24 ], [ -46.609642, -23.552542, 741.25 ], [ -46.609661, -23.552509, 741.26 ], [ -46.609662, -23.552476, 741.27 ], [ -46.609647, -23.552449, 741.3 ], [ -46.609621, -23.552435, 741.2 ], [ -46.609591, -23.55243, 741.11 ], [ -46.609554, -23.552443, 741.02 ], [ -46.609487, -23.55249, 740.98 ], [ -46.609504, -23.552559, 741.15 ], [ -46.609712, -23.552702, 741.69 ], [ -46.609789, -23.554446, 739.41 ], [ -46.60978, -23.554514, 739.53 ], [ -46.610146, -23.554494, 739.64 ], [ -46.610221, -23.554393, 739.73 ], [ -46.61057, -23.554356, 739.89 ], [ -46.610523, -23.554503, 739.97 ], [ -46.610839, -23.554456, 740.38 ], [ -46.610868, -23.554384, 740.57 ], [ -46.610931, -23.554276, 740.87 ], [ -46.611008, -23.554188, 741.14 ], [ -46.611566, -23.553363, 741.58 ], [ -46.611721, -23.553117, 741.71 ], [ -46.612006, -23.552627, 742.9 ], [ -46.612349, -23.552089, 741.29 ], [ -46.613985, -23.549632, 738.5 ], [ -46.613885, -23.549567, 738.44 ], [ -46.61449, -23.548694, 740.22 ], [ -46.615027, -23.547902, 740.8 ], [ -46.615666, -23.548252, 739.8 ] ] }, "instructions": [ { "distance": 49.997, "heading": 238.34, "sign": 0, "interval": [ 0, 1 ], "text": "Continue", "time": 44997, "street_name": "" }, { "distance": 5.922, "sign": -2, "interval": [ 1, 2 ], "text": "Turn left", "time": 5330, "street_name": "" }, { "distance": 9.624, "sign": 2, "interval": [ 2, 3 ], "text": "Turn right onto Rua Ipanema", "time": 1925, "street_name": "Rua Ipanema" }, { "distance": 276.905, "sign": -2, "interval": [ 3, 7 ], "text": "Turn left onto Rua Doutor Almeida Lima", "time": 57168, "street_name": "Rua Doutor Almeida Lima" }, { "distance": 20.246, "sign": -2, "interval": [ 7, 9 ], "text": "Turn left", "time": 11375, "street_name": "" }, { "distance": 97.17, "sign": -3, "interval": [ 9, 19 ], "text": "Turn sharp left onto Passarela Wanderley Serpa Desgualdo", "time": 28101, "street_name": "Passarela Wanderley Serpa Desgualdo" }, { "distance": 114.016, "sign": 7, "interval": [ 19, 33 ], "text": "Keep right onto Passarela Wanderley Serpa Desgualdo", "time": 34205, "street_name": "Passarela Wanderley Serpa Desgualdo" }, { "distance": 201.78, "sign": -2, "interval": [ 33, 35 ], "text": "Turn left onto Rua Doutor Almeida Lima", "time": 39455, "street_name": "Rua Doutor Almeida Lima" }, { "distance": 136.268, "sign": 2, "interval": [ 35, 40 ], "text": "Turn right", "time": 40880, "street_name": "" }, { "distance": 625.315, "sign": 2, "interval": [ 40, 48 ], "text": "Turn right onto Rua Palmorino Mônaco", "time": 125063, "street_name": "Rua Palmorino Mônaco" }, { "distance": 231.182, "sign": 2, "interval": [ 48, 51 ], "text": "Turn right onto Rua Visconde de Parnaíba", "time": 46237, "street_name": "Rua Visconde de Parnaíba" }, { "distance": 75.96, "sign": -2, "interval": [ 51, 52 ], "text": "Turn left onto Rua Coronel Mursa", "time": 15192, "street_name": "Rua Coronel Mursa" }, { "distance": 0.0, "sign": 4, "last_heading": 238.81453858847843, "interval": [ 52, 52 ], "text": "Arrive at destination", "time": 0, "street_name": "" } ], "legs": [ ], "details": { }, "ascend": 18.9051513671875, "descend": 18.8916015625, "snapped_waypoints": { "type": "LineString", "coordinates": [ [ -46.611117, -23.549509, 739.79 ], [ -46.615666, -23.548252, 739.8 ] ] } } ] }, "geometry": null },
{ "type": "Feature", "properties": { "hints": { "visited_nodes.sum": 50, "visited_nodes.average": 50.0 }, "info": { "copyrights": [ "GraphHopper", "OpenStreetMap contributors" ], "took": 1, "road_data_timestamp": "2024-09-03T15:00:00Z" }, "paths": [ { "distance": 1923.881, "weight": 454.248455, "time": 418713, "transfers": 0, "points_encoded": false, "bbox": [ -46.626233, -23.550028, -46.617794, -23.543117 ], "points": { "type": "LineString", "coordinates": [ [ -46.618119, -23.545803, 734.69 ], [ -46.618973, -23.544539, 735.15 ], [ -46.617794, -23.543814, 735.04 ], [ -46.61828, -23.543117, 737.39 ], [ -46.619422, -23.543394, 734.43 ], [ -46.619484, -23.543478, 734.58 ], [ -46.621233, -23.543879, 732.5 ], [ -46.621336, -23.543941, 731.87 ], [ -46.621228, -23.544087, 732.05 ], [ -46.620559, -23.545065, 733.69 ], [ -46.620442, -23.54522, 734.11 ], [ -46.620877, -23.545448, 732.39 ], [ -46.621753, -23.545882, 734.46 ], [ -46.622773, -23.546369, 734.99 ], [ -46.622804, -23.546343, 734.92 ], [ -46.625849, -23.547665, 735.86 ], [ -46.625964, -23.547697, 736.55 ], [ -46.626014, -23.5477, 736.82 ], [ -46.626077, -23.547692, 737.26 ], [ -46.626101, -23.547745, 737.23 ], [ -46.626103, -23.547828, 736.94 ], [ -46.626047, -23.547888, 736.41 ], [ -46.626102, -23.54794, 736.28 ], [ -46.626151, -23.548044, 735.66 ], [ -46.626154, -23.548156, 735.04 ], [ -46.626117, -23.54833, 734.07 ], [ -46.626053, -23.548435, 733.41 ], [ -46.626111, -23.548453, 733.37 ], [ -46.626228, -23.548516, 732.49 ], [ -46.626111, -23.548655, 731.91 ], [ -46.626233, -23.548761, 730.62 ], [ -46.626004, -23.548997, 730.52 ], [ -46.625898, -23.549068, 730.48 ], [ -46.625694, -23.549323, 730.39 ], [ -46.625607, -23.549468, 730.33 ], [ -46.625484, -23.549793, 730.28 ], [ -46.625419, -23.549938, 730.25 ], [ -46.625499, -23.549958, 730.05 ], [ -46.625603, -23.54997, 729.79 ], [ -46.625689, -23.550004, 729.55 ], [ -46.625881, -23.550028, 729.13 ], [ -46.625928, -23.549767, 729.41 ] ] }, "instructions": [ { "distance": 165.267, "heading": 328.24, "sign": 0, "interval": [ 0, 1 ], "text": "Continue onto Rua Martim Burchard", "time": 33053, "street_name": "Rua Martim Burchard" }, { "distance": 144.63, "sign": 2, "interval": [ 1, 2 ], "text": "Turn right onto Avenida Rangel Pestana", "time": 28926, "street_name": "Avenida Rangel Pestana" }, { "distance": 92.031, "sign": -2, "interval": [ 2, 3 ], "text": "Turn left onto Rua Domingos Paiva", "time": 18850, "street_name": "Rua Domingos Paiva" }, { "distance": 131.65, "sign": -2, "interval": [ 3, 5 ], "text": "Turn left onto Rua do Gasômetro", "time": 26330, "street_name": "Rua do Gasômetro" }, { "distance": 183.908, "sign": 1, "interval": [ 5, 6 ], "text": "Turn slight right onto Viaduto Gasômetro", "time": 35331, "street_name": "Viaduto Gasômetro" }, { "distance": 12.549, "sign": -7, "interval": [ 6, 7 ], "text": "Keep left onto Rua do Gasômetro", "time": 2282, "street_name": "Rua do Gasômetro" }, { "distance": 168.865, "sign": -2, "interval": [ 7, 10 ], "text": "Turn left onto Rua Monsenhor Andrade", "time": 33773, "street_name": "Rua Monsenhor Andrade" }, { "distance": 269.894, "sign": 2, "interval": [ 10, 13 ], "text": "Turn right onto Avenida Rangel Pestana", "time": 53537, "street_name": "Avenida Rangel Pestana" }, { "distance": 371.699, "sign": 2, "interval": [ 13, 18 ], "text": "Turn right onto Rua Caetano Pinto", "time": 76372, "street_name": "Rua Caetano Pinto" }, { "distance": 90.676, "sign": -2, "interval": [ 18, 26 ], "text": "Turn left", "time": 17566, "street_name": "" }, { "distance": 57.022, "sign": 2, "interval": [ 26, 30 ], "text": "Turn right", "time": 10944, "street_name": "" }, { "distance": 157.78, "sign": -2, "interval": [ 30, 36 ], "text": "Turn left", "time": 31556, "street_name": "" }, { "distance": 48.481, "sign": 2, "interval": [ 36, 40 ], "text": "Turn right", "time": 14544, "street_name": "" }, { "distance": 29.429, "sign": 2, "interval": [ 40, 41 ], "text": "Turn right", "time": 35649, "street_name": "" }, { "distance": 0.0, "sign": 4, "last_heading": 350.7819509129439, "interval": [ 41, 41 ], "text": "Arrive at destination", "time": 0, "street_name": "" } ], "legs": [ ], "details": { }, "ascend": 15.80792236328125, "descend": 21.0869140625, "snapped_waypoints": { "type": "LineString", "coordinates": [ [ -46.618119, -23.545803, 734.69 ], [ -46.625928, -23.549767, 729.41 ] ] } } ] }, "geometry": null },
{ "type": "Feature", "properties": { "hints": { "visited_nodes.sum": 32, "visited_nodes.average": 32.0 }, "info": { "copyrights": [ "GraphHopper", "OpenStreetMap contributors" ], "took": 1, "road_data_timestamp": "2024-09-03T15:00:00Z" }, "paths": [ { "distance": 429.939, "weight": 113.00267, "time": 120477, "transfers": 0, "points_encoded": false, "bbox": [ -46.636309, -23.550734, -46.633048, -23.54958 ], "points": { "type": "LineString", "coordinates": [ [ -46.636112, -23.549611, 780.62 ], [ -46.636268, -23.54958, 776.98 ], [ -46.636309, -23.549644, 776.61 ], [ -46.635084, -23.549876, 783.52 ], [ -46.634111, -23.550072, 779.79 ], [ -46.634072, -23.549993, 779.34 ], [ -46.633792, -23.550083, 779.53 ], [ -46.633936, -23.550372, 781.34 ], [ -46.633048, -23.550734, 771.59 ] ] }, "instructions": [ { "distance": 16.735, "heading": 282.38, "sign": 0, "interval": [ 0, 1 ], "text": "Continue", "time": 13692, "street_name": "" }, { "distance": 8.318, "sign": -2, "interval": [ 1, 2 ], "text": "Turn left onto Rua Senador Paulo Egídio", "time": 6806, "street_name": "Rua Senador Paulo Egídio" }, { "distance": 229.371, "sign": -3, "interval": [ 2, 4 ], "text": "Turn sharp left onto Rua Benjamim Constant", "time": 46350, "street_name": "Rua Benjamim Constant" }, { "distance": 9.699, "sign": -2, "interval": [ 4, 5 ], "text": "Turn left onto Praça da Sé", "time": 1763, "street_name": "Praça da Sé" }, { "distance": 30.31, "sign": 2, "interval": [ 5, 6 ], "text": "Turn right", "time": 11768, "street_name": "" }, { "distance": 135.507, "sign": 2, "interval": [ 6, 8 ], "text": "Turn right", "time": 40098, "street_name": "" }, { "distance": 0.0, "sign": 4, "last_heading": 113.10186875882451, "interval": [ 8, 8 ], "text": "Arrive at destination", "time": 0, "street_name": "" } ], "legs": [ ], "details": { }, "ascend": 10.69189453125, "descend": 19.7188720703125, "snapped_waypoints": { "type": "LineString", "coordinates": [ [ -46.636112, -23.549611, 780.62 ], [ -46.633048, -23.550734, 771.59 ] ] } } ] }, "geometry": null },
{ "type": "Feature", "properties": { "hints": { "visited_nodes.sum": 78, "visited_nodes.average": 78.0 }, "info": { "copyrights": [ "GraphHopper", "OpenStreetMap contributors" ], "took": 2, "road_data_timestamp": "2024-09-03T15:00:00Z" }, "paths": [ { "distance": 1240.979, "weight": 488.688316, "time": 299044, "transfers": 0, "points_encoded": false, "bbox": [ -46.639687, -23.549644, -46.636112, -23.545925 ], "points": { "type": "LineString", "coordinates": [ [ -46.636112, -23.549611, 780.62 ], [ -46.636268, -23.54958, 776.98 ], [ -46.636309, -23.549644, 776.61 ], [ -46.636982, -23.549525, 773.8 ], [ -46.637457, -23.549428, 769.52 ], [ -46.63752, -23.549315, 770.47 ], [ -46.637547, -23.549132, 772.47 ], [ -46.637553, -23.548901, 774.77 ], [ -46.637546, -23.548826, 774.11 ], [ -46.637525, -23.548758, 773.47 ], [ -46.637513, -23.548723, 773.36 ], [ -46.63689, -23.54758, 768.69 ], [ -46.636909, -23.547438, 767.55 ], [ -46.636943, -23.547363, 766.9 ], [ -46.637033, -23.547233, 766.14 ], [ -46.638298, -23.546288, 766.54 ], [ -46.63877, -23.545925, 771.88 ], [ -46.638982, -23.54617, 775.37 ], [ -46.639546, -23.547133, 777.65 ], [ -46.639664, -23.547312, 776.04 ], [ -46.639618, -23.547334, 775.33 ], [ -46.639687, -23.547421, 774.1 ], [ -46.63944, -23.54762, 767.75 ], [ -46.639134, -23.547886, 759.13 ], [ -46.638871, -23.547563, 761.96 ], [ -46.638821, -23.547459, 762.44 ], [ -46.638782, -23.547399, 762.74 ], [ -46.638433, -23.546972, 765.03 ], [ -46.638226, -23.546703, 766.43 ], [ -46.638154, -23.546819, 766.62 ], [ -46.638147, -23.546885, 766.61 ], [ -46.63815, -23.546949, 766.6 ], [ -46.638174, -23.547044, 766.59 ], [ -46.638209, -23.547069, 766.09 ], [ -46.638298, -23.547189, 764.32 ], [ -46.638364, -23.547297, 762.8 ], [ -46.638548, -23.547647, 758.03 ], [ -46.638659, -23.547964, 754.07 ], [ -46.638704, -23.548039, 753.53 ] ] }, "instructions": [ { "distance": 16.735, "heading": 282.38, "sign": 0, "interval": [ 0, 1 ], "text": "Continue", "time": 13692, "street_name": "" }, { "distance": 8.318, "sign": -2, "interval": [ 1, 2 ], "text": "Turn left onto Rua Senador Paulo Egídio", "time": 6806, "street_name": "Rua Senador Paulo Egídio" }, { "distance": 119.768, "sign": 2, "interval": [ 2, 4 ], "text": "Turn right onto Largo São Francisco", "time": 22443, "street_name": "Largo São Francisco" }, { "distance": 223.137, "sign": 2, "interval": [ 4, 11 ], "text": "Turn right onto Rua Líbero Badaró", "time": 46148, "street_name": "Rua Líbero Badaró" }, { "distance": 271.528, "sign": -7, "interval": [ 11, 16 ], "text": "Keep left onto Viaduto do Chá", "time": 63433, "street_name": "Viaduto do Chá" }, { "distance": 179.796, "sign": -2, "interval": [ 16, 19 ], "text": "Turn left onto Rua Coronel Xavier de Toledo", "time": 37707, "street_name": "Rua Coronel Xavier de Toledo" }, { "distance": 5.349, "sign": -2, "interval": [ 19, 20 ], "text": "Turn left", "time": 4814, "street_name": "" }, { "distance": 12.027, "sign": 2, "interval": [ 20, 21 ], "text": "Turn right", "time": 9840, "street_name": "" }, { "distance": 77.98, "sign": -2, "interval": [ 21, 23 ], "text": "Turn left", "time": 27581, "street_name": "" }, { "distance": 161.24, "sign": -2, "interval": [ 23, 28 ], "text": "Turn left onto Rua Formosa", "time": 35831, "street_name": "Rua Formosa" }, { "distance": 14.818, "sign": 3, "interval": [ 28, 29 ], "text": "Turn sharp right onto Parque Anhangabau", "time": 2964, "street_name": "Parque Anhangabau" }, { "distance": 25.387, "sign": 7, "interval": [ 29, 32 ], "text": "Keep right onto Parque Anhangabau", "time": 5077, "street_name": "Parque Anhangabau" }, { "distance": 124.896, "sign": 1, "interval": [ 32, 38 ], "text": "Turn slight right onto Parque Anhangabau", "time": 22708, "street_name": "Parque Anhangabau" }, { "distance": 0.0, "sign": 4, "last_heading": 208.83165716928247, "interval": [ 38, 38 ], "text": "Arrive at destination", "time": 0, "street_name": "" } ], "legs": [ ], "details": { }, "ascend": 24.2879638671875, "descend": 51.37646484375, "snapped_waypoints": { "type": "LineString", "coordinates": [ [ -46.636112, -23.549611, 780.62 ], [ -46.638704, -23.548039, 753.53 ] ] } } ] }, "geometry": null },
{ "type": "Feature", "properties": { "hints": { "visited_nodes.sum": 108, "visited_nodes.average": 108.0 }, "info": { "copyrights": [ "GraphHopper", "OpenStreetMap contributors" ], "took": 2, "road_data_timestamp": "2024-09-03T15:00:00Z" }, "paths": [ { "distance": 1277.054, "weight": 325.059286, "time": 353414, "transfers": 0, "points_encoded": false, "bbox": [ -46.643294, -23.549644, -46.636112, -23.543463 ], "points": { "type": "LineString", "coordinates": [ [ -46.636112, -23.549611, 780.62 ], [ -46.636268, -23.54958, 776.98 ], [ -46.636309, -23.549644, 776.61 ], [ -46.636982, -23.549525, 773.8 ], [ -46.637457, -23.549428, 769.52 ], [ -46.63752, -23.549315, 770.47 ], [ -46.637547, -23.549132, 772.47 ], [ -46.637553, -23.548901, 774.77 ], [ -46.637546, -23.548826, 774.11 ], [ -46.637525, -23.548758, 773.47 ], [ -46.637513, -23.548723, 773.36 ], [ -46.63689, -23.54758, 768.69 ], [ -46.636909, -23.547438, 767.55 ], [ -46.636943, -23.547363, 766.9 ], [ -46.637033, -23.547233, 766.14 ], [ -46.638298, -23.546288, 766.54 ], [ -46.63877, -23.545925, 771.88 ], [ -46.639315, -23.545535, 773.11 ], [ -46.639376, -23.545531, 773.21 ], [ -46.639428, -23.545597, 774.06 ], [ -46.640812, -23.544497, 778.7 ], [ -46.64188, -23.543635, 768.13 ], [ -46.642048, -23.543463, 765.92 ], [ -46.642518, -23.54381, 762.09 ], [ -46.64263, -23.543766, 760.91 ], [ -46.64273, -23.54384, 761.69 ], [ -46.642794, -23.543783, 762.24 ], [ -46.642868, -23.543778, 762.69 ], [ -46.642929, -23.543727, 763.2 ], [ -46.643053, -23.543667, 764.07 ], [ -46.643183, -23.543531, 764.66 ], [ -46.643294, -23.543635, 765.91 ], [ -46.643076, -23.543822, 763.51 ] ] }, "instructions": [ { "distance": 16.735, "heading": 282.38, "sign": 0, "interval": [ 0, 1 ], "text": "Continue", "time": 13692, "street_name": "" }, { "distance": 8.318, "sign": -2, "interval": [ 1, 2 ], "text": "Turn left onto Rua Senador Paulo Egídio", "time": 6806, "street_name": "Rua Senador Paulo Egídio" }, { "distance": 119.768, "sign": 2, "interval": [ 2, 4 ], "text": "Turn right onto Largo São Francisco", "time": 22443, "street_name": "Largo São Francisco" }, { "distance": 223.137, "sign": 2, "interval": [ 4, 11 ], "text": "Turn right onto Rua Líbero Badaró", "time": 46148, "street_name": "Rua Líbero Badaró" }, { "distance": 271.528, "sign": -7, "interval": [ 11, 16 ], "text": "Keep left onto Viaduto do Chá", "time": 63433, "street_name": "Viaduto do Chá" }, { "distance": 70.517, "sign": 7, "interval": [ 16, 17 ], "text": "Keep right onto Praça Ramos de Azevedo", "time": 14301, "street_name": "Praça Ramos de Azevedo" }, { "distance": 6.212, "sign": -1, "interval": [ 17, 18 ], "text": "Turn slight left onto Rua Conselheiro Crispiniano", "time": 1398, "street_name": "Rua Conselheiro Crispiniano" }, { "distance": 9.031, "sign": -2, "interval": [ 18, 19 ], "text": "Turn left onto Rua Conselheiro Crispiniano", "time": 2540, "street_name": "Rua Conselheiro Crispiniano" }, { "distance": 358.222, "sign": 2, "interval": [ 19, 22 ], "text": "Turn right onto Rua Barão de Itapetininga", "time": 104794, "street_name": "Rua Barão de Itapetininga" }, { "distance": 74.179, "sign": -2, "interval": [ 22, 24 ], "text": "Turn left", "time": 20231, "street_name": "" }, { "distance": 72.691, "sign": -2, "interval": [ 24, 30 ], "text": "Turn left", "time": 24230, "street_name": "" }, { "distance": 16.171, "sign": -2, "interval": [ 30, 31 ], "text": "Turn left", "time": 5907, "street_name": "" }, { "distance": 30.546, "sign": -2, "interval": [ 31, 32 ], "text": "Turn left onto Praça da República", "time": 27491, "street_name": "Praça da República" }, { "distance": 0.0, "sign": 4, "last_heading": 133.16112116635463, "interval": [ 32, 32 ], "text": "Arrive at destination", "time": 0, "street_name": "" } ], "legs": [ ], "details": { }, "ascend": 23.4349365234375, "descend": 40.53692626953125, "snapped_waypoints": { "type": "LineString", "coordinates": [ [ -46.636112, -23.549611, 780.62 ], [ -46.643076, -23.543822, 763.51 ] ] } } ] }, "geometry": null },
{ "type": "Feature", "properties": { "hints": { "visited_nodes.sum": 66, "visited_nodes.average": 66.0 }, "info": { "copyrights": [ "GraphHopper", "OpenStreetMap contributors" ], "took": 3, "road_data_timestamp": "2024-09-03T15:00:00Z" }, "paths": [ { "distance": 1230.56, "weight": 238.834102, "time": 258616, "transfers": 0, "points_encoded": false, "bbox": [ -46.649297, -23.539638, -46.6415, -23.533581 ], "points": { "type": "LineString", "coordinates": [ [ -46.6415, -23.53423, 753.15 ], [ -46.641993, -23.533581, 751.77 ], [ -46.644686, -23.535279, 753.63 ], [ -46.645476, -23.535758, 755.48 ], [ -46.647058, -23.536694, 748.9 ], [ -46.648472, -23.537542, 750.52 ], [ -46.64844, -23.537573, 750.63 ], [ -46.648473, -23.537594, 750.72 ], [ -46.648479, -23.537621, 750.95 ], [ -46.648457, -23.537634, 751.16 ], [ -46.648534, -23.537709, 752.0 ], [ -46.648792, -23.537564, 751.83 ], [ -46.648898, -23.5377, 752.82 ], [ -46.648999, -23.537749, 753.23 ], [ -46.648654, -23.538512, 757.45 ], [ -46.648728, -23.538595, 757.8 ], [ -46.649297, -23.538964, 758.36 ], [ -46.6492, -23.539108, 758.55 ], [ -46.648879, -23.539638, 757.69 ] ] }, "instructions": [ { "distance": 87.965, "heading": 325.11, "sign": 0, "interval": [ 0, 1 ], "text": "Continue onto Alameda Dino Bueno", "time": 16295, "street_name": "Alameda Dino Bueno" }, { "distance": 794.244, "sign": -2, "interval": [ 1, 5 ], "text": "Turn left onto Rua Helvétia", "time": 156854, "street_name": "Rua Helvétia" }, { "distance": 4.76, "sign": -2, "interval": [ 5, 6 ], "text": "Turn left", "time": 4284, "street_name": "" }, { "distance": 9.825, "sign": 2, "interval": [ 6, 9 ], "text": "Turn right", "time": 9825, "street_name": "" }, { "distance": 11.523, "sign": 2, "interval": [ 9, 10 ], "text": "Turn right", "time": 3457, "street_name": "" }, { "distance": 30.886, "sign": 2, "interval": [ 10, 11 ], "text": "Turn right onto Ciclovia Avenida São João", "time": 6177, "street_name": "Ciclovia Avenida São João" }, { "distance": 30.261, "sign": -2, "interval": [ 11, 13 ], "text": "Turn left", "time": 8135, "street_name": "" }, { "distance": 91.945, "sign": -2, "interval": [ 13, 14 ], "text": "Turn left", "time": 19758, "street_name": "" }, { "distance": 82.951, "sign": 2, "interval": [ 14, 16 ], "text": "Turn right", "time": 16591, "street_name": "" }, { "distance": 86.2, "sign": -2, "interval": [ 16, 18 ], "text": "Turn left onto Rua Sebastião Pereira", "time": 17240, "street_name": "Rua Sebastião Pereira" }, { "distance": 0.0, "sign": 4, "last_heading": 151.13480719960856, "interval": [ 18, 18 ], "text": "Arrive at destination", "time": 0, "street_name": "" } ], "legs": [ ], "details": { }, "ascend": 14.96875, "descend": 10.42572021484375, "snapped_waypoints": { "type": "LineString", "coordinates": [ [ -46.6415, -23.53423, 753.15 ], [ -46.648879, -23.539638, 757.69 ] ] } } ] }, "geometry": null },
{ "type": "Feature", "properties": { "hints": { "visited_nodes.sum": 26, "visited_nodes.average": 26.0 }, "info": { "copyrights": [ "GraphHopper", "OpenStreetMap contributors" ], "took": 1, "road_data_timestamp": "2024-09-03T15:00:00Z" }, "paths": [ { "distance": 862.696, "weight": 157.726265, "time": 178041, "transfers": 0, "points_encoded": false, "bbox": [ -46.657651, -23.533524, -46.654763, -23.528072 ], "points": { "type": "LineString", "coordinates": [ [ -46.657238, -23.528072, 737.63 ], [ -46.657651, -23.528454, 739.64 ], [ -46.656502, -23.529483, 741.61 ], [ -46.655654, -23.530153, 744.34 ], [ -46.654914, -23.530711, 747.6 ], [ -46.654763, -23.530864, 748.09 ], [ -46.65483, -23.530925, 748.28 ], [ -46.656248, -23.532583, 754.36 ], [ -46.656716, -23.53314, 757.82 ], [ -46.65603, -23.533524, 757.93 ] ] }, "instructions": [ { "distance": 59.889, "heading": 224.73, "sign": 0, "interval": [ 0, 1 ], "text": "Continue onto Rua Lopes Chaves", "time": 13309, "street_name": "Rua Lopes Chaves" }, { "distance": 398.557, "sign": -2, "interval": [ 1, 5 ], "text": "Turn left onto Rua Barra Funda", "time": 80439, "street_name": "Rua Barra Funda" }, { "distance": 322.328, "sign": 2, "interval": [ 5, 8 ], "text": "Turn right onto Rua Lopes de Oliveira", "time": 67909, "street_name": "Rua Lopes de Oliveira" }, { "distance": 81.921, "sign": -2, "interval": [ 8, 9 ], "text": "Turn left onto Ciclovia do Minhocão", "time": 16384, "street_name": "Ciclovia do Minhocão" }, { "distance": 0.0, "sign": 4, "last_heading": 121.36964974256229, "interval": [ 9, 9 ], "text": "Arrive at destination", "time": 0, "street_name": "" } ], "legs": [ ], "details": { }, "ascend": 20.39947509765625, "descend": 0.096923828125, "snapped_waypoints": { "type": "LineString", "coordinates": [ [ -46.657238, -23.528072, 737.63 ], [ -46.65603, -23.533524, 757.93 ] ] } } ] }, "geometry": null },
{ "type": "Feature", "properties": { "hints": { "visited_nodes.sum": 90, "visited_nodes.average": 90.0 }, "info": { "copyrights": [ "GraphHopper", "OpenStreetMap contributors" ], "took": 1, "road_data_timestamp": "2024-09-03T15:00:00Z" }, "paths": [ { "distance": 1296.138, "weight": 493.358373, "time": 455685, "transfers": 0, "points_encoded": false, "bbox": [ -46.671749, -23.530964, -46.666699, -23.525746 ], "points": { "type": "LineString", "coordinates": [ [ -46.670307, -23.530964, 747.54 ], [ -46.670708, -23.530798, 745.69 ], [ -46.670633, -23.530581, 745.24 ], [ -46.670912, -23.530441, 742.72 ], [ -46.670803, -23.530021, 739.72 ], [ -46.671024, -23.529299, 736.25 ], [ -46.671749, -23.528928, 736.01 ], [ -46.67036, -23.526822, 732.22 ], [ -46.67046, -23.526772, 732.49 ], [ -46.670414, -23.526324, 733.11 ], [ -46.670372, -23.525746, 734.14 ], [ -46.670136, -23.525765, 733.71 ], [ -46.669941, -23.525797, 732.54 ], [ -46.669794, -23.525833, 731.63 ], [ -46.669548, -23.525924, 730.06 ], [ -46.66938, -23.526013, 728.91 ], [ -46.668742, -23.526454, 728.43 ], [ -46.668607, -23.526532, 728.56 ], [ -46.668512, -23.526569, 728.65 ], [ -46.66837, -23.526592, 728.77 ], [ -46.667765, -23.52664, 729.27 ], [ -46.666699, -23.526706, 729.94 ], [ -46.666705, -23.526798, 729.73 ], [ -46.666756, -23.526795, 729.7 ], [ -46.666779, -23.527046, 729.22 ], [ -46.666811, -23.527043, 729.22 ], [ -46.666873, -23.527037, 729.24 ], [ -46.666935, -23.527032, 729.27 ], [ -46.666841, -23.525986, 733.5 ] ] }, "instructions": [ { "distance": 44.894, "heading": 294.27, "sign": 0, "interval": [ 0, 1 ], "text": "Continue", "time": 40404, "street_name": "" }, { "distance": 25.384, "sign": 2, "interval": [ 1, 2 ], "text": "Turn right", "time": 22846, "street_name": "" }, { "distance": 32.576, "sign": -2, "interval": [ 2, 3 ], "text": "Turn left", "time": 26653, "street_name": "" }, { "distance": 131.589, "sign": 2, "interval": [ 3, 5 ], "text": "Turn right", "time": 107664, "street_name": "" }, { "distance": 84.708, "sign": -2, "interval": [ 5, 6 ], "text": "Turn left", "time": 18530, "street_name": "" }, { "distance": 273.861, "sign": 2, "interval": [ 6, 7 ], "text": "Turn right onto Rua Dona Germaine Burchard", "time": 52265, "street_name": "Rua Dona Germaine Burchard" }, { "distance": 11.691, "sign": -2, "interval": [ 7, 8 ], "text": "Turn left onto Rua Julio Gonzales", "time": 2338, "street_name": "Rua Julio Gonzales" }, { "distance": 114.471, "sign": 2, "interval": [ 8, 10 ], "text": "Turn right onto Rua Professor Doutor Abrahão Berezin", "time": 22894, "street_name": "Rua Professor Doutor Abrahão Berezin" }, { "distance": 400.711, "sign": 2, "interval": [ 10, 21 ], "text": "Turn right onto Avenida Mário de Andrade", "time": 78196, "street_name": "Avenida Mário de Andrade" }, { "distance": 10.273, "sign": 2, "interval": [ 21, 22 ], "text": "Turn right onto Professor Wilfrides Alves de Lima", "time": 2055, "street_name": "Professor Wilfrides Alves de Lima" }, { "distance": 5.235, "sign": 2, "interval": [ 22, 23 ], "text": "Turn right", "time": 4712, "street_name": "" }, { "distance": 31.277, "sign": -2, "interval": [ 23, 25 ], "text": "Turn left", "time": 28149, "street_name": "" }, { "distance": 6.356, "sign": 0, "interval": [ 25, 26 ], "text": "Continue", "time": 11441, "street_name": "" }, { "distance": 6.343, "sign": 0, "interval": [ 26, 27 ], "text": "Continue", "time": 1903, "street_name": "" }, { "distance": 116.77, "sign": 2, "interval": [ 27, 28 ], "text": "Turn right", "time": 35635, "street_name": "" }, { "distance": 0.0, "sign": 4, "last_heading": 4.53782573743612, "interval": [ 28, 28 ], "text": "Arrive at destination", "time": 0, "street_name": "" } ], "legs": [ ], "details": { }, "ascend": 10.118408203125, "descend": 24.1649169921875, "snapped_waypoints": { "type": "LineString", "coordinates": [ [ -46.670307, -23.530964, 747.54 ], [ -46.666841, -23.525986, 733.5 ] ] } } ] }, "geometry": null },
{ "type": "Feature", "properties": { "hints": { "visited_nodes.sum": 84, "visited_nodes.average": 84.0 }, "info": { "copyrights": [ "GraphHopper", "OpenStreetMap contributors" ], "took": 1, "road_data_timestamp": "2024-09-03T15:00:00Z" }, "paths": [ { "distance": 2054.676, "weight": 409.336934, "time": 430979, "transfers": 0, "points_encoded": false, "bbox": [ -46.694227, -23.546536, -46.689734, -23.535713 ], "points": { "type": "LineString", "coordinates": [ [ -46.694021, -23.537493, 774.16 ], [ -46.694004, -23.537527, 774.37 ], [ -46.693963, -23.537559, 774.65 ], [ -46.693925, -23.537569, 774.86 ], [ -46.693884, -23.537565, 775.07 ], [ -46.693849, -23.537547, 775.28 ], [ -46.693823, -23.537519, 775.49 ], [ -46.69381, -23.537483, 775.7 ], [ -46.693812, -23.537446, 775.92 ], [ -46.693829, -23.537412, 776.13 ], [ -46.693858, -23.537387, 776.34 ], [ -46.693895, -23.537373, 776.55 ], [ -46.693944, -23.537374, 773.28 ], [ -46.693979, -23.537159, 772.34 ], [ -46.693977, -23.53683, 770.59 ], [ -46.693965, -23.536578, 769.25 ], [ -46.693978, -23.536425, 768.43 ], [ -46.693996, -23.53634, 767.96 ], [ -46.694029, -23.536246, 767.44 ], [ -46.694083, -23.536158, 766.9 ], [ -46.694227, -23.535976, 765.7 ], [ -46.694077, -23.53584, 766.47 ], [ -46.694018, -23.535797, 766.74 ], [ -46.693948, -23.535758, 767.04 ], [ -46.693878, -23.535732, 767.32 ], [ -46.693781, -23.535713, 767.68 ], [ -46.693706, -23.535715, 767.95 ], [ -46.69363, -23.53573, 768.23 ], [ -46.693522, -23.535774, 768.67 ], [ -46.693467, -23.535815, 768.92 ], [ -46.693408, -23.535873, 769.24 ], [ -46.693355, -23.53594, 769.56 ], [ -46.693024, -23.536536, 770.61 ], [ -46.692944, -23.536754, 770.68 ], [ -46.692808, -23.537288, 767.65 ], [ -46.692808, -23.537379, 766.73 ], [ -46.692824, -23.537466, 765.84 ], [ -46.692934, -23.537829, 762.06 ], [ -46.69302, -23.538012, 760.37 ], [ -46.692731, -23.538312, 757.83 ], [ -46.69214, -23.538402, 759.36 ], [ -46.692171, -23.539738, 769.02 ], [ -46.691347, -23.539751, 776.4 ], [ -46.691274, -23.539766, 777.22 ], [ -46.691206, -23.539802, 778.07 ], [ -46.691135, -23.539879, 779.26 ], [ -46.691052, -23.540057, 781.54 ], [ -46.691021, -23.540206, 783.34 ], [ -46.691009, -23.540342, 784.95 ], [ -46.69105, -23.541516, 788.11 ], [ -46.691066, -23.542515, 791.75 ], [ -46.691056, -23.542682, 792.36 ], [ -46.691017, -23.542828, 792.89 ], [ -46.690961, -23.542908, 792.79 ], [ -46.69076, -23.543141, 792.49 ], [ -46.690563, -23.543384, 792.18 ], [ -46.690472, -23.543534, 792.01 ], [ -46.69038, -23.543714, 791.81 ], [ -46.690514, -23.543952, 794.52 ], [ -46.690751, -23.544265, 798.41 ], [ -46.690907, -23.544536, 801.54 ], [ -46.690955, -23.544681, 802.95 ], [ -46.691004, -23.544849, 804.34 ], [ -46.69102, -23.544932, 804.87 ], [ -46.69107, -23.545791, 806.57 ], [ -46.691092, -23.545859, 806.07 ], [ -46.691135, -23.546087, 804.37 ], [ -46.691056, -23.546136, 803.15 ], [ -46.691052, -23.545993, 804.45 ], [ -46.690891, -23.545923, 803.81 ], [ -46.689734, -23.545321, 798.97 ], [ -46.689766, -23.545851, 797.76 ], [ -46.689786, -23.545946, 797.54 ], [ -46.689815, -23.546023, 797.36 ], [ -46.689883, -23.546111, 797.11 ], [ -46.689952, -23.546179, 796.9 ], [ -46.690389, -23.546424, 795.83 ], [ -46.690568, -23.546536, 795.7 ], [ -46.690823, -23.546353, 798.26 ] ] }, "instructions": [ { "distance": 52.865, "heading": 155.7, "sign": 0, "interval": [ 0, 12 ], "text": "Continue onto Praça Doutor Penteado Médici", "time": 10573, "street_name": "Praça Doutor Penteado Médici" }, { "distance": 162.823, "sign": 2, "interval": [ 12, 20 ], "text": "Turn right onto Rua Cláudio Fuzaro", "time": 29604, "street_name": "Rua Cláudio Fuzaro" }, { "distance": 353.713, "sign": 2, "interval": [ 20, 38 ], "text": "Turn right onto Rua Félix Della Rosa", "time": 68584, "street_name": "Rua Félix Della Rosa" }, { "distance": 44.543, "sign": -2, "interval": [ 38, 39 ], "text": "Turn left onto Rua Estêvão Barbosa", "time": 8099, "street_name": "Rua Estêvão Barbosa" }, { "distance": 61.07, "sign": -1, "interval": [ 39, 40 ], "text": "Turn slight left onto Rua Estêvão Barbosa", "time": 12214, "street_name": "Rua Estêvão Barbosa" }, { "distance": 148.853, "sign": 2, "interval": [ 40, 41 ], "text": "Turn right onto Rua Ministro Sinésio Rocha", "time": 34141, "street_name": "Rua Ministro Sinésio Rocha" }, { "distance": 560.889, "sign": -2, "interval": [ 41, 57 ], "text": "Turn left onto Rua Cuxiponés", "time": 121080, "street_name": "Rua Cuxiponés" }, { "distance": 247.967, "sign": 2, "interval": [ 57, 64 ], "text": "Turn right onto Avenida Pompeia", "time": 57160, "street_name": "Avenida Pompeia" }, { "distance": 33.705, "sign": 7, "interval": [ 64, 66 ], "text": "Keep right onto Avenida Pompeia", "time": 6128, "street_name": "Avenida Pompeia" }, { "distance": 9.857, "sign": -2, "interval": [ 66, 67 ], "text": "Turn left", "time": 8065, "street_name": "" }, { "distance": 15.96, "sign": -3, "interval": [ 67, 68 ], "text": "Turn sharp left onto Avenida Pompeia", "time": 3990, "street_name": "Avenida Pompeia" }, { "distance": 153.921, "sign": 2, "interval": [ 68, 70 ], "text": "Turn right onto Rua Valdir Niemeyer", "time": 27986, "street_name": "Rua Valdir Niemeyer" }, { "distance": 175.454, "sign": 3, "interval": [ 70, 77 ], "text": "Turn sharp right onto Rua José Augusto Penteado", "time": 35091, "street_name": "Rua José Augusto Penteado" }, { "distance": 33.057, "sign": 2, "interval": [ 77, 78 ], "text": "Turn right onto Rua Heitor Penteado", "time": 8264, "street_name": "Rua Heitor Penteado" }, { "distance": 0.0, "sign": 4, "last_heading": 308.08513601979496, "interval": [ 78, 78 ], "text": "Arrive at destination", "time": 0, "street_name": "" } ], "legs": [ ], "details": { }, "ascend": 61.800048828125, "descend": 37.7010498046875, "snapped_waypoints": { "type": "LineString", "coordinates": [ [ -46.694021, -23.537493, 774.16 ], [ -46.690823, -23.546353, 798.26 ] ] } } ] }, "geometry": null },
{ "type": "Feature", "properties": { "hints": { "visited_nodes.sum": 50, "visited_nodes.average": 50.0 }, "info": { "copyrights": [ "GraphHopper", "OpenStreetMap contributors" ], "took": 1, "road_data_timestamp": "2024-09-03T15:00:00Z" }, "paths": [ { "distance": 1147.484, "weight": 260.456236, "time": 247326, "transfers": 0, "points_encoded": false, "bbox": [ -46.677528, -23.551019, -46.66949, -23.548263 ], "points": { "type": "LineString", "coordinates": [ [ -46.669667, -23.550682, 789.68 ], [ -46.669566, -23.55065, 789.51 ], [ -46.66949, -23.55061, 789.45 ], [ -46.669557, -23.550473, 789.02 ], [ -46.66966, -23.550309, 788.16 ], [ -46.669764, -23.550163, 787.36 ], [ -46.66985, -23.550072, 786.82 ], [ -46.669967, -23.549974, 786.16 ], [ -46.670071, -23.549907, 785.62 ], [ -46.670215, -23.549849, 784.97 ], [ -46.670447, -23.549776, 783.95 ], [ -46.670443, -23.549739, 783.86 ], [ -46.670465, -23.54969, 783.74 ], [ -46.670486, -23.549672, 783.68 ], [ -46.670524, -23.549657, 783.63 ], [ -46.670584, -23.549662, 784.28 ], [ -46.670615, -23.54968, 784.8 ], [ -46.670637, -23.549707, 785.32 ], [ -46.670646, -23.549738, 785.75 ], [ -46.670753, -23.549652, 785.3 ], [ -46.670847, -23.549554, 784.83 ], [ -46.671029, -23.549296, 783.73 ], [ -46.671068, -23.549263, 783.56 ], [ -46.671218, -23.549213, 784.29 ], [ -46.67144, -23.54917, 785.32 ], [ -46.671735, -23.549094, 786.73 ], [ -46.672046, -23.54899, 788.24 ], [ -46.672326, -23.548866, 789.64 ], [ -46.672561, -23.548729, 791.92 ], [ -46.672758, -23.548602, 793.88 ], [ -46.672933, -23.548471, 795.73 ], [ -46.673139, -23.548263, 798.18 ], [ -46.673685, -23.548333, 801.61 ], [ -46.674094, -23.548368, 802.68 ], [ -46.674409, -23.54843, 803.7 ], [ -46.674549, -23.548485, 803.03 ], [ -46.674627, -23.548537, 802.61 ], [ -46.674748, -23.548664, 801.83 ], [ -46.675135, -23.54944, 796.81 ], [ -46.675244, -23.549699, 794.62 ], [ -46.675392, -23.549875, 795.7 ], [ -46.675604, -23.550108, 799.2 ], [ -46.675659, -23.550156, 799.69 ], [ -46.675754, -23.550204, 800.43 ], [ -46.676025, -23.550303, 802.43 ], [ -46.67643, -23.550246, 802.67 ], [ -46.676811, -23.550129, 803.78 ], [ -46.67692, -23.550119, 804.41 ], [ -46.67725, -23.550121, 808.35 ], [ -46.677528, -23.551019, 805.43 ] ] }, "instructions": [ { "distance": 19.792, "heading": 71.23, "sign": 0, "interval": [ 0, 2 ], "text": "Continue onto Rua Principado de Mônaco", "time": 3958, "street_name": "Rua Principado de Mônaco" }, { "distance": 140.782, "sign": -2, "interval": [ 2, 10 ], "text": "Turn left onto Rua Senador João Lira", "time": 25597, "street_name": "Rua Senador João Lira" }, { "exit_number": 2, "distance": 346.862, "sign": 6, "exited": true, "turn_angle": -2.75, "interval": [ 10, 31 ], "text": "At roundabout, take exit 2 onto Rua Senador João Lira", "time": 82225, "street_name": "Rua Senador João Lira" }, { "distance": 301.139, "sign": -2, "interval": [ 31, 39 ], "text": "Turn left onto Rua Almirante Pereira Guimarães", "time": 58948, "street_name": "Rua Almirante Pereira Guimarães" }, { "distance": 107.267, "sign": 7, "interval": [ 39, 44 ], "text": "Keep right onto Praça Márcia Aliberti Mammana", "time": 24781, "street_name": "Praça Márcia Aliberti Mammana" }, { "distance": 127.83, "sign": 7, "interval": [ 44, 48 ], "text": "Keep right onto Praça Márcia Aliberti Mammana", "time": 32942, "street_name": "Praça Márcia Aliberti Mammana" }, { "distance": 103.812, "sign": -2, "interval": [ 48, 49 ], "text": "Turn left onto Ciclovia Sumaré", "time": 18875, "street_name": "Ciclovia Sumaré" }, { "distance": 0.0, "sign": 4, "last_heading": 195.84270395366667, "interval": [ 49, 49 ], "text": "Arrive at destination", "time": 0, "street_name": "" } ], "legs": [ ], "details": { }, "ascend": 35.9927978515625, "descend": 20.24481201171875, "snapped_waypoints": { "type": "LineString", "coordinates": [ [ -46.669667, -23.550682, 789.68 ], [ -46.677528, -23.551019, 805.43 ] ] } } ] }, "geometry": null },
{ "type": "Feature", "properties": { "hints": { "visited_nodes.sum": 76, "visited_nodes.average": 76.0 }, "info": { "copyrights": [ "GraphHopper", "OpenStreetMap contributors" ], "took": 1, "road_data_timestamp": "2024-09-03T15:00:00Z" }, "paths": [ { "distance": 1448.858, "weight": 472.442892, "time": 324739, "transfers": 0, "points_encoded": false, "bbox": [ -46.671516, -23.555256, -46.666674, -23.549873 ], "points": { "type": "LineString", "coordinates": [ [ -46.669667, -23.550682, 789.68 ], [ -46.669566, -23.55065, 789.51 ], [ -46.66949, -23.55061, 789.45 ], [ -46.669443, -23.550585, 789.14 ], [ -46.669324, -23.550499, 788.26 ], [ -46.669224, -23.550386, 787.33 ], [ -46.669118, -23.550243, 786.24 ], [ -46.669026, -23.550159, 785.48 ], [ -46.668862, -23.55005, 785.87 ], [ -46.668729, -23.549992, 786.62 ], [ -46.668594, -23.549951, 787.34 ], [ -46.668438, -23.549928, 788.15 ], [ -46.668344, -23.549924, 788.62 ], [ -46.668112, -23.549873, 789.77 ], [ -46.66803, -23.549924, 791.01 ], [ -46.667884, -23.549973, 792.5 ], [ -46.667568, -23.550048, 795.6 ], [ -46.667387, -23.550077, 797.34 ], [ -46.667407, -23.550164, 797.78 ], [ -46.667503, -23.55048, 799.37 ], [ -46.667831, -23.551532, 804.67 ], [ -46.667853, -23.551722, 805.63 ], [ -46.667827, -23.551987, 806.97 ], [ -46.667726, -23.552197, 806.53 ], [ -46.667593, -23.552407, 806.06 ], [ -46.667508, -23.552566, 805.71 ], [ -46.667239, -23.552708, 804.49 ], [ -46.666857, -23.55293, 803.61 ], [ -46.666809, -23.552954, 803.66 ], [ -46.666768, -23.552985, 803.71 ], [ -46.666733, -23.553022, 803.76 ], [ -46.666707, -23.553066, 803.81 ], [ -46.666674, -23.553168, 803.91 ], [ -46.667684, -23.555256, 823.2 ], [ -46.671502, -23.55372, 822.56 ], [ -46.671516, -23.553868, 822.89 ], [ -46.67112, -23.554036, 823.69 ], [ -46.670785, -23.554162, 823.92 ] ] }, "instructions": [ { "distance": 189.892, "heading": 71.23, "sign": 0, "interval": [ 0, 13 ], "text": "Continue onto Rua Principado de Mônaco", "time": 38682, "street_name": "Rua Principado de Mônaco" }, { "distance": 78.313, "sign": 2, "interval": [ 13, 17 ], "text": "Turn right onto Rua Bauru", "time": 23125, "street_name": "Rua Bauru" }, { "distance": 219.116, "sign": 2, "interval": [ 17, 22 ], "text": "Turn right onto Rua Itaperuna", "time": 48693, "street_name": "Rua Itaperuna" }, { "distance": 72.165, "sign": -1, "interval": [ 22, 25 ], "text": "Turn slight left onto Rua Itatinga", "time": 14433, "street_name": "Rua Itatinga" }, { "distance": 31.699, "sign": -1, "interval": [ 25, 26 ], "text": "Turn slight left onto Rua Itajubá", "time": 5763, "street_name": "Rua Itajubá" }, { "distance": 46.115, "sign": 0, "interval": [ 26, 27 ], "text": "Continue onto Rua Angatuba", "time": 9223, "street_name": "Rua Angatuba" }, { "distance": 33.838, "sign": 0, "interval": [ 27, 32 ], "text": "Continue onto Rua Angatuba", "time": 6768, "street_name": "Rua Angatuba" }, { "distance": 254.81, "sign": 1, "interval": [ 32, 33 ], "text": "Turn slight right onto Rua Major Natanael", "time": 61970, "street_name": "Rua Major Natanael" }, { "distance": 425.003, "sign": 2, "interval": [ 33, 34 ], "text": "Turn right onto Avenida Doutor Arnaldo", "time": 85000, "street_name": "Avenida Doutor Arnaldo" }, { "distance": 16.43, "sign": -3, "interval": [ 34, 35 ], "text": "Turn sharp left", "time": 14787, "street_name": "" }, { "distance": 81.477, "sign": -2, "interval": [ 35, 37 ], "text": "Turn left onto Avenida Doutor Arnaldo", "time": 16295, "street_name": "Avenida Doutor Arnaldo" }, { "distance": 0.0, "sign": 4, "last_heading": 112.22524333227435, "interval": [ 37, 37 ], "text": "Arrive at destination", "time": 0, "street_name": "" } ], "legs": [ ], "details": { }, "ascend": 45.1064453125, "descend": 10.866943359375, "snapped_waypoints": { "type": "LineString", "coordinates": [ [ -46.669667, -23.550682, 789.68 ], [ -46.670785, -23.554162, 823.92 ] ] } } ] }, "geometry": null },
{ "type": "Feature", "properties": { "hints": { "visited_nodes.sum": 76, "visited_nodes.average": 76.0 }, "info": { "copyrights": [ "GraphHopper", "OpenStreetMap contributors" ], "took": 2, "road_data_timestamp": "2024-09-03T15:00:00Z" }, "paths": [ { "distance": 1126.772, "weight": 308.216371, "time": 315205, "transfers": 0, "points_encoded": false, "bbox": [ -46.66119, -23.558784, -46.65535, -23.555516 ], "points": { "type": "LineString", "coordinates": [ [ -46.655556, -23.558784, 820.37 ], [ -46.655399, -23.558442, 819.95 ], [ -46.655367, -23.558301, 819.76 ], [ -46.65535, -23.558107, 819.54 ], [ -46.655389, -23.55811, 819.82 ], [ -46.655413, -23.558288, 819.99 ], [ -46.656078, -23.55787, 825.6 ], [ -46.657203, -23.557152, 825.99 ], [ -46.657289, -23.557091, 825.74 ], [ -46.657375, -23.557023, 825.42 ], [ -46.658151, -23.556343, 823.38 ], [ -46.659096, -23.555516, 837.32 ], [ -46.660895, -23.55716, 836.89 ], [ -46.661151, -23.557403, 835.26 ], [ -46.660591, -23.557884, 838.3 ], [ -46.660676, -23.557965, 837.14 ], [ -46.660579, -23.558052, 837.87 ], [ -46.660549, -23.558025, 837.97 ], [ -46.660707, -23.557887, 837.77 ], [ -46.660563, -23.557749, 837.58 ], [ -46.66119, -23.557226, 832.95 ] ] }, "instructions": [ { "distance": 78.934, "heading": 22.94, "sign": 0, "interval": [ 0, 3 ], "text": "Continue", "time": 71041, "street_name": "" }, { "distance": 4.01, "sign": -2, "interval": [ 3, 4 ], "text": "Turn left", "time": 3609, "street_name": "" }, { "distance": 19.915, "sign": -2, "interval": [ 4, 5 ], "text": "Turn left onto Rua Peixoto Gomide", "time": 3983, "street_name": "Rua Peixoto Gomide" }, { "distance": 82.326, "sign": 3, "interval": [ 5, 6 ], "text": "Turn sharp right onto Rua Antônio Carlos", "time": 18295, "street_name": "Rua Antônio Carlos" }, { "distance": 405.715, "sign": 0, "interval": [ 6, 11 ], "text": "Continue onto Rua Antônio Carlos", "time": 88043, "street_name": "Rua Antônio Carlos" }, { "distance": 296.79, "sign": -2, "interval": [ 11, 13 ], "text": "Turn left onto Rua Haddock Lobo", "time": 57614, "street_name": "Rua Haddock Lobo" }, { "distance": 78.299, "sign": -2, "interval": [ 13, 14 ], "text": "Turn left onto Avenida Paulista", "time": 16772, "street_name": "Avenida Paulista" }, { "distance": 12.613, "sign": 2, "interval": [ 14, 15 ], "text": "Turn right", "time": 3440, "street_name": "" }, { "distance": 13.843, "sign": -2, "interval": [ 15, 16 ], "text": "Turn left", "time": 13843, "street_name": "" }, { "distance": 4.256, "sign": -2, "interval": [ 16, 17 ], "text": "Turn left", "time": 1906, "street_name": "" }, { "distance": 43.45, "sign": -2, "interval": [ 17, 19 ], "text": "Turn left onto Consolação", "time": 13035, "street_name": "Consolação" }, { "distance": 86.621, "sign": -2, "interval": [ 19, 20 ], "text": "Turn left onto Consolação", "time": 23624, "street_name": "Consolação" }, { "distance": 0.0, "sign": 4, "last_heading": 312.6974462705981, "interval": [ 20, 20 ], "text": "Arrive at destination", "time": 0, "street_name": "" } ], "legs": [ ], "details": { }, "ascend": 29.3360595703125, "descend": 16.7645263671875, "snapped_waypoints": { "type": "LineString", "coordinates": [ [ -46.655556, -23.558784, 820.37 ], [ -46.66119, -23.557226, 832.95 ] ] } } ] }, "geometry": null },
{ "type": "Feature", "properties": { "hints": { "visited_nodes.sum": 100, "visited_nodes.average": 100.0 }, "info": { "copyrights": [ "GraphHopper", "OpenStreetMap contributors" ], "took": 1, "road_data_timestamp": "2024-09-03T15:00:00Z" }, "paths": [ { "distance": 1507.073, "weight": 305.080433, "time": 341806, "transfers": 0, "points_encoded": false, "bbox": [ -46.654403, -23.572526, -46.649491, -23.563148 ], "points": { "type": "LineString", "coordinates": [ [ -46.649491, -23.572526, 806.91 ], [ -46.650146, -23.572016, 811.05 ], [ -46.651055, -23.571323, 815.78 ], [ -46.650359, -23.570497, 824.03 ], [ -46.651134, -23.56983, 810.01 ], [ -46.650787, -23.569508, 816.64 ], [ -46.652724, -23.567885, 822.81 ], [ -46.65407, -23.566765, 815.19 ], [ -46.652272, -23.564924, 830.8 ], [ -46.653383, -23.563996, 830.31 ], [ -46.653755, -23.563694, 834.36 ], [ -46.654403, -23.563148, 835.6 ] ] }, "instructions": [ { "distance": 208.253, "heading": 310.34, "sign": 0, "interval": [ 0, 2 ], "text": "Continue onto Rua Mário Amaral", "time": 46279, "street_name": "Rua Mário Amaral" }, { "distance": 116.399, "sign": 2, "interval": [ 2, 3 ], "text": "Turn right onto Rua Manuel da Nóbrega", "time": 25866, "street_name": "Rua Manuel da Nóbrega" }, { "distance": 109.157, "sign": -2, "interval": [ 3, 4 ], "text": "Turn left onto Rua Chris Tronbjerg", "time": 19846, "street_name": "Rua Chris Tronbjerg" }, { "distance": 50.823, "sign": 2, "interval": [ 4, 5 ], "text": "Turn right onto Avenida Brigadeiro Luís Antônio", "time": 30494, "street_name": "Avenida Brigadeiro Luís Antônio" }, { "distance": 453.039, "sign": -2, "interval": [ 5, 7 ], "text": "Turn left onto Alameda Jaú", "time": 87426, "street_name": "Alameda Jaú" }, { "distance": 275.506, "sign": 2, "interval": [ 7, 8 ], "text": "Turn right onto Alameda Campinas", "time": 71097, "street_name": "Alameda Campinas" }, { "distance": 293.896, "sign": -2, "interval": [ 8, 11 ], "text": "Turn left onto Ciclovia da Avenida Paulista", "time": 60798, "street_name": "Ciclovia da Avenida Paulista" }, { "distance": 0.0, "sign": 4, "last_heading": 312.46253357459443, "interval": [ 11, 11 ], "text": "Arrive at destination", "time": 0, "street_name": "" } ], "legs": [ ], "details": { }, "ascend": 55.98095703125, "descend": 27.2879638671875, "snapped_waypoints": { "type": "LineString", "coordinates": [ [ -46.649491, -23.572526, 806.91 ], [ -46.654403, -23.563148, 835.6 ] ] } } ] }, "geometry": null },
{ "type": "Feature", "properties": { "hints": { "visited_nodes.sum": 44, "visited_nodes.average": 44.0 }, "info": { "copyrights": [ "GraphHopper", "OpenStreetMap contributors" ], "took": 1, "road_data_timestamp": "2024-09-03T15:00:00Z" }, "paths": [ { "distance": 613.606, "weight": 122.738865, "time": 143359, "transfers": 0, "points_encoded": false, "bbox": [ -46.649491, -23.572687, -46.646469, -23.568832 ], "points": { "type": "LineString", "coordinates": [ [ -46.649491, -23.572526, 806.91 ], [ -46.649284, -23.572687, 802.76 ], [ -46.648474, -23.571803, 814.07 ], [ -46.64738, -23.570578, 829.77 ], [ -46.646469, -23.569561, 832.58 ], [ -46.647038, -23.569131, 829.44 ], [ -46.646982, -23.569068, 829.2 ], [ -46.647296, -23.568832, 831.14 ], [ -46.647344, -23.568887, 831.32 ] ] }, "instructions": [ { "distance": 28.024, "heading": 130.34, "sign": 0, "interval": [ 0, 1 ], "text": "Continue onto Rua Mário Amaral", "time": 5095, "street_name": "Rua Mário Amaral" }, { "distance": 452.049, "sign": -2, "interval": [ 1, 4 ], "text": "Turn left onto Rua Teixeira da Silva", "time": 110928, "street_name": "Rua Teixeira da Silva" }, { "distance": 75.241, "sign": -2, "interval": [ 4, 5 ], "text": "Turn left onto Ciclovia da Avenida Paulista", "time": 13680, "street_name": "Ciclovia da Avenida Paulista" }, { "distance": 9.022, "sign": 2, "interval": [ 5, 6 ], "text": "Turn right", "time": 2707, "street_name": "" }, { "distance": 41.417, "sign": -2, "interval": [ 6, 7 ], "text": "Turn left onto Avenida Paulista", "time": 9204, "street_name": "Avenida Paulista" }, { "distance": 7.852, "sign": -2, "interval": [ 7, 8 ], "text": "Turn left onto Rua Maria Figueiredo", "time": 1745, "street_name": "Rua Maria Figueiredo" }, { "distance": 0.0, "sign": 4, "last_heading": 219.35116228788436, "interval": [ 8, 8 ], "text": "Arrive at destination", "time": 0, "street_name": "" } ], "legs": [ ], "details": { }, "ascend": 32.55645751953125, "descend": 8.1419677734375, "snapped_waypoints": { "type": "LineString", "coordinates": [ [ -46.649491, -23.572526, 806.91 ], [ -46.647344, -23.568887, 831.32 ] ] } } ] }, "geometry": null },
{ "type": "Feature", "properties": { "hints": { "visited_nodes.sum": 80, "visited_nodes.average": 80.0 }, "info": { "copyrights": [ "GraphHopper", "OpenStreetMap contributors" ], "took": 1, "road_data_timestamp": "2024-09-03T15:00:00Z" }, "paths": [ { "distance": 1408.489, "weight": 250.965692, "time": 292708, "transfers": 0, "points_encoded": false, "bbox": [ -46.649491, -23.576593, -46.640826, -23.572526 ], "points": { "type": "LineString", "coordinates": [ [ -46.649491, -23.572526, 806.91 ], [ -46.649284, -23.572687, 802.76 ], [ -46.648704, -23.573115, 809.96 ], [ -46.648416, -23.573352, 813.7 ], [ -46.648319, -23.573451, 814.23 ], [ -46.647796, -23.574316, 813.61 ], [ -46.645734, -23.573495, 822.63 ], [ -46.644004, -23.572795, 827.81 ], [ -46.643112, -23.57469, 824.35 ], [ -46.642068, -23.574277, 825.8 ], [ -46.6418, -23.574877, 822.36 ], [ -46.641729, -23.575026, 821.78 ], [ -46.641478, -23.575588, 819.36 ], [ -46.641125, -23.576285, 822.07 ], [ -46.640984, -23.576593, 826.06 ], [ -46.64095, -23.576512, 825.18 ], [ -46.640904, -23.576366, 824.08 ], [ -46.640865, -23.576156, 823.1 ], [ -46.640826, -23.575788, 822.75 ] ] }, "instructions": [ { "distance": 268.591, "heading": 130.34, "sign": 0, "interval": [ 0, 5 ], "text": "Continue onto Rua Mário Amaral", "time": 59145, "street_name": "Rua Mário Amaral" }, { "distance": 422.17, "sign": -2, "interval": [ 5, 7 ], "text": "Turn left onto Rua Sampaio Viana", "time": 88048, "street_name": "Rua Sampaio Viana" }, { "distance": 229.75, "sign": 2, "interval": [ 7, 8 ], "text": "Turn right", "time": 43867, "street_name": "" }, { "distance": 115.888, "sign": -2, "interval": [ 8, 9 ], "text": "Turn left onto Rua Afonso de Freitas", "time": 23178, "street_name": "Rua Afonso de Freitas" }, { "distance": 72.177, "sign": 2, "interval": [ 9, 10 ], "text": "Turn right onto Ciclovia Bernardino de Campos", "time": 13123, "street_name": "Ciclovia Bernardino de Campos" }, { "distance": 18.066, "sign": 0, "interval": [ 10, 11 ], "text": "Continue onto Ciclovia Bernardino de Campos", "time": 3613, "street_name": "Ciclovia Bernardino de Campos" }, { "distance": 190.45, "sign": 0, "interval": [ 11, 14 ], "text": "Continue onto Ciclovia Bernardino de Campos", "time": 44370, "street_name": "Ciclovia Bernardino de Campos" }, { "distance": 91.397, "sign": -3, "interval": [ 14, 18 ], "text": "Turn sharp left", "time": 17364, "street_name": "" }, { "distance": 0.0, "sign": 4, "last_heading": 5.5233131450611355, "interval": [ 18, 18 ], "text": "Arrive at destination", "time": 0, "street_name": "" } ], "legs": [ ], "details": { }, "ascend": 36.68505859375, "descend": 20.8375244140625, "snapped_waypoints": { "type": "LineString", "coordinates": [ [ -46.649491, -23.572526, 806.91 ], [ -46.640826, -23.575788, 822.75 ] ] } } ] }, "geometry": null },
{ "type": "Feature", "properties": { "hints": { "visited_nodes.sum": 28, "visited_nodes.average": 28.0 }, "info": { "copyrights": [ "GraphHopper", "OpenStreetMap contributors" ], "took": 1, "road_data_timestamp": "2024-09-03T15:00:00Z" }, "paths": [ { "distance": 671.99, "weight": 138.949479, "time": 141934, "transfers": 0, "points_encoded": false, "bbox": [ -46.640984, -23.581373, -46.638568, -23.576156 ], "points": { "type": "LineString", "coordinates": [ [ -46.640651, -23.576212, 824.98 ], [ -46.640865, -23.576156, 823.1 ], [ -46.640904, -23.576366, 824.08 ], [ -46.64095, -23.576512, 825.18 ], [ -46.640984, -23.576593, 826.06 ], [ -46.640935, -23.576701, 827.38 ], [ -46.640824, -23.577324, 832.84 ], [ -46.640722, -23.577667, 827.61 ], [ -46.640586, -23.577966, 822.88 ], [ -46.640632, -23.578084, 821.73 ], [ -46.638568, -23.581346, 819.0 ], [ -46.638615, -23.581373, 819.25 ] ] }, "instructions": [ { "distance": 22.765, "heading": 285.99, "sign": 0, "interval": [ 0, 1 ], "text": "Continue", "time": 6209, "street_name": "" }, { "distance": 40.661, "sign": -2, "interval": [ 1, 3 ], "text": "Turn left", "time": 9036, "street_name": "" }, { "distance": 9.649, "sign": 7, "interval": [ 3, 4 ], "text": "Keep right", "time": 2412, "street_name": "" }, { "distance": 159.799, "sign": -1, "interval": [ 4, 8 ], "text": "Turn slight left onto Ciclovia Bernardino de Campos", "time": 34038, "street_name": "Ciclovia Bernardino de Campos" }, { "distance": 14.032, "sign": 7, "interval": [ 8, 9 ], "text": "Keep right", "time": 2551, "street_name": "" }, { "distance": 419.416, "sign": -2, "interval": [ 9, 10 ], "text": "Turn left onto Rua Vergueiro", "time": 83607, "street_name": "Rua Vergueiro" }, { "distance": 5.668, "sign": 2, "interval": [ 10, 11 ], "text": "Turn right onto Avenida Conselheiro Rodrigues Alves", "time": 4081, "street_name": "Avenida Conselheiro Rodrigues Alves" }, { "distance": 0.0, "sign": 4, "last_heading": 237.8347807588047, "interval": [ 11, 11 ], "text": "Arrive at destination", "time": 0, "street_name": "" } ], "legs": [ ], "details": { }, "ascend": 13.14044189453125, "descend": 18.8748779296875, "snapped_waypoints": { "type": "LineString", "coordinates": [ [ -46.640651, -23.576212, 824.98 ], [ -46.638615, -23.581373, 819.25 ] ] } } ] }, "geometry": null },
{ "type": "Feature", "properties": { "hints": { "visited_nodes.sum": 60, "visited_nodes.average": 60.0 }, "info": { "copyrights": [ "GraphHopper", "OpenStreetMap contributors" ], "took": 2, "road_data_timestamp": "2024-09-03T15:00:00Z" }, "paths": [ { "distance": 1226.38, "weight": 248.671497, "time": 252251, "transfers": 0, "points_encoded": false, "bbox": [ -46.631645, -23.599727, -46.629036, -23.592646 ], "points": { "type": "LineString", "coordinates": [ [ -46.631307, -23.598981, 791.07 ], [ -46.631645, -23.598927, 792.68 ], [ -46.631632, -23.599715, 780.53 ], [ -46.630845, -23.599727, 782.39 ], [ -46.630609, -23.598421, 791.81 ], [ -46.630378, -23.597108, 790.71 ], [ -46.630377, -23.597053, 790.5 ], [ -46.630392, -23.596551, 788.86 ], [ -46.63043, -23.596225, 787.42 ], [ -46.630529, -23.5958, 785.53 ], [ -46.630662, -23.595471, 784.58 ], [ -46.63076, -23.595112, 783.55 ], [ -46.630778, -23.59502, 783.36 ], [ -46.630848, -23.594905, 783.56 ], [ -46.630861, -23.59454, 779.97 ], [ -46.630853, -23.594488, 779.21 ], [ -46.630815, -23.594413, 778.07 ], [ -46.630603, -23.594237, 773.12 ], [ -46.630516, -23.594174, 771.3 ], [ -46.630433, -23.594141, 771.06 ], [ -46.630184, -23.594125, 770.42 ], [ -46.629743, -23.594131, 769.29 ], [ -46.629237, -23.59419, 768.0 ], [ -46.629132, -23.594157, 769.02 ], [ -46.629089, -23.594131, 769.5 ], [ -46.629055, -23.594084, 769.99 ], [ -46.629036, -23.594016, 770.69 ], [ -46.6292, -23.593793, 772.13 ], [ -46.629492, -23.593421, 776.32 ], [ -46.629587, -23.593311, 777.6 ], [ -46.629691, -23.593209, 779.1 ], [ -46.629919, -23.593038, 781.63 ], [ -46.630498, -23.592646, 784.02 ] ] }, "instructions": [ { "distance": 35.001, "heading": 279.89, "sign": 0, "interval": [ 0, 1 ], "text": "Continue onto Rua Trabiju", "time": 7000, "street_name": "Rua Trabiju" }, { "distance": 88.482, "sign": -2, "interval": [ 1, 2 ], "text": "Turn left onto Rua Professor Tranquilli", "time": 16087, "street_name": "Rua Professor Tranquilli" }, { "distance": 80.142, "sign": -2, "interval": [ 2, 3 ], "text": "Turn left onto Rua Loefgren", "time": 16028, "street_name": "Rua Loefgren" }, { "distance": 776.14, "sign": -2, "interval": [ 3, 22 ], "text": "Turn left onto Rua Bitencourt Sampaio", "time": 155153, "street_name": "Rua Bitencourt Sampaio" }, { "distance": 30.752, "sign": -7, "interval": [ 22, 26 ], "text": "Keep left onto Rua Doutor Barros Cruz", "time": 7299, "street_name": "Rua Doutor Barros Cruz" }, { "distance": 215.864, "sign": -2, "interval": [ 26, 32 ], "text": "Turn left onto Rua Vergueiro", "time": 50684, "street_name": "Rua Vergueiro" }, { "distance": 0.0, "sign": 4, "last_heading": 306.4464767257208, "interval": [ 32, 32 ], "text": "Arrive at destination", "time": 0, "street_name": "" } ], "legs": [ ], "details": { }, "ascend": 29.4415283203125, "descend": 36.488037109375, "snapped_waypoints": { "type": "LineString", "coordinates": [ [ -46.631307, -23.598981, 791.07 ], [ -46.630498, -23.592646, 784.02 ] ] } } ] }, "geometry": null },
{ "type": "Feature", "properties": { "hints": { "visited_nodes.sum": 80, "visited_nodes.average": 80.0 }, "info": { "copyrights": [ "GraphHopper", "OpenStreetMap contributors" ], "took": 4, "road_data_timestamp": "2024-09-03T15:00:00Z" }, "paths": [ { "distance": 2081.835, "weight": 368.716289, "time": 407495, "transfers": 0, "points_encoded": false, "bbox": [ -46.631645, -23.599727, -46.620611, -23.593751 ], "points": { "type": "LineString", "coordinates": [ [ -46.631307, -23.598981, 791.07 ], [ -46.631645, -23.598927, 792.68 ], [ -46.631632, -23.599715, 780.53 ], [ -46.630845, -23.599727, 782.39 ], [ -46.630609, -23.598421, 791.81 ], [ -46.629917, -23.598541, 787.72 ], [ -46.628494, -23.598761, 778.71 ], [ -46.628375, -23.598072, 774.15 ], [ -46.627146, -23.598218, 768.15 ], [ -46.62706, -23.597561, 773.7 ], [ -46.627069, -23.597499, 774.35 ], [ -46.627271, -23.596853, 772.83 ], [ -46.627299, -23.596795, 772.33 ], [ -46.627744, -23.595665, 763.53 ], [ -46.627503, -23.595768, 763.52 ], [ -46.626683, -23.59608, 762.46 ], [ -46.626571, -23.595827, 759.8 ], [ -46.626351, -23.595166, 762.93 ], [ -46.625584, -23.595322, 757.46 ], [ -46.625463, -23.594742, 762.69 ], [ -46.625427, -23.594335, 763.71 ], [ -46.625428, -23.594185, 764.15 ], [ -46.625232, -23.594221, 762.95 ], [ -46.625046, -23.594233, 762.12 ], [ -46.624832, -23.594229, 761.18 ], [ -46.624645, -23.594193, 760.33 ], [ -46.62442, -23.594109, 759.26 ], [ -46.62428, -23.594027, 758.53 ], [ -46.62418, -23.593942, 757.93 ], [ -46.624081, -23.593846, 757.6 ], [ -46.623915, -23.59379, 757.01 ], [ -46.623884, -23.593762, 756.96 ], [ -46.623819, -23.593772, 756.61 ], [ -46.623759, -23.593751, 756.4 ], [ -46.622771, -23.594537, 749.01 ], [ -46.622309, -23.594874, 748.27 ], [ -46.62174, -23.595197, 747.56 ], [ -46.621213, -23.595468, 746.35 ], [ -46.620671, -23.595694, 748.31 ], [ -46.620611, -23.595714, 749.46 ] ] }, "instructions": [ { "distance": 35.001, "heading": 279.89, "sign": 0, "interval": [ 0, 1 ], "text": "Continue onto Rua Trabiju", "time": 7000, "street_name": "Rua Trabiju" }, { "distance": 88.482, "sign": -2, "interval": [ 1, 2 ], "text": "Turn left onto Rua Professor Tranquilli", "time": 16087, "street_name": "Rua Professor Tranquilli" }, { "distance": 80.142, "sign": -2, "interval": [ 2, 3 ], "text": "Turn left onto Rua Loefgren", "time": 16028, "street_name": "Rua Loefgren" }, { "distance": 147.52, "sign": -2, "interval": [ 3, 4 ], "text": "Turn left onto Rua Bitencourt Sampaio", "time": 32886, "street_name": "Rua Bitencourt Sampaio" }, { "distance": 219.216, "sign": 2, "interval": [ 4, 6 ], "text": "Turn right onto Rua Jorge Tibiriçá", "time": 40191, "street_name": "Rua Jorge Tibiriçá" }, { "distance": 77.746, "sign": -2, "interval": [ 6, 7 ], "text": "Turn left onto Rua Miguel Andrade Roque", "time": 14136, "street_name": "Rua Miguel Andrade Roque" }, { "distance": 126.394, "sign": 2, "interval": [ 7, 8 ], "text": "Turn right onto Rua Manuel de Morais", "time": 22981, "street_name": "Rua Manuel de Morais" }, { "distance": 296.489, "sign": -2, "interval": [ 8, 13 ], "text": "Turn left onto Rua Major Sucupira", "time": 58922, "street_name": "Rua Major Sucupira" }, { "distance": 117.52, "sign": 3, "interval": [ 13, 15 ], "text": "Turn sharp right onto Rua Embuaçu", "time": 23504, "street_name": "Rua Embuaçu" }, { "distance": 107.336, "sign": -2, "interval": [ 15, 17 ], "text": "Turn left onto Rua Miguel Henriques", "time": 21431, "street_name": "Rua Miguel Henriques" }, { "distance": 80.225, "sign": 2, "interval": [ 17, 18 ], "text": "Turn right onto Rua Vergueiro", "time": 14586, "street_name": "Rua Vergueiro" }, { "distance": 127.927, "sign": -2, "interval": [ 18, 21 ], "text": "Turn left onto Rua Voltaire", "time": 28290, "street_name": "Rua Voltaire" }, { "distance": 151.146, "sign": 2, "interval": [ 21, 29 ], "text": "Turn right onto Rua Pico Della Mirandola", "time": 27481, "street_name": "Rua Pico Della Mirandola" }, { "distance": 18.046, "sign": 7, "interval": [ 29, 30 ], "text": "Keep right onto Rua Pico Della Mirandola", "time": 3609, "street_name": "Rua Pico Della Mirandola" }, { "distance": 4.435, "sign": -7, "interval": [ 30, 31 ], "text": "Keep left onto Rua Pico Della Mirandola", "time": 887, "street_name": "Rua Pico Della Mirandola" }, { "exit_number": 3, "distance": 397.544, "sign": 6, "exited": true, "turn_angle": -1.65, "interval": [ 31, 38 ], "text": "At roundabout, take exit 3 onto Avenida Prefeito Fábio Prado", "time": 77809, "street_name": "Avenida Prefeito Fábio Prado" }, { "distance": 6.666, "sign": 0, "interval": [ 38, 39 ], "text": "Continue onto Rua Adib Miguel Haddad", "time": 1667, "street_name": "Rua Adib Miguel Haddad" }, { "distance": 0.0, "sign": 4, "last_heading": 110.174054425706, "interval": [ 39, 39 ], "text": "Arrive at destination", "time": 0, "street_name": "" } ], "legs": [ ], "details": { }, "ascend": 32.01959228515625, "descend": 73.6251220703125, "snapped_waypoints": { "type": "LineString", "coordinates": [ [ -46.631307, -23.598981, 791.07 ], [ -46.620611, -23.595714, 749.46 ] ] } } ] }, "geometry": null },
{ "type": "Feature", "properties": { "hints": { "visited_nodes.sum": 64, "visited_nodes.average": 64.0 }, "info": { "copyrights": [ "GraphHopper", "OpenStreetMap contributors" ], "took": 1, "road_data_timestamp": "2024-09-03T15:00:00Z" }, "paths": [ { "distance": 1149.675, "weight": 240.74268, "time": 253391, "transfers": 0, "points_encoded": false, "bbox": [ -46.61235, -23.608883, -46.60753, -23.602363 ], "points": { "type": "LineString", "coordinates": [ [ -46.60753, -23.608883, 752.53 ], [ -46.607955, -23.608705, 754.07 ], [ -46.608022, -23.608666, 754.5 ], [ -46.608132, -23.608575, 755.3 ], [ -46.607965, -23.608318, 753.96 ], [ -46.607634, -23.607714, 757.96 ], [ -46.608165, -23.607452, 763.45 ], [ -46.609176, -23.606969, 768.98 ], [ -46.61025, -23.606438, 776.89 ], [ -46.609828, -23.605815, 779.26 ], [ -46.609675, -23.605568, 780.18 ], [ -46.610581, -23.60513, 783.62 ], [ -46.611106, -23.604885, 787.68 ], [ -46.611158, -23.604877, 788.08 ], [ -46.611279, -23.604897, 788.54 ], [ -46.61137, -23.604937, 788.9 ], [ -46.611414, -23.604564, 789.39 ], [ -46.611525, -23.603503, 778.08 ], [ -46.611631, -23.602363, 772.81 ], [ -46.61235, -23.602417, 776.2 ] ] }, "instructions": [ { "distance": 70.843, "heading": 294.47, "sign": 0, "interval": [ 0, 3 ], "text": "Continue", "time": 23614, "street_name": "" }, { "distance": 108.572, "sign": 2, "interval": [ 3, 5 ], "text": "Turn right onto Rua Lúcia", "time": 22784, "street_name": "Rua Lúcia" }, { "distance": 302.575, "sign": -2, "interval": [ 5, 8 ], "text": "Turn left onto Rua Florânia", "time": 68954, "street_name": "Rua Florânia" }, { "distance": 113.119, "sign": 2, "interval": [ 8, 10 ], "text": "Turn right onto Rua Itacoarati", "time": 22624, "street_name": "Rua Itacoarati" }, { "distance": 192.799, "sign": -2, "interval": [ 10, 15 ], "text": "Turn left onto Rua Sussuarana", "time": 41906, "street_name": "Rua Sussuarana" }, { "distance": 288.173, "sign": 3, "interval": [ 15, 18 ], "text": "Turn sharp right onto Rua Gama Lobo", "time": 55111, "street_name": "Rua Gama Lobo" }, { "distance": 73.593, "sign": -2, "interval": [ 18, 19 ], "text": "Turn left onto Avenida Doutor Gentil de Moura", "time": 18398, "street_name": "Avenida Doutor Gentil de Moura" }, { "distance": 0.0, "sign": 4, "last_heading": 265.3023774573764, "interval": [ 19, 19 ], "text": "Arrive at destination", "time": 0, "street_name": "" } ], "legs": [ ], "details": { }, "ascend": 41.59991455078125, "descend": 17.9249267578125, "snapped_waypoints": { "type": "LineString", "coordinates": [ [ -46.60753, -23.608883, 752.53 ], [ -46.61235, -23.602417, 776.2 ] ] } } ] }, "geometry": null },
{ "type": "Feature", "properties": { "hints": { "visited_nodes.sum": 66, "visited_nodes.average": 66.0 }, "info": { "copyrights": [ "GraphHopper", "OpenStreetMap contributors" ], "took": 1, "road_data_timestamp": "2024-09-03T15:00:00Z" }, "paths": [ { "distance": 1005.375, "weight": 360.038721, "time": 300224, "transfers": 0, "points_encoded": false, "bbox": [ -46.60361, -23.602962, -46.597697, -23.601358 ], "points": { "type": "LineString", "coordinates": [ [ -46.597697, -23.602084, 748.9 ], [ -46.597716, -23.602095, 748.45 ], [ -46.597854, -23.601821, 748.61 ], [ -46.598029, -23.601642, 748.26 ], [ -46.598222, -23.601504, 747.48 ], [ -46.59848, -23.601361, 745.56 ], [ -46.598599, -23.601531, 744.77 ], [ -46.598906, -23.601925, 744.41 ], [ -46.598725, -23.601821, 744.29 ], [ -46.598607, -23.6019, 743.9 ], [ -46.59859, -23.601873, 743.96 ], [ -46.598547, -23.601873, 744.02 ], [ -46.598525, -23.601899, 744.05 ], [ -46.598527, -23.601931, 744.05 ], [ -46.598551, -23.601949, 744.04 ], [ -46.598586, -23.601945, 743.99 ], [ -46.599406, -23.601376, 745.84 ], [ -46.599442, -23.601358, 745.79 ], [ -46.599478, -23.601363, 745.76 ], [ -46.599496, -23.601402, 745.76 ], [ -46.599472, -23.601439, 745.79 ], [ -46.599434, -23.601441, 745.85 ], [ -46.599405, -23.601418, 745.93 ], [ -46.599297, -23.601492, 745.76 ], [ -46.599675, -23.601945, 746.47 ], [ -46.599719, -23.602019, 746.58 ], [ -46.599741, -23.602116, 746.69 ], [ -46.599783, -23.602168, 746.97 ], [ -46.599877, -23.602213, 746.96 ], [ -46.599981, -23.602279, 746.94 ], [ -46.600329, -23.602524, 746.9 ], [ -46.600992, -23.602878, 747.34 ], [ -46.601146, -23.602941, 747.51 ], [ -46.60122, -23.602958, 747.59 ], [ -46.601414, -23.602962, 747.78 ], [ -46.601518, -23.602942, 747.89 ], [ -46.601633, -23.60289, 748.04 ], [ -46.601877, -23.602744, 748.24 ], [ -46.601968, -23.602717, 748.26 ], [ -46.60229, -23.602523, 748.86 ], [ -46.602774, -23.602198, 750.02 ], [ -46.602961, -23.602054, 750.64 ], [ -46.60361, -23.601479, 754.9 ], [ -46.603249, -23.601404, 752.95 ], [ -46.603174, -23.601399, 751.79 ] ] }, "instructions": [ { "distance": 2.342, "heading": 238.35, "sign": 0, "interval": [ 0, 1 ], "text": "Continue onto Rua Dezenove de Novembro", "time": 1916, "street_name": "Rua Dezenove de Novembro" }, { "distance": 116.038, "sign": 2, "interval": [ 1, 5 ], "text": "Turn right onto Rua 19 de Dezembro", "time": 101914, "street_name": "Rua 19 de Dezembro" }, { "street_ref": "BR-050", "distance": 76.335, "sign": -2, "interval": [ 5, 7 ], "text": "Turn left onto Rua das Juntas Provisórias", "time": 14857, "street_name": "Rua das Juntas Provisórias" }, { "distance": 21.788, "sign": -3, "interval": [ 7, 8 ], "text": "Turn sharp left onto Avenida Almirante Delamare", "time": 4358, "street_name": "Avenida Almirante Delamare" }, { "distance": 180.296, "sign": 2, "interval": [ 8, 23 ], "text": "Turn right", "time": 54089, "street_name": "" }, { "distance": 83.852, "sign": 2, "interval": [ 23, 26 ], "text": "Turn right onto Praça Padre Pedro Balint", "time": 16770, "street_name": "Praça Padre Pedro Balint" }, { "distance": 7.124, "sign": 1, "interval": [ 26, 27 ], "text": "Turn slight right onto Rua das Juntas Provisórias", "time": 1425, "street_name": "Rua das Juntas Provisórias" }, { "distance": 254.685, "sign": 7, "interval": [ 27, 38 ], "text": "Keep right onto Rua das Juntas Provisórias", "time": 50937, "street_name": "Rua das Juntas Provisórias" }, { "distance": 217.38, "sign": 1, "interval": [ 38, 42 ], "text": "Turn slight right onto Rua Bom Pastor", "time": 45679, "street_name": "Rua Bom Pastor" }, { "distance": 45.535, "sign": 3, "interval": [ 42, 44 ], "text": "Turn sharp right onto Rua Greenfeld", "time": 8279, "street_name": "Rua Greenfeld" }, { "distance": 0.0, "sign": 4, "last_heading": 85.51968050122667, "interval": [ 44, 44 ], "text": "Arrive at destination", "time": 0, "street_name": "" } ], "legs": [ ], "details": { }, "ascend": 11.5731201171875, "descend": 8.68463134765625, "snapped_waypoints": { "type": "LineString", "coordinates": [ [ -46.597697, -23.602084, 748.9 ], [ -46.603174, -23.601399, 751.79 ] ] } } ] }, "geometry": null },
{ "type": "Feature", "properties": { "hints": { "visited_nodes.sum": 72, "visited_nodes.average": 72.0 }, "info": { "copyrights": [ "GraphHopper", "OpenStreetMap contributors" ], "took": 1, "road_data_timestamp": "2024-09-03T15:00:00Z" }, "paths": [ { "distance": 2071.592, "weight": 501.391461, "time": 576396, "transfers": 0, "points_encoded": false, "bbox": [ -46.597536, -23.603199, -46.590026, -23.592565 ], "points": { "type": "LineString", "coordinates": [ [ -46.594217, -23.602243, 758.25 ], [ -46.594021, -23.602572, 759.26 ], [ -46.593899, -23.602809, 760.2 ], [ -46.594047, -23.602856, 760.89 ], [ -46.594232, -23.602939, 761.82 ], [ -46.594413, -23.603039, 762.77 ], [ -46.594608, -23.603126, 763.75 ], [ -46.594855, -23.603199, 764.92 ], [ -46.594885, -23.603118, 764.61 ], [ -46.594888, -23.603118, 764.62 ], [ -46.595209, -23.602282, 763.11 ], [ -46.595372, -23.601929, 762.01 ], [ -46.595523, -23.601674, 760.87 ], [ -46.595716, -23.60139, 759.57 ], [ -46.595811, -23.601293, 758.75 ], [ -46.596189, -23.600955, 755.73 ], [ -46.596245, -23.600933, 755.38 ], [ -46.596383, -23.600843, 754.4 ], [ -46.596897, -23.60048, 750.18 ], [ -46.597029, -23.600401, 748.97 ], [ -46.597186, -23.600326, 747.19 ], [ -46.597493, -23.600194, 744.38 ], [ -46.59753, -23.600088, 743.47 ], [ -46.597536, -23.60001, 742.83 ], [ -46.597527, -23.599922, 742.35 ], [ -46.597492, -23.599855, 742.14 ], [ -46.59735, -23.599497, 741.01 ], [ -46.597257, -23.599217, 740.4 ], [ -46.597142, -23.598748, 739.5 ], [ -46.596776, -23.598715, 739.42 ], [ -46.596632, -23.598716, 739.81 ], [ -46.596499, -23.598734, 740.19 ], [ -46.59641, -23.59879, 740.56 ], [ -46.596224, -23.598776, 741.03 ], [ -46.596102, -23.598754, 741.35 ], [ -46.59601, -23.598705, 741.1 ], [ -46.595921, -23.598645, 740.85 ], [ -46.595282, -23.59817, 739.09 ], [ -46.595341, -23.598102, 739.0 ], [ -46.595245, -23.598032, 739.0 ], [ -46.594902, -23.597826, 738.99 ], [ -46.592394, -23.595936, 738.29 ], [ -46.59237, -23.59591, 738.23 ], [ -46.592355, -23.595877, 738.17 ], [ -46.592323, -23.595719, 737.9 ], [ -46.592296, -23.595671, 737.81 ], [ -46.592257, -23.595634, 737.72 ], [ -46.592185, -23.595601, 737.6 ], [ -46.591898, -23.595557, 737.15 ], [ -46.591795, -23.595498, 737.1 ], [ -46.591727, -23.595441, 737.12 ], [ -46.591647, -23.595345, 737.16 ], [ -46.591613, -23.595279, 737.17 ], [ -46.59159, -23.5952, 737.19 ], [ -46.591585, -23.594984, 737.25 ], [ -46.591545, -23.594897, 737.27 ], [ -46.59117, -23.594533, 737.39 ], [ -46.59214, -23.593408, 739.09 ], [ -46.591213, -23.592744, 737.54 ], [ -46.590834, -23.593188, 739.47 ], [ -46.590416, -23.59287, 738.66 ], [ -46.590346, -23.592855, 738.63 ], [ -46.590317, -23.592836, 738.62 ], [ -46.590278, -23.59278, 738.6 ], [ -46.590119, -23.59266, 738.38 ], [ -46.590026, -23.592565, 738.31 ] ] }, "instructions": [ { "distance": 70.863, "heading": 151.31, "sign": 0, "interval": [ 0, 2 ], "text": "Continue onto Rua Brigadeiro Guimarâes", "time": 63777, "street_name": "Rua Brigadeiro Guimarâes" }, { "distance": 107.139, "sign": 2, "interval": [ 2, 7 ], "text": "Turn right onto Rua Siqueira Bulcão", "time": 107139, "street_name": "Rua Siqueira Bulcão" }, { "distance": 9.537, "sign": 2, "interval": [ 7, 8 ], "text": "Turn right onto Avenida Comandante Taylor", "time": 1907, "street_name": "Avenida Comandante Taylor" }, { "distance": 0.247, "sign": -2, "interval": [ 8, 9 ], "text": "Turn left onto Rua Siqueira Bulcão", "time": 49, "street_name": "Rua Siqueira Bulcão" }, { "distance": 468.78, "sign": 2, "interval": [ 9, 24 ], "text": "Turn right onto ciclovia", "time": 87641, "street_name": "ciclovia" }, { "street_ref": "BR-050", "distance": 136.701, "sign": 1, "interval": [ 24, 28 ], "text": "Turn slight right onto Rua das Juntas Provisórias", "time": 27341, "street_name": "Rua das Juntas Provisórias" }, { "distance": 214.491, "sign": 2, "interval": [ 28, 37 ], "text": "Turn right onto Rua do Grito", "time": 42897, "street_name": "Rua do Grito" }, { "distance": 9.719, "sign": -2, "interval": [ 37, 38 ], "text": "Turn left onto Rua Lício de Miranda", "time": 1944, "street_name": "Rua Lício de Miranda" }, { "distance": 603.062, "sign": 2, "interval": [ 38, 56 ], "text": "Turn right onto Ciclovia Rua Aida", "time": 120613, "street_name": "Ciclovia Rua Aida" }, { "distance": 159.477, "sign": -2, "interval": [ 56, 57 ], "text": "Turn left onto Rua Roberto Koch", "time": 31897, "street_name": "Rua Roberto Koch" }, { "distance": 119.895, "sign": 2, "interval": [ 57, 58 ], "text": "Turn right onto Rua Pedro Fachini", "time": 23979, "street_name": "Rua Pedro Fachini" }, { "distance": 62.78, "sign": 2, "interval": [ 58, 59 ], "text": "Turn right onto Avenida Presidente Wilson", "time": 13379, "street_name": "Avenida Presidente Wilson" }, { "distance": 55.368, "sign": -2, "interval": [ 59, 60 ], "text": "Turn left", "time": 16610, "street_name": "" }, { "exit_number": 1, "distance": 53.533, "sign": 6, "exited": true, "turn_angle": -3.14, "interval": [ 60, 65 ], "text": "At roundabout, take exit 1", "time": 37223, "street_name": "" }, { "distance": 0.0, "sign": 4, "last_heading": 42.08947963031028, "interval": [ 65, 65 ], "text": "Arrive at destination", "time": 0, "street_name": "" } ], "legs": [ ], "details": { }, "ascend": 12.732421875, "descend": 32.6689453125, "snapped_waypoints": { "type": "LineString", "coordinates": [ [ -46.594217, -23.602243, 758.25 ], [ -46.590026, -23.592565, 738.31 ] ] } } ] }, "geometry": null },
{ "type": "Feature", "properties": { "hints": { "visited_nodes.sum": 68, "visited_nodes.average": 68.0 }, "info": { "copyrights": [ "GraphHopper", "OpenStreetMap contributors" ], "took": 2, "road_data_timestamp": "2024-09-03T15:00:00Z" }, "paths": [ { "distance": 1414.893, "weight": 354.791847, "time": 371392, "transfers": 0, "points_encoded": false, "bbox": [ -46.586178, -23.592684, -46.581981, -23.584318 ], "points": { "type": "LineString", "coordinates": [ [ -46.584144, -23.592257, 743.64 ], [ -46.584426, -23.592381, 743.36 ], [ -46.584805, -23.592594, 742.98 ], [ -46.584938, -23.592684, 742.85 ], [ -46.585532, -23.592387, 742.49 ], [ -46.585709, -23.592274, 742.37 ], [ -46.585908, -23.592124, 742.23 ], [ -46.586056, -23.591989, 742.12 ], [ -46.586178, -23.591845, 742.03 ], [ -46.585667, -23.591511, 740.21 ], [ -46.585725, -23.591363, 740.27 ], [ -46.586, -23.590465, 739.64 ], [ -46.585755, -23.59022, 743.8 ], [ -46.585719, -23.590178, 744.41 ], [ -46.585678, -23.590106, 745.32 ], [ -46.585641, -23.589867, 746.74 ], [ -46.58521, -23.589451, 750.93 ], [ -46.584549, -23.588838, 747.51 ], [ -46.584431, -23.588657, 746.95 ], [ -46.584401, -23.588579, 746.74 ], [ -46.584369, -23.588436, 746.37 ], [ -46.584347, -23.588277, 745.84 ], [ -46.584421, -23.588179, 745.32 ], [ -46.583275, -23.587898, 745.45 ], [ -46.583492, -23.587047, 740.73 ], [ -46.583507, -23.58691, 740.52 ], [ -46.583511, -23.58678, 740.29 ], [ -46.583496, -23.586652, 740.06 ], [ -46.583452, -23.586523, 739.82 ], [ -46.583406, -23.586426, 739.64 ], [ -46.583328, -23.58632, 739.78 ], [ -46.58319, -23.586197, 740.28 ], [ -46.583054, -23.586114, 740.71 ], [ -46.582966, -23.586086, 740.95 ], [ -46.582803, -23.586048, 741.39 ], [ -46.582978, -23.585313, 741.32 ], [ -46.582787, -23.585281, 741.3 ], [ -46.582372, -23.585186, 741.24 ], [ -46.582384, -23.585141, 741.16 ], [ -46.582571, -23.584918, 740.56 ], [ -46.582537, -23.584665, 740.89 ], [ -46.582251, -23.584318, 742.84 ], [ -46.581981, -23.584455, 742.2 ] ] }, "instructions": [ { "distance": 94.056, "heading": 248.38, "sign": 0, "interval": [ 0, 3 ], "text": "Continue onto Rua Jacaraípe", "time": 18811, "street_name": "Rua Jacaraípe" }, { "distance": 158.73, "sign": 2, "interval": [ 3, 8 ], "text": "Turn right onto Avenida Doutor Francisco Mesquita", "time": 31746, "street_name": "Avenida Doutor Francisco Mesquita" }, { "distance": 64.008, "sign": 2, "interval": [ 8, 9 ], "text": "Turn right onto Rua Ernesto Franco", "time": 12802, "street_name": "Rua Ernesto Franco" }, { "distance": 121.266, "sign": -2, "interval": [ 9, 11 ], "text": "Turn left onto Rua Maparis", "time": 24253, "street_name": "Rua Maparis" }, { "distance": 37.181, "sign": 2, "interval": [ 11, 12 ], "text": "Turn right onto Rua Tomás Izzo", "time": 9295, "street_name": "Rua Tomás Izzo" }, { "distance": 41.941, "sign": 0, "interval": [ 12, 15 ], "text": "Continue onto Rua Tomás Izzo", "time": 9738, "street_name": "Rua Tomás Izzo" }, { "distance": 159.837, "sign": 1, "interval": [ 15, 17 ], "text": "Turn slight right onto Rua Tomás Izzo", "time": 31985, "street_name": "Rua Tomás Izzo" }, { "distance": 66.793, "sign": -7, "interval": [ 17, 21 ], "text": "Keep left onto Rua Tomás Izzo", "time": 13359, "street_name": "Rua Tomás Izzo" }, { "distance": 13.204, "sign": -1, "interval": [ 21, 22 ], "text": "Turn slight left onto Rua Ibitirama", "time": 2401, "street_name": "Rua Ibitirama" }, { "distance": 120.937, "sign": 3, "interval": [ 22, 23 ], "text": "Turn sharp right onto Rua Pedro de Godói", "time": 24187, "street_name": "Rua Pedro de Godói" }, { "distance": 245.317, "sign": -2, "interval": [ 23, 34 ], "text": "Turn left onto Rua Pires Pimentel", "time": 47294, "street_name": "Rua Pires Pimentel" }, { "distance": 83.617, "sign": -2, "interval": [ 34, 35 ], "text": "Turn left onto Rua Oliveira Gouveia", "time": 16723, "street_name": "Rua Oliveira Gouveia" }, { "distance": 63.368, "sign": 2, "interval": [ 35, 37 ], "text": "Turn right onto Rua Correia Barros", "time": 12674, "street_name": "Rua Correia Barros" }, { "distance": 113.148, "sign": -2, "interval": [ 37, 41 ], "text": "Turn left", "time": 106677, "street_name": "" }, { "distance": 31.49, "sign": 2, "interval": [ 41, 42 ], "text": "Turn right", "time": 9447, "street_name": "" }, { "distance": 0.0, "sign": 4, "last_heading": 117.9777395953878, "interval": [ 42, 42 ], "text": "Arrive at destination", "time": 0, "street_name": "" } ], "legs": [ ], "details": { }, "ascend": 15.7628173828125, "descend": 17.20086669921875, "snapped_waypoints": { "type": "LineString", "coordinates": [ [ -46.584144, -23.592257, 743.64 ], [ -46.581981, -23.584455, 742.2 ] ] } } ] }, "geometry": null },
{ "type": "Feature", "properties": { "hints": { "visited_nodes.sum": 52, "visited_nodes.average": 52.0 }, "info": { "copyrights": [ "GraphHopper", "OpenStreetMap contributors" ], "took": 2, "road_data_timestamp": "2024-09-03T15:00:00Z" }, "paths": [ { "distance": 1222.977, "weight": 287.93751, "time": 332578, "transfers": 0, "points_encoded": false, "bbox": [ -46.642397, -23.592776, -46.634538, -23.588949 ], "points": { "type": "LineString", "coordinates": [ [ -46.642397, -23.59087, 785.7 ], [ -46.642193, -23.590837, 785.53 ], [ -46.642157, -23.590916, 786.21 ], [ -46.642091, -23.591183, 788.46 ], [ -46.642084, -23.591236, 788.9 ], [ -46.642086, -23.591313, 789.53 ], [ -46.641321, -23.591427, 789.5 ], [ -46.6413, -23.59144, 789.47 ], [ -46.640686, -23.591537, 789.76 ], [ -46.640678, -23.5916, 789.91 ], [ -46.640712, -23.592041, 790.97 ], [ -46.639476, -23.592143, 795.08 ], [ -46.639383, -23.59216, 795.51 ], [ -46.639463, -23.592688, 794.44 ], [ -46.638479, -23.592776, 795.01 ], [ -46.638336, -23.592554, 796.59 ], [ -46.638227, -23.592409, 797.68 ], [ -46.638105, -23.592251, 798.99 ], [ -46.638031, -23.592174, 799.78 ], [ -46.637739, -23.591813, 804.36 ], [ -46.63742, -23.591437, 807.96 ], [ -46.63696, -23.59086, 804.51 ], [ -46.636249, -23.589994, 805.6 ], [ -46.636204, -23.589962, 805.86 ], [ -46.636142, -23.589935, 806.16 ], [ -46.635168, -23.589776, 810.66 ], [ -46.634923, -23.589729, 812.08 ], [ -46.63481, -23.589613, 812.82 ], [ -46.634707, -23.589309, 813.78 ], [ -46.634568, -23.589208, 815.15 ], [ -46.634538, -23.588958, 815.88 ], [ -46.634627, -23.588949, 815.17 ], [ -46.634653, -23.589107, 814.76 ] ] }, "instructions": [ { "distance": 21.12, "heading": 79.96, "sign": 0, "interval": [ 0, 1 ], "text": "Continue onto Viela Santa Catarina", "time": 19008, "street_name": "Viela Santa Catarina" }, { "distance": 54.616, "sign": 2, "interval": [ 1, 5 ], "text": "Turn right onto Viela São Paulo", "time": 54616, "street_name": "Viela São Paulo" }, { "distance": 78.964, "sign": -2, "interval": [ 5, 6 ], "text": "Turn left onto Rua Doutor Mário Cardim", "time": 16047, "street_name": "Rua Doutor Mário Cardim" }, { "distance": 66.166, "sign": 7, "interval": [ 6, 8 ], "text": "Keep right onto Rua Doutor Mário Cardim", "time": 13233, "street_name": "Rua Doutor Mário Cardim" }, { "distance": 56.169, "sign": 2, "interval": [ 8, 10 ], "text": "Turn right onto Rua Rio Grande", "time": 11234, "street_name": "Rua Rio Grande" }, { "distance": 136.272, "sign": -2, "interval": [ 10, 12 ], "text": "Turn left onto Rua Gandavo", "time": 29202, "street_name": "Rua Gandavo" }, { "distance": 59.281, "sign": 2, "interval": [ 12, 13 ], "text": "Turn right onto Rua Coronel Lisboa", "time": 11856, "street_name": "Rua Coronel Lisboa" }, { "distance": 100.755, "sign": -2, "interval": [ 13, 14 ], "text": "Turn left onto Rua Madre Cabrini", "time": 20151, "street_name": "Rua Madre Cabrini" }, { "distance": 48.278, "sign": -2, "interval": [ 14, 16 ], "text": "Turn left onto Rua Madre Cabrini", "time": 10622, "street_name": "Rua Madre Cabrini" }, { "distance": 475.607, "sign": 0, "interval": [ 16, 26 ], "text": "Continue onto Rua Madre Cabrini", "time": 102893, "street_name": "Rua Madre Cabrini" }, { "distance": 17.355, "sign": -7, "interval": [ 26, 27 ], "text": "Keep left", "time": 3857, "street_name": "" }, { "distance": 35.358, "sign": -7, "interval": [ 27, 28 ], "text": "Keep left onto Ciclovia Avenida Prof. Noé Azevedo", "time": 7072, "street_name": "Ciclovia Avenida Prof. Noé Azevedo" }, { "distance": 18.148, "sign": 7, "interval": [ 28, 29 ], "text": "Keep right", "time": 4537, "street_name": "" }, { "distance": 27.968, "sign": -7, "interval": [ 29, 30 ], "text": "Keep left onto Avenida Professor Noé Azevedo", "time": 5593, "street_name": "Avenida Professor Noé Azevedo" }, { "distance": 26.92, "sign": -2, "interval": [ 30, 32 ], "text": "Turn left", "time": 22657, "street_name": "" }, { "distance": 0.0, "sign": 4, "last_heading": 188.5432216437, "interval": [ 32, 32 ], "text": "Arrive at destination", "time": 0, "street_name": "" } ], "legs": [ ], "details": { }, "ascend": 36.2779541015625, "descend": 7.222412109375, "snapped_waypoints": { "type": "LineString", "coordinates": [ [ -46.642397, -23.59087, 785.7 ], [ -46.634653, -23.589107, 814.76 ] ] } } ] }, "geometry": null },
{ "type": "Feature", "properties": { "hints": { "visited_nodes.sum": 94, "visited_nodes.average": 94.0 }, "info": { "copyrights": [ "GraphHopper", "OpenStreetMap contributors" ], "took": 1, "road_data_timestamp": "2024-09-03T15:00:00Z" }, "paths": [ { "distance": 2170.21, "weight": 446.698094, "time": 484685, "transfers": 0, "points_encoded": false, "bbox": [ -46.608176, -23.480092, -46.603436, -23.469884 ], "points": { "type": "LineString", "coordinates": [ [ -46.606743, -23.470482, 778.82 ], [ -46.6065, -23.470356, 780.84 ], [ -46.606372, -23.470256, 782.65 ], [ -46.606009, -23.469884, 783.89 ], [ -46.605982, -23.469919, 784.13 ], [ -46.60595, -23.469941, 784.34 ], [ -46.605907, -23.469955, 784.57 ], [ -46.605813, -23.469964, 785.06 ], [ -46.604839, -23.469895, 789.94 ], [ -46.605038, -23.470011, 790.51 ], [ -46.605332, -23.470215, 791.39 ], [ -46.60564, -23.470552, 792.55 ], [ -46.605853, -23.47082, 793.38 ], [ -46.605635, -23.471114, 793.41 ], [ -46.605521, -23.471207, 793.42 ], [ -46.605392, -23.471242, 793.44 ], [ -46.605239, -23.471246, 793.45 ], [ -46.604982, -23.471208, 793.48 ], [ -46.60544, -23.471722, 794.67 ], [ -46.605444, -23.471758, 794.73 ], [ -46.605419, -23.471962, 795.1 ], [ -46.605424, -23.472081, 795.32 ], [ -46.605446, -23.47216, 795.46 ], [ -46.605482, -23.472245, 795.51 ], [ -46.605592, -23.472326, 795.26 ], [ -46.605754, -23.47243, 794.91 ], [ -46.606021, -23.472548, 794.38 ], [ -46.605187, -23.473312, 779.97 ], [ -46.60687, -23.47493, 787.55 ], [ -46.606237, -23.475517, 784.77 ], [ -46.606388, -23.475644, 785.5 ], [ -46.60652, -23.475739, 786.09 ], [ -46.606734, -23.475833, 786.94 ], [ -46.607072, -23.475944, 788.17 ], [ -46.607641, -23.476113, 791.31 ], [ -46.607955, -23.476223, 793.07 ], [ -46.608176, -23.476316, 794.34 ], [ -46.606728, -23.477768, 808.69 ], [ -46.605965, -23.477135, 810.0 ], [ -46.605549, -23.477519, 809.16 ], [ -46.604315, -23.478703, 792.77 ], [ -46.603477, -23.479486, 780.63 ], [ -46.603758, -23.479795, 781.46 ], [ -46.603728, -23.479863, 781.52 ], [ -46.603674, -23.479914, 781.58 ], [ -46.603758, -23.480022, 782.97 ], [ -46.603591, -23.480092, 782.04 ], [ -46.603436, -23.479925, 780.29 ] ] }, "instructions": [ { "distance": 101.293, "heading": 60.38, "sign": 0, "interval": [ 0, 3 ], "text": "Continue", "time": 22546, "street_name": "" }, { "distance": 122.944, "sign": 2, "interval": [ 3, 8 ], "text": "Turn right onto Rua João Gualberto de Almeida Pires", "time": 27321, "street_name": "Rua João Gualberto de Almeida Pires" }, { "street_ref": "SP-008", "distance": 147.405, "sign": 3, "interval": [ 8, 12 ], "text": "Turn sharp right onto Avenida Coronel Sezefredo Fagundes", "time": 29481, "street_name": "Avenida Coronel Sezefredo Fagundes" }, { "distance": 110.909, "sign": -2, "interval": [ 12, 17 ], "text": "Turn left onto Rua Bonita", "time": 22182, "street_name": "Rua Bonita" }, { "distance": 197.882, "sign": 3, "interval": [ 17, 26 ], "text": "Turn sharp right onto Rua Comandante Gualberto", "time": 39577, "street_name": "Rua Comandante Gualberto" }, { "distance": 121.039, "sign": -3, "interval": [ 26, 27 ], "text": "Turn sharp left onto Rua Jorge Fuchs", "time": 22007, "street_name": "Rua Jorge Fuchs" }, { "distance": 248.876, "sign": 2, "interval": [ 27, 28 ], "text": "Turn right onto Rua Irmãos Pìla", "time": 51803, "street_name": "Rua Irmãos Pìla" }, { "distance": 91.912, "sign": -2, "interval": [ 28, 29 ], "text": "Turn left onto Rua Clarim Saquarema", "time": 17527, "street_name": "Rua Clarim Saquarema" }, { "distance": 98.836, "sign": 2, "interval": [ 29, 33 ], "text": "Turn right onto Rua Aragão", "time": 19767, "street_name": "Rua Aragão" }, { "distance": 120.281, "sign": 0, "interval": [ 33, 36 ], "text": "Continue onto Rua Aragão", "time": 26729, "street_name": "Rua Aragão" }, { "distance": 219.376, "sign": -3, "interval": [ 36, 37 ], "text": "Turn sharp left onto Rua Curupitê", "time": 52481, "street_name": "Rua Curupitê" }, { "distance": 104.922, "sign": -2, "interval": [ 37, 38 ], "text": "Turn left onto Rua Cajamar", "time": 20984, "street_name": "Rua Cajamar" }, { "distance": 365.712, "sign": 2, "interval": [ 38, 41 ], "text": "Turn right onto Rua Ausônia", "time": 67586, "street_name": "Rua Ausônia" }, { "distance": 44.776, "sign": 2, "interval": [ 41, 42 ], "text": "Turn right onto Avenida Doutor Antônio Maria Laet", "time": 8955, "street_name": "Avenida Doutor Antônio Maria Laet" }, { "distance": 15.973, "sign": -2, "interval": [ 42, 44 ], "text": "Turn left onto Avenida Doutor Antônio Maria Laet", "time": 3195, "street_name": "Avenida Doutor Antônio Maria Laet" }, { "distance": 14.835, "sign": 2, "interval": [ 44, 45 ], "text": "Turn right", "time": 16689, "street_name": "" }, { "distance": 18.787, "sign": -2, "interval": [ 45, 46 ], "text": "Turn left", "time": 15849, "street_name": "" }, { "distance": 24.452, "sign": -2, "interval": [ 46, 47 ], "text": "Turn left", "time": 20006, "street_name": "" }, { "distance": 0.0, "sign": 4, "last_heading": 40.49665695984658, "interval": [ 47, 47 ], "text": "Arrive at destination", "time": 0, "street_name": "" } ], "legs": [ ], "details": { }, "ascend": 52.07708740234375, "descend": 50.60009765625, "snapped_waypoints": { "type": "LineString", "coordinates": [ [ -46.606743, -23.470482, 778.82 ], [ -46.603436, -23.479925, 780.29 ] ] } } ] }, "geometry": null },
{ "type": "Feature", "properties": { "hints": { "visited_nodes.sum": 48, "visited_nodes.average": 48.0 }, "info": { "copyrights": [ "GraphHopper", "OpenStreetMap contributors" ], "took": 1, "road_data_timestamp": "2024-09-03T15:00:00Z" }, "paths": [ { "distance": 1412.146, "weight": 250.364829, "time": 273935, "transfers": 0, "points_encoded": false, "bbox": [ -46.60888, -23.492976, -46.599061, -23.487073 ], "points": { "type": "LineString", "coordinates": [ [ -46.599061, -23.492976, 789.0 ], [ -46.599616, -23.49266, 788.91 ], [ -46.600765, -23.491976, 788.73 ], [ -46.601094, -23.492024, 790.24 ], [ -46.601177, -23.491162, 790.1 ], [ -46.602105, -23.491242, 789.23 ], [ -46.602784, -23.491292, 784.03 ], [ -46.60343, -23.491343, 792.85 ], [ -46.60365, -23.490911, 789.77 ], [ -46.603974, -23.490193, 783.42 ], [ -46.60497, -23.489658, 780.3 ], [ -46.604799, -23.489273, 772.8 ], [ -46.605026, -23.489155, 770.56 ], [ -46.605865, -23.488689, 762.16 ], [ -46.606488, -23.488494, 758.28 ], [ -46.606726, -23.488437, 756.83 ], [ -46.606982, -23.488384, 755.29 ], [ -46.607647, -23.488275, 751.34 ], [ -46.607596, -23.487955, 751.19 ], [ -46.608699, -23.487524, 750.71 ], [ -46.60888, -23.487463, 751.07 ], [ -46.608712, -23.487073, 750.36 ] ] }, "instructions": [ { "distance": 206.363, "heading": 301.84, "sign": 0, "interval": [ 0, 2 ], "text": "Continue onto Rua Carapocaia", "time": 41273, "street_name": "Rua Carapocaia" }, { "distance": 33.96, "sign": -1, "interval": [ 2, 3 ], "text": "Turn slight left onto Rua Paulo de Avelar", "time": 7547, "street_name": "Rua Paulo de Avelar" }, { "distance": 96.295, "sign": 2, "interval": [ 3, 4 ], "text": "Turn right onto Rua Elvira de Bortole", "time": 19259, "street_name": "Rua Elvira de Bortole" }, { "distance": 231.47, "sign": -2, "interval": [ 4, 7 ], "text": "Turn left onto Rua Francisco Lipi", "time": 46295, "street_name": "Rua Francisco Lipi" }, { "distance": 139.707, "sign": 2, "interval": [ 7, 9 ], "text": "Turn right onto Rua Verona", "time": 25402, "street_name": "Rua Verona" }, { "distance": 117.671, "sign": -1, "interval": [ 9, 10 ], "text": "Turn slight left onto Rua Malie Brenner", "time": 23534, "street_name": "Rua Malie Brenner" }, { "distance": 46.883, "sign": 2, "interval": [ 10, 11 ], "text": "Turn right onto Rua Plínio Pasqui", "time": 8524, "street_name": "Rua Plínio Pasqui" }, { "distance": 315.244, "sign": -2, "interval": [ 11, 17 ], "text": "Turn left onto Rua Doutor Marrei Júnior", "time": 57317, "street_name": "Rua Doutor Marrei Júnior" }, { "distance": 35.953, "sign": 2, "interval": [ 17, 18 ], "text": "Turn right onto Avenida General Ataliba Leonel", "time": 7191, "street_name": "Avenida General Ataliba Leonel" }, { "distance": 141.91, "sign": -2, "interval": [ 18, 20 ], "text": "Turn left onto Rua Antônio Domingues de Carvalho", "time": 28359, "street_name": "Rua Antônio Domingues de Carvalho" }, { "distance": 46.69, "sign": 2, "interval": [ 20, 21 ], "text": "Turn right onto Avenida Luiz Dumont Villares", "time": 9234, "street_name": "Avenida Luiz Dumont Villares" }, { "distance": 0.0, "sign": 4, "last_heading": 21.743748325214742, "interval": [ 21, 21 ], "text": "Arrive at destination", "time": 0, "street_name": "" } ], "legs": [ ], "details": { }, "ascend": 11.7890625, "descend": 50.42559814453125, "snapped_waypoints": { "type": "LineString", "coordinates": [ [ -46.599061, -23.492976, 789.0 ], [ -46.608712, -23.487073, 750.36 ] ] } } ] }, "geometry": null },
{ "type": "Feature", "properties": { "hints": { "visited_nodes.sum": 104, "visited_nodes.average": 104.0 }, "info": { "copyrights": [ "GraphHopper", "OpenStreetMap contributors" ], "took": 3, "road_data_timestamp": "2024-09-03T15:00:00Z" }, "paths": [ { "distance": 1594.842, "weight": 355.861868, "time": 374599, "transfers": 0, "points_encoded": false, "bbox": [ -46.617896, -23.502717, -46.614603, -23.492526 ], "points": { "type": "LineString", "coordinates": [ [ -46.617896, -23.502717, 731.77 ], [ -46.61742, -23.502583, 731.71 ], [ -46.617439, -23.502522, 731.51 ], [ -46.61686, -23.502356, 731.73 ], [ -46.616564, -23.502253, 732.51 ], [ -46.616329, -23.502156, 733.15 ], [ -46.616128, -23.502059, 733.71 ], [ -46.615768, -23.501841, 733.74 ], [ -46.615668, -23.501767, 733.46 ], [ -46.615199, -23.501294, 733.12 ], [ -46.614793, -23.500806, 733.31 ], [ -46.614996, -23.500741, 733.12 ], [ -46.615297, -23.500619, 733.0 ], [ -46.615018, -23.50028, 735.58 ], [ -46.61493, -23.500115, 736.81 ], [ -46.614864, -23.499992, 737.94 ], [ -46.61477, -23.499848, 739.32 ], [ -46.614701, -23.499724, 740.47 ], [ -46.614656, -23.499574, 741.75 ], [ -46.61462, -23.4994, 743.21 ], [ -46.614603, -23.499251, 744.35 ], [ -46.614644, -23.499087, 745.72 ], [ -46.614857, -23.498534, 750.52 ], [ -46.614939, -23.498263, 752.82 ], [ -46.614973, -23.498088, 754.26 ], [ -46.614979, -23.49785, 755.78 ], [ -46.614949, -23.497689, 756.82 ], [ -46.614704, -23.496824, 762.49 ], [ -46.615438, -23.496665, 767.43 ], [ -46.615414, -23.49659, 767.53 ], [ -46.615519, -23.496551, 767.54 ], [ -46.615546, -23.496523, 767.55 ], [ -46.616079, -23.495752, 767.67 ], [ -46.616227, -23.495587, 767.15 ], [ -46.617074, -23.494589, 764.09 ], [ -46.617834, -23.493672, 763.13 ], [ -46.617233, -23.493277, 754.06 ], [ -46.617533, -23.49288, 752.86 ], [ -46.61702, -23.492526, 749.02 ] ] }, "instructions": [ { "distance": 50.746, "heading": 73.01, "sign": 0, "interval": [ 0, 1 ], "text": "Continue", "time": 45672, "street_name": "" }, { "distance": 7.127, "sign": -2, "interval": [ 1, 2 ], "text": "Turn left", "time": 6414, "street_name": "" }, { "distance": 340.077, "sign": 2, "interval": [ 2, 10 ], "text": "Turn right onto Avenida General Ataliba Leonel", "time": 68016, "street_name": "Avenida General Ataliba Leonel" }, { "distance": 55.537, "sign": -3, "interval": [ 10, 12 ], "text": "Turn sharp left onto Rua Doutor Olavo Egídio", "time": 11107, "street_name": "Rua Doutor Olavo Egídio" }, { "distance": 67.778, "sign": 3, "interval": [ 12, 14 ], "text": "Turn sharp right onto Rua Duarte de Azevedo", "time": 15061, "street_name": "Rua Duarte de Azevedo" }, { "distance": 103.315, "sign": 0, "interval": [ 14, 20 ], "text": "Continue onto Rua Cataguases", "time": 22959, "street_name": "Rua Cataguases" }, { "distance": 279.609, "sign": -7, "interval": [ 20, 27 ], "text": "Keep left onto Rua Cataguases", "time": 62136, "street_name": "Rua Cataguases" }, { "distance": 77.115, "sign": -2, "interval": [ 27, 28 ], "text": "Turn left onto Rua Mirante", "time": 17137, "street_name": "Rua Mirante" }, { "distance": 8.617, "sign": 2, "interval": [ 28, 29 ], "text": "Turn right onto Avenida Leôncio de Magalhães", "time": 1723, "street_name": "Avenida Leôncio de Magalhães" }, { "distance": 409.709, "sign": -2, "interval": [ 29, 35 ], "text": "Turn left onto Rua Guajurus", "time": 81942, "street_name": "Rua Guajurus" }, { "distance": 75.884, "sign": 2, "interval": [ 35, 36 ], "text": "Turn right onto Rua Pedro Madureira", "time": 13797, "street_name": "Rua Pedro Madureira" }, { "distance": 53.753, "sign": -2, "interval": [ 36, 37 ], "text": "Turn left onto Avenida Leôncio de Magalhães", "time": 10751, "street_name": "Avenida Leôncio de Magalhães" }, { "distance": 65.575, "sign": 2, "interval": [ 37, 38 ], "text": "Turn right", "time": 17884, "street_name": "" }, { "distance": 0.0, "sign": 4, "last_heading": 53.07308056296816, "interval": [ 38, 38 ], "text": "Arrive at destination", "time": 0, "street_name": "" } ], "legs": [ ], "details": { }, "ascend": 38.1190185546875, "descend": 20.865478515625, "snapped_waypoints": { "type": "LineString", "coordinates": [ [ -46.617896, -23.502717, 731.77 ], [ -46.61702, -23.492526, 749.02 ] ] } } ] }, "geometry": null },
{ "type": "Feature", "properties": { "hints": { "visited_nodes.sum": 82, "visited_nodes.average": 82.0 }, "info": { "copyrights": [ "GraphHopper", "OpenStreetMap contributors" ], "took": 3, "road_data_timestamp": "2024-09-03T15:00:00Z" }, "paths": [ { "distance": 1545.491, "weight": 477.966585, "time": 474753, "transfers": 0, "points_encoded": false, "bbox": [ -46.625357, -23.506309, -46.61742, -23.502355 ], "points": { "type": "LineString", "coordinates": [ [ -46.617896, -23.502717, 731.77 ], [ -46.61742, -23.502583, 731.71 ], [ -46.617493, -23.502355, 731.0 ], [ -46.617723, -23.502419, 731.37 ], [ -46.61779, -23.50252, 731.63 ], [ -46.618001, -23.502588, 732.06 ], [ -46.618396, -23.502692, 732.81 ], [ -46.618705, -23.502671, 732.55 ], [ -46.619124, -23.502668, 732.19 ], [ -46.619334, -23.502715, 732.0 ], [ -46.619507, -23.502794, 731.84 ], [ -46.619728, -23.503, 731.64 ], [ -46.619886, -23.503049, 731.07 ], [ -46.620245, -23.503371, 731.28 ], [ -46.620788, -23.503884, 731.14 ], [ -46.620881, -23.503986, 730.98 ], [ -46.621565, -23.504885, 728.86 ], [ -46.622683, -23.505698, 727.78 ], [ -46.623541, -23.506284, 728.15 ], [ -46.6237, -23.506294, 728.19 ], [ -46.624873, -23.506309, 729.34 ], [ -46.624774, -23.503253, 732.84 ], [ -46.624966, -23.503248, 732.75 ], [ -46.624974, -23.50321, 732.77 ], [ -46.624997, -23.503197, 732.78 ], [ -46.625056, -23.503187, 732.82 ], [ -46.625048, -23.503119, 732.94 ], [ -46.625021, -23.503123, 732.93 ], [ -46.624984, -23.503113, 733.06 ], [ -46.624963, -23.503087, 733.17 ], [ -46.624961, -23.502791, 735.38 ], [ -46.625357, -23.502753, 736.53 ], [ -46.625345, -23.502575, 737.69 ], [ -46.624773, -23.502583, 736.18 ] ] }, "instructions": [ { "distance": 50.746, "heading": 73.01, "sign": 0, "interval": [ 0, 1 ], "text": "Continue", "time": 45672, "street_name": "" }, { "distance": 26.477, "sign": -2, "interval": [ 1, 2 ], "text": "Turn left", "time": 23829, "street_name": "" }, { "distance": 24.515, "sign": -2, "interval": [ 2, 3 ], "text": "Turn left onto Avenida General Ataliba Leonel", "time": 4903, "street_name": "Avenida General Ataliba Leonel" }, { "distance": 226.096, "sign": -7, "interval": [ 3, 11 ], "text": "Keep left onto Calçada Compartilhada Avenida Gen. Ataliba Leonel", "time": 45219, "street_name": "Calçada Compartilhada Avenida Gen. Ataliba Leonel" }, { "distance": 17.091, "sign": 7, "interval": [ 11, 12 ], "text": "Keep right onto Calçada Compartilhada Avenida Gen. Ataliba Leonel", "time": 3418, "street_name": "Calçada Compartilhada Avenida Gen. Ataliba Leonel" }, { "distance": 521.974, "sign": -1, "interval": [ 12, 18 ], "text": "Turn slight left onto Avenida General Ataliba Leonel", "time": 104027, "street_name": "Avenida General Ataliba Leonel" }, { "distance": 135.888, "sign": 7, "interval": [ 18, 20 ], "text": "Keep right onto Rua Alfredo Guedes", "time": 27178, "street_name": "Rua Alfredo Guedes" }, { "distance": 340.095, "sign": 2, "interval": [ 20, 21 ], "text": "Turn right onto Ciclovia Avenida Cruzeiro do Sul", "time": 68668, "street_name": "Ciclovia Avenida Cruzeiro do Sul" }, { "distance": 19.615, "sign": -2, "interval": [ 21, 22 ], "text": "Turn left", "time": 17653, "street_name": "" }, { "distance": 13.203, "sign": 2, "interval": [ 22, 25 ], "text": "Turn right", "time": 11883, "street_name": "" }, { "distance": 7.638, "sign": 2, "interval": [ 25, 26 ], "text": "Turn right", "time": 6874, "street_name": "" }, { "distance": 43.313, "sign": 2, "interval": [ 26, 30 ], "text": "Turn right", "time": 41778, "street_name": "" }, { "distance": 60.462, "sign": -2, "interval": [ 30, 32 ], "text": "Turn left", "time": 19629, "street_name": "" }, { "distance": 58.377, "sign": 2, "interval": [ 32, 33 ], "text": "Turn right", "time": 54022, "street_name": "" }, { "distance": 0.0, "sign": 4, "last_heading": 90.81381052823548, "interval": [ 33, 33 ], "text": "Arrive at destination", "time": 0, "street_name": "" } ], "legs": [ ], "details": { }, "ascend": 12.9471435546875, "descend": 8.5316162109375, "snapped_waypoints": { "type": "LineString", "coordinates": [ [ -46.617896, -23.502717, 731.77 ], [ -46.624773, -23.502583, 736.18 ] ] } } ] }, "geometry": null },
{ "type": "Feature", "properties": { "hints": { "visited_nodes.sum": 46, "visited_nodes.average": 46.0 }, "info": { "copyrights": [ "GraphHopper", "OpenStreetMap contributors" ], "took": 3, "road_data_timestamp": "2024-09-03T15:00:00Z" }, "paths": [ { "distance": 1268.382, "weight": 289.555115, "time": 307363, "transfers": 0, "points_encoded": false, "bbox": [ -46.624962, -23.509276, -46.61742, -23.502355 ], "points": { "type": "LineString", "coordinates": [ [ -46.617896, -23.502717, 731.77 ], [ -46.61742, -23.502583, 731.71 ], [ -46.617493, -23.502355, 731.0 ], [ -46.617723, -23.502419, 731.37 ], [ -46.61779, -23.50252, 731.63 ], [ -46.618001, -23.502588, 732.06 ], [ -46.618396, -23.502692, 732.81 ], [ -46.618705, -23.502671, 732.55 ], [ -46.619124, -23.502668, 732.19 ], [ -46.619334, -23.502715, 732.0 ], [ -46.619507, -23.502794, 731.84 ], [ -46.619728, -23.503, 731.64 ], [ -46.619886, -23.503049, 731.07 ], [ -46.620245, -23.503371, 731.28 ], [ -46.620788, -23.503884, 731.14 ], [ -46.620881, -23.503986, 730.98 ], [ -46.621565, -23.504885, 728.86 ], [ -46.622683, -23.505698, 727.78 ], [ -46.62367, -23.506372, 728.12 ], [ -46.624319, -23.506834, 729.48 ], [ -46.624662, -23.507053, 730.44 ], [ -46.624664, -23.50719, 730.7 ], [ -46.624679, -23.507262, 730.74 ], [ -46.624745, -23.507328, 730.77 ], [ -46.624902, -23.507422, 730.97 ], [ -46.624937, -23.508313, 728.4 ], [ -46.624962, -23.509276, 728.12 ] ] }, "instructions": [ { "distance": 50.746, "heading": 73.01, "sign": 0, "interval": [ 0, 1 ], "text": "Continue", "time": 45672, "street_name": "" }, { "distance": 26.477, "sign": -2, "interval": [ 1, 2 ], "text": "Turn left", "time": 23829, "street_name": "" }, { "distance": 24.515, "sign": -2, "interval": [ 2, 3 ], "text": "Turn left onto Avenida General Ataliba Leonel", "time": 4903, "street_name": "Avenida General Ataliba Leonel" }, { "distance": 226.096, "sign": -7, "interval": [ 3, 11 ], "text": "Keep left onto Calçada Compartilhada Avenida Gen. Ataliba Leonel", "time": 45219, "street_name": "Calçada Compartilhada Avenida Gen. Ataliba Leonel" }, { "distance": 17.091, "sign": 7, "interval": [ 11, 12 ], "text": "Keep right onto Calçada Compartilhada Avenida Gen. Ataliba Leonel", "time": 3418, "street_name": "Calçada Compartilhada Avenida Gen. Ataliba Leonel" }, { "distance": 664.733, "sign": -1, "interval": [ 12, 20 ], "text": "Turn slight left onto Avenida General Ataliba Leonel", "time": 132579, "street_name": "Avenida General Ataliba Leonel" }, { "distance": 52.471, "sign": -2, "interval": [ 20, 24 ], "text": "Turn left", "time": 10493, "street_name": "" }, { "distance": 206.253, "sign": -2, "interval": [ 24, 26 ], "text": "Turn left onto Ciclovia Avenida Cruzeiro do Sul", "time": 41250, "street_name": "Ciclovia Avenida Cruzeiro do Sul" }, { "distance": 0.0, "sign": 4, "last_heading": 181.42135625022385, "interval": [ 26, 26 ], "text": "Arrive at destination", "time": 0, "street_name": "" } ], "legs": [ ], "details": { }, "ascend": 5.9151611328125, "descend": 9.5635986328125, "snapped_waypoints": { "type": "LineString", "coordinates": [ [ -46.617896, -23.502717, 731.77 ], [ -46.624962, -23.509276, 728.12 ] ] } } ] }, "geometry": null },
{ "type": "Feature", "properties": { "hints": { "visited_nodes.sum": 34, "visited_nodes.average": 34.0 }, "info": { "copyrights": [ "GraphHopper", "OpenStreetMap contributors" ], "took": 1, "road_data_timestamp": "2024-09-03T15:00:00Z" }, "paths": [ { "distance": 1660.719, "weight": 293.229336, "time": 333047, "transfers": 0, "points_encoded": false, "bbox": [ -46.626692, -23.528349, -46.625118, -23.516131 ], "points": { "type": "LineString", "coordinates": [ [ -46.626432, -23.528349, 727.07 ], [ -46.626692, -23.527828, 726.72 ], [ -46.625617, -23.527344, 726.6 ], [ -46.625639, -23.528301, 726.87 ], [ -46.625551, -23.528305, 727.08 ], [ -46.625473, -23.526492, 727.86 ], [ -46.625455, -23.525724, 728.19 ], [ -46.625477, -23.525615, 728.23 ], [ -46.625427, -23.525537, 728.21 ], [ -46.625419, -23.525486, 728.2 ], [ -46.625418, -23.525358, 728.22 ], [ -46.625377, -23.523303, 729.55 ], [ -46.62533, -23.521892, 725.95 ], [ -46.625275, -23.521766, 726.0 ], [ -46.625213, -23.520203, 726.64 ], [ -46.625157, -23.518113, 729.26 ], [ -46.625133, -23.517738, 729.11 ], [ -46.625118, -23.51715, 728.88 ], [ -46.625136, -23.517014, 728.82 ], [ -46.625195, -23.516955, 728.8 ], [ -46.625167, -23.516131, 729.23 ] ] }, "instructions": [ { "distance": 63.724, "heading": 335.41, "sign": 0, "interval": [ 0, 1 ], "text": "Continue onto Rua Victor Airosa", "time": 12745, "street_name": "Rua Victor Airosa" }, { "distance": 122.07, "sign": 2, "interval": [ 1, 2 ], "text": "Turn right onto Rua Tapajós", "time": 24414, "street_name": "Rua Tapajós" }, { "distance": 106.359, "sign": 3, "interval": [ 2, 3 ], "text": "Turn sharp right onto Avenida Cruzeiro do Sul", "time": 21272, "street_name": "Avenida Cruzeiro do Sul" }, { "distance": 9.027, "sign": -2, "interval": [ 3, 4 ], "text": "Turn left", "time": 2708, "street_name": "" }, { "distance": 299.473, "sign": -2, "interval": [ 4, 7 ], "text": "Turn left onto Ciclovia Avenida Cruzeiro do Sul", "time": 59895, "street_name": "Ciclovia Avenida Cruzeiro do Sul" }, { "distance": 30.036, "sign": 1, "interval": [ 7, 10 ], "text": "Turn slight right onto Ciclovia Avenida Cruzeiro do Sul", "time": 6007, "street_name": "Ciclovia Avenida Cruzeiro do Sul" }, { "distance": 385.557, "sign": 0, "interval": [ 10, 12 ], "text": "Continue onto Ciclovia Avenida Cruzeiro do Sul", "time": 77112, "street_name": "Ciclovia Avenida Cruzeiro do Sul" }, { "distance": 552.798, "sign": 7, "interval": [ 12, 19 ], "text": "Keep right onto Ciclovia Avenida Cruzeiro do Sul", "time": 110559, "street_name": "Ciclovia Avenida Cruzeiro do Sul" }, { "distance": 91.675, "sign": 1, "interval": [ 19, 20 ], "text": "Turn slight right onto Ciclovia Avenida Cruzeiro do Sul", "time": 18335, "street_name": "Ciclovia Avenida Cruzeiro do Sul" }, { "distance": 0.0, "sign": 4, "last_heading": 1.7990874767107847, "interval": [ 20, 20 ], "text": "Arrive at destination", "time": 0, "street_name": "" } ], "legs": [ ], "details": { }, "ascend": 6.885498046875, "descend": 4.728515625, "snapped_waypoints": { "type": "LineString", "coordinates": [ [ -46.626432, -23.528349, 727.07 ], [ -46.625167, -23.516131, 729.23 ] ] } } ] }, "geometry": null },
{ "type": "Feature", "properties": { "hints": { "visited_nodes.sum": 24, "visited_nodes.average": 24.0 }, "info": { "copyrights": [ "GraphHopper", "OpenStreetMap contributors" ], "took": 1, "road_data_timestamp": "2024-09-03T15:00:00Z" }, "paths": [ { "distance": 1124.982, "weight": 219.940315, "time": 225900, "transfers": 0, "points_encoded": false, "bbox": [ -46.62952, -23.528349, -46.625419, -23.525218 ], "points": { "type": "LineString", "coordinates": [ [ -46.626432, -23.528349, 727.07 ], [ -46.626692, -23.527828, 726.72 ], [ -46.625617, -23.527344, 726.6 ], [ -46.625639, -23.528301, 726.87 ], [ -46.625551, -23.528305, 727.08 ], [ -46.625473, -23.526492, 727.86 ], [ -46.625455, -23.525724, 728.19 ], [ -46.625477, -23.525615, 728.23 ], [ -46.625427, -23.525537, 728.21 ], [ -46.625419, -23.525486, 728.2 ], [ -46.625556, -23.525483, 728.39 ], [ -46.628346, -23.525224, 730.03 ], [ -46.628476, -23.525218, 730.13 ], [ -46.628603, -23.52523, 730.25 ], [ -46.628729, -23.525286, 730.38 ], [ -46.628842, -23.525357, 730.51 ], [ -46.628886, -23.525396, 730.57 ], [ -46.628847, -23.52548, 730.46 ], [ -46.629323, -23.525851, 731.41 ], [ -46.629459, -23.52598, 731.83 ], [ -46.62952, -23.525929, 731.8 ], [ -46.629188, -23.525653, 730.84 ] ] }, "instructions": [ { "distance": 63.724, "heading": 335.41, "sign": 0, "interval": [ 0, 1 ], "text": "Continue onto Rua Victor Airosa", "time": 12745, "street_name": "Rua Victor Airosa" }, { "distance": 122.07, "sign": 2, "interval": [ 1, 2 ], "text": "Turn right onto Rua Tapajós", "time": 24414, "street_name": "Rua Tapajós" }, { "distance": 106.359, "sign": 3, "interval": [ 2, 3 ], "text": "Turn sharp right onto Avenida Cruzeiro do Sul", "time": 21272, "street_name": "Avenida Cruzeiro do Sul" }, { "distance": 9.027, "sign": -2, "interval": [ 3, 4 ], "text": "Turn left", "time": 2708, "street_name": "" }, { "distance": 299.473, "sign": -2, "interval": [ 4, 7 ], "text": "Turn left onto Ciclovia Avenida Cruzeiro do Sul", "time": 59895, "street_name": "Ciclovia Avenida Cruzeiro do Sul" }, { "distance": 15.802, "sign": 1, "interval": [ 7, 9 ], "text": "Turn slight right onto Ciclovia Avenida Cruzeiro do Sul", "time": 3160, "street_name": "Ciclovia Avenida Cruzeiro do Sul" }, { "distance": 360.597, "sign": -2, "interval": [ 9, 16 ], "text": "Turn left onto Rua Pedro Vicente", "time": 72120, "street_name": "Rua Pedro Vicente" }, { "distance": 102.302, "sign": -2, "interval": [ 16, 20 ], "text": "Turn left", "time": 20461, "street_name": "" }, { "distance": 45.628, "sign": 2, "interval": [ 20, 21 ], "text": "Turn right onto Avenida Tiradentes and drive toward Via Anhanguera, Via Castelo Branco, Parque Dom Pedro, Avenida do Estado", "time": 9125, "street_destination": "Via Anhanguera, Via Castelo Branco, Parque Dom Pedro, Avenida do Estado", "street_name": "Avenida Tiradentes" }, { "distance": 0.0, "sign": 4, "last_heading": 47.80186884776458, "interval": [ 21, 21 ], "text": "Arrive at destination", "time": 0, "street_name": "" } ], "legs": [ ], "details": { }, "ascend": 5.4429931640625, "descend": 1.678466796875, "snapped_waypoints": { "type": "LineString", "coordinates": [ [ -46.626432, -23.528349, 727.07 ], [ -46.629188, -23.525653, 730.84 ] ] } } ] }, "geometry": null },
{ "type": "Feature", "properties": { "hints": { "visited_nodes.sum": 78, "visited_nodes.average": 78.0 }, "info": { "copyrights": [ "GraphHopper", "OpenStreetMap contributors" ], "took": 1, "road_data_timestamp": "2024-09-03T15:00:00Z" }, "paths": [ { "distance": 1849.13, "weight": 759.790498, "time": 376600, "transfers": 0, "points_encoded": false, "bbox": [ -46.632176, -23.532582, -46.625551, -23.527344 ], "points": { "type": "LineString", "coordinates": [ [ -46.626432, -23.528349, 727.07 ], [ -46.626692, -23.527828, 726.72 ], [ -46.625617, -23.527344, 726.6 ], [ -46.625639, -23.528301, 726.87 ], [ -46.625551, -23.528305, 727.08 ], [ -46.625597, -23.530064, 728.24 ], [ -46.625713, -23.530086, 728.07 ], [ -46.625736, -23.531297, 727.62 ], [ -46.62578, -23.531632, 727.42 ], [ -46.625997, -23.532081, 727.67 ], [ -46.626209, -23.532582, 729.56 ], [ -46.631989, -23.531081, 739.73 ], [ -46.6314, -23.529127, 739.76 ], [ -46.631686, -23.529052, 739.9 ], [ -46.632176, -23.530657, 741.13 ] ] }, "instructions": [ { "distance": 63.724, "heading": 335.41, "sign": 0, "interval": [ 0, 1 ], "text": "Continue onto Rua Victor Airosa", "time": 12745, "street_name": "Rua Victor Airosa" }, { "distance": 122.07, "sign": 2, "interval": [ 1, 2 ], "text": "Turn right onto Rua Tapajós", "time": 24414, "street_name": "Rua Tapajós" }, { "distance": 106.359, "sign": 3, "interval": [ 2, 3 ], "text": "Turn sharp right onto Avenida Cruzeiro do Sul", "time": 21272, "street_name": "Avenida Cruzeiro do Sul" }, { "distance": 9.027, "sign": -2, "interval": [ 3, 4 ], "text": "Turn left", "time": 2708, "street_name": "" }, { "distance": 195.624, "sign": 2, "interval": [ 4, 5 ], "text": "Turn right onto Ciclovia Avenida Cruzeiro do Sul", "time": 39125, "street_name": "Ciclovia Avenida Cruzeiro do Sul" }, { "distance": 12.119, "sign": 2, "interval": [ 5, 6 ], "text": "Turn right onto Rua Vidal de Negreiros", "time": 2424, "street_name": "Rua Vidal de Negreiros" }, { "distance": 286.547, "sign": -2, "interval": [ 6, 10 ], "text": "Turn left onto Avenida Cruzeiro do Sul", "time": 57309, "street_name": "Avenida Cruzeiro do Sul" }, { "distance": 612.545, "sign": 2, "interval": [ 10, 11 ], "text": "Turn right onto Rua Doutor Jorge Miranda", "time": 125348, "street_name": "Rua Doutor Jorge Miranda" }, { "distance": 225.509, "sign": 2, "interval": [ 11, 12 ], "text": "Turn right onto Avenida Tiradentes", "time": 45102, "street_name": "Avenida Tiradentes" }, { "distance": 30.319, "sign": -2, "interval": [ 12, 13 ], "text": "Turn left", "time": 9096, "street_name": "" }, { "distance": 185.287, "sign": -2, "interval": [ 13, 14 ], "text": "Turn left onto Avenida Tiradentes", "time": 37057, "street_name": "Avenida Tiradentes" }, { "distance": 0.0, "sign": 4, "last_heading": 195.62497999151697, "interval": [ 14, 14 ], "text": "Arrive at destination", "time": 0, "street_name": "" } ], "legs": [ ], "details": { }, "ascend": 17.21533203125, "descend": 3.1583251953125, "snapped_waypoints": { "type": "LineString", "coordinates": [ [ -46.626432, -23.528349, 727.07 ], [ -46.632176, -23.530657, 741.13 ] ] } } ] }, "geometry": null },
{ "type": "Feature", "properties": { "hints": { "visited_nodes.sum": 76, "visited_nodes.average": 76.0 }, "info": { "copyrights": [ "GraphHopper", "OpenStreetMap contributors" ], "took": 1, "road_data_timestamp": "2024-09-03T15:00:00Z" }, "paths": [ { "distance": 2139.936, "weight": 744.414955, "time": 456512, "transfers": 0, "points_encoded": false, "bbox": [ -46.634026, -23.536898, -46.625551, -23.527344 ], "points": { "type": "LineString", "coordinates": [ [ -46.626432, -23.528349, 727.07 ], [ -46.626692, -23.527828, 726.72 ], [ -46.625617, -23.527344, 726.6 ], [ -46.625639, -23.528301, 726.87 ], [ -46.625551, -23.528305, 727.08 ], [ -46.625597, -23.530064, 728.24 ], [ -46.625713, -23.530086, 728.07 ], [ -46.625736, -23.531297, 727.62 ], [ -46.62578, -23.531632, 727.42 ], [ -46.625997, -23.532081, 727.67 ], [ -46.626451, -23.53316, 730.66 ], [ -46.626693, -23.533775, 731.82 ], [ -46.627847, -23.533492, 737.47 ], [ -46.62932, -23.5331, 739.66 ], [ -46.629392, -23.533093, 739.86 ], [ -46.629453, -23.533096, 740.02 ], [ -46.629664, -23.533168, 740.3 ], [ -46.629748, -23.533171, 740.4 ], [ -46.63285, -23.532402, 743.97 ], [ -46.633274, -23.533712, 750.3 ], [ -46.633665, -23.534906, 744.6 ], [ -46.633804, -23.535289, 746.07 ], [ -46.633948, -23.535766, 749.14 ], [ -46.634026, -23.536105, 752.33 ], [ -46.63387, -23.536116, 752.48 ], [ -46.633671, -23.536141, 752.9 ], [ -46.633731, -23.536898, 759.65 ] ] }, "instructions": [ { "distance": 63.724, "heading": 335.41, "sign": 0, "interval": [ 0, 1 ], "text": "Continue onto Rua Victor Airosa", "time": 12745, "street_name": "Rua Victor Airosa" }, { "distance": 122.07, "sign": 2, "interval": [ 1, 2 ], "text": "Turn right onto Rua Tapajós", "time": 24414, "street_name": "Rua Tapajós" }, { "distance": 106.359, "sign": 3, "interval": [ 2, 3 ], "text": "Turn sharp right onto Avenida Cruzeiro do Sul", "time": 21272, "street_name": "Avenida Cruzeiro do Sul" }, { "distance": 9.027, "sign": -2, "interval": [ 3, 4 ], "text": "Turn left", "time": 2708, "street_name": "" }, { "distance": 195.624, "sign": 2, "interval": [ 4, 5 ], "text": "Turn right onto Ciclovia Avenida Cruzeiro do Sul", "time": 39125, "street_name": "Ciclovia Avenida Cruzeiro do Sul" }, { "distance": 12.119, "sign": 2, "interval": [ 5, 6 ], "text": "Turn right onto Rua Vidal de Negreiros", "time": 2424, "street_name": "Rua Vidal de Negreiros" }, { "distance": 428.166, "sign": -2, "interval": [ 6, 11 ], "text": "Turn left onto Avenida Cruzeiro do Sul", "time": 85633, "street_name": "Avenida Cruzeiro do Sul" }, { "distance": 651.22, "sign": 2, "interval": [ 11, 18 ], "text": "Turn right onto Rua João Teodoro", "time": 133519, "street_name": "Rua João Teodoro" }, { "distance": 429.548, "sign": -2, "interval": [ 18, 23 ], "text": "Turn left onto Avenida Tiradentes", "time": 90182, "street_name": "Avenida Tiradentes" }, { "distance": 36.495, "sign": -2, "interval": [ 23, 25 ], "text": "Turn left", "time": 25567, "street_name": "" }, { "distance": 85.584, "sign": 2, "interval": [ 25, 26 ], "text": "Turn right onto Avenida Prestes Maia", "time": 18923, "street_name": "Avenida Prestes Maia" }, { "distance": 0.0, "sign": 4, "last_heading": 184.29187480382927, "interval": [ 26, 26 ], "text": "Arrive at destination", "time": 0, "street_name": "" } ], "legs": [ ], "details": { }, "ascend": 41.0064697265625, "descend": 8.4334716796875, "snapped_waypoints": { "type": "LineString", "coordinates": [ [ -46.626432, -23.528349, 727.07 ], [ -46.633731, -23.536898, 759.65 ] ] } } ] }, "geometry": null },
{ "type": "Feature", "properties": { "hints": { "visited_nodes.sum": 60, "visited_nodes.average": 60.0 }, "info": { "copyrights": [ "GraphHopper", "OpenStreetMap contributors" ], "took": 2, "road_data_timestamp": "2024-09-03T15:00:00Z" }, "paths": [ { "distance": 904.036, "weight": 297.014092, "time": 285571, "transfers": 0, "points_encoded": false, "bbox": [ -46.637553, -23.549644, -46.634151, -23.543965 ], "points": { "type": "LineString", "coordinates": [ [ -46.636112, -23.549611, 780.62 ], [ -46.636268, -23.54958, 776.98 ], [ -46.636309, -23.549644, 776.61 ], [ -46.636982, -23.549525, 773.8 ], [ -46.637457, -23.549428, 769.52 ], [ -46.63752, -23.549315, 770.47 ], [ -46.637547, -23.549132, 772.47 ], [ -46.637553, -23.548901, 774.77 ], [ -46.637546, -23.548826, 774.11 ], [ -46.637525, -23.548758, 773.47 ], [ -46.637513, -23.548723, 773.36 ], [ -46.63689, -23.54758, 768.69 ], [ -46.636727, -23.547309, 766.21 ], [ -46.636661, -23.547176, 764.82 ], [ -46.635602, -23.545304, 764.96 ], [ -46.635486, -23.545137, 764.93 ], [ -46.635398, -23.545025, 763.03 ], [ -46.634904, -23.544417, 764.16 ], [ -46.634695, -23.544192, 764.6 ], [ -46.634595, -23.544178, 766.23 ], [ -46.63455, -23.544182, 766.96 ], [ -46.634555, -23.544146, 765.77 ], [ -46.634556, -23.544024, 761.97 ], [ -46.634409, -23.544099, 766.45 ], [ -46.634384, -23.544061, 765.26 ], [ -46.634393, -23.54403, 764.26 ], [ -46.634421, -23.543987, 762.45 ], [ -46.634404, -23.543965, 761.92 ], [ -46.634151, -23.54404, 765.58 ] ] }, "instructions": [ { "distance": 16.735, "heading": 282.38, "sign": 0, "interval": [ 0, 1 ], "text": "Continue", "time": 13692, "street_name": "" }, { "distance": 8.318, "sign": -2, "interval": [ 1, 2 ], "text": "Turn left onto Rua Senador Paulo Egídio", "time": 6806, "street_name": "Rua Senador Paulo Egídio" }, { "distance": 119.768, "sign": 2, "interval": [ 2, 4 ], "text": "Turn right onto Largo São Francisco", "time": 22443, "street_name": "Largo São Francisco" }, { "distance": 223.137, "sign": 2, "interval": [ 4, 11 ], "text": "Turn right onto Rua Líbero Badaró", "time": 46148, "street_name": "Rua Líbero Badaró" }, { "distance": 439.902, "sign": 0, "interval": [ 11, 18 ], "text": "Continue onto Rua Líbero Badaró", "time": 87058, "street_name": "Rua Líbero Badaró" }, { "distance": 15.104, "sign": 7, "interval": [ 18, 20 ], "text": "Keep right onto Calçada partilhada Largo São Bento", "time": 18125, "street_name": "Calçada partilhada Largo São Bento" }, { "distance": 4.162, "sign": -2, "interval": [ 20, 21 ], "text": "Turn left", "time": 3746, "street_name": "" }, { "distance": 14.132, "sign": 0, "interval": [ 21, 22 ], "text": "Continue onto Largo São Bento", "time": 11765, "street_name": "Largo São Bento" }, { "distance": 17.717, "sign": 3, "interval": [ 22, 23 ], "text": "Turn sharp right", "time": 21260, "street_name": "" }, { "distance": 17.717, "sign": -2, "interval": [ 23, 27 ], "text": "Turn left", "time": 21715, "street_name": "" }, { "distance": 27.344, "sign": 2, "interval": [ 27, 28 ], "text": "Turn right", "time": 32813, "street_name": "" }, { "distance": 0.0, "sign": 4, "last_heading": 107.89368240108533, "interval": [ 28, 28 ], "text": "Arrive at destination", "time": 0, "street_name": "" } ], "legs": [ ], "details": { }, "ascend": 17.63616943359375, "descend": 32.670654296875, "snapped_waypoints": { "type": "LineString", "coordinates": [ [ -46.636112, -23.549611, 780.62 ], [ -46.634151, -23.54404, 765.58 ] ] } } ] }, "geometry": null },
{ "type": "Feature", "properties": { "hints": { "visited_nodes.sum": 56, "visited_nodes.average": 56.0 }, "info": { "copyrights": [ "GraphHopper", "OpenStreetMap contributors" ], "took": 1, "road_data_timestamp": "2024-09-03T15:00:00Z" }, "paths": [ { "distance": 1015.153, "weight": 302.348281, "time": 262694, "transfers": 0, "points_encoded": false, "bbox": [ -46.636309, -23.555364, -46.634111, -23.54958 ], "points": { "type": "LineString", "coordinates": [ [ -46.636112, -23.549611, 780.62 ], [ -46.636268, -23.54958, 776.98 ], [ -46.636309, -23.549644, 776.61 ], [ -46.635084, -23.549876, 783.52 ], [ -46.634111, -23.550072, 779.79 ], [ -46.634223, -23.550288, 780.88 ], [ -46.634896, -23.551677, 787.61 ], [ -46.634982, -23.551634, 788.56 ], [ -46.635087, -23.551883, 787.58 ], [ -46.635104, -23.55199, 786.85 ], [ -46.634609, -23.552213, 784.37 ], [ -46.634554, -23.552252, 784.15 ], [ -46.634505, -23.552314, 783.9 ], [ -46.634503, -23.55235, 783.79 ], [ -46.634512, -23.552378, 783.73 ], [ -46.634458, -23.552374, 783.73 ], [ -46.634693, -23.552865, 781.52 ], [ -46.634799, -23.552963, 780.55 ], [ -46.635666, -23.554656, 766.81 ], [ -46.636003, -23.555364, 767.29 ], [ -46.635855, -23.55536, 768.6 ], [ -46.635678, -23.555, 769.09 ] ] }, "instructions": [ { "distance": 16.735, "heading": 282.38, "sign": 0, "interval": [ 0, 1 ], "text": "Continue", "time": 13692, "street_name": "" }, { "distance": 8.318, "sign": -2, "interval": [ 1, 2 ], "text": "Turn left onto Rua Senador Paulo Egídio", "time": 6806, "street_name": "Rua Senador Paulo Egídio" }, { "distance": 229.371, "sign": -3, "interval": [ 2, 4 ], "text": "Turn sharp left onto Rua Benjamim Constant", "time": 46350, "street_name": "Rua Benjamim Constant" }, { "distance": 195.753, "sign": 2, "interval": [ 4, 6 ], "text": "Turn right onto Praça da Sé", "time": 41734, "street_name": "Praça da Sé" }, { "distance": 10.054, "sign": 2, "interval": [ 6, 7 ], "text": "Turn right onto Praça Doutor João Mendes", "time": 2514, "street_name": "Praça Doutor João Mendes" }, { "distance": 41.772, "sign": -2, "interval": [ 7, 9 ], "text": "Turn left", "time": 36631, "street_name": "" }, { "distance": 79.159, "sign": -2, "interval": [ 9, 14 ], "text": "Turn left onto Praça Doutor João Mendes", "time": 15326, "street_name": "Praça Doutor João Mendes" }, { "distance": 5.53, "sign": -3, "interval": [ 14, 15 ], "text": "Turn sharp left", "time": 4977, "street_name": "" }, { "distance": 59.633, "sign": 3, "interval": [ 15, 16 ], "text": "Turn sharp right onto Ciclovia Vergeiro", "time": 10842, "street_name": "Ciclovia Vergeiro" }, { "distance": 15.387, "sign": 7, "interval": [ 16, 17 ], "text": "Keep right onto Ciclovia Vergeiro", "time": 2798, "street_name": "Ciclovia Vergeiro" }, { "distance": 294.332, "sign": -1, "interval": [ 17, 19 ], "text": "Turn slight left onto Avenida da Liberdade", "time": 55199, "street_name": "Avenida da Liberdade" }, { "distance": 15.139, "sign": -3, "interval": [ 19, 20 ], "text": "Turn sharp left", "time": 17031, "street_name": "" }, { "distance": 43.97, "sign": -2, "interval": [ 20, 21 ], "text": "Turn left onto Avenida da Liberdade", "time": 8794, "street_name": "Avenida da Liberdade" }, { "distance": 0.0, "sign": 4, "last_heading": 24.299140091498213, "interval": [ 21, 21 ], "text": "Arrive at destination", "time": 0, "street_name": "" } ], "legs": [ ], "details": { }, "ascend": 18.77606201171875, "descend": 30.3035888671875, "snapped_waypoints": { "type": "LineString", "coordinates": [ [ -46.636112, -23.549611, 780.62 ], [ -46.635678, -23.555, 769.09 ] ] } } ] }, "geometry": null },
{ "type": "Feature", "properties": { "hints": { "visited_nodes.sum": 72, "visited_nodes.average": 72.0 }, "info": { "copyrights": [ "GraphHopper", "OpenStreetMap contributors" ], "took": 1, "road_data_timestamp": "2024-09-03T15:00:00Z" }, "paths": [ { "distance": 2073.184, "weight": 463.762608, "time": 516543, "transfers": 0, "points_encoded": false, "bbox": [ -46.639545, -23.571513, -46.630056, -23.561901 ], "points": { "type": "LineString", "coordinates": [ [ -46.630366, -23.568857, 766.56 ], [ -46.630199, -23.569068, 766.63 ], [ -46.630198, -23.569094, 766.69 ], [ -46.630836, -23.569461, 768.19 ], [ -46.630056, -23.570436, 767.2 ], [ -46.630731, -23.570895, 771.61 ], [ -46.630882, -23.571005, 772.63 ], [ -46.630986, -23.571132, 773.5 ], [ -46.631071, -23.571146, 773.96 ], [ -46.631144, -23.571178, 774.39 ], [ -46.631217, -23.571224, 774.82 ], [ -46.631248, -23.571253, 775.03 ], [ -46.631306, -23.571335, 775.54 ], [ -46.631331, -23.571387, 775.81 ], [ -46.633185, -23.571513, 790.22 ], [ -46.633226, -23.571509, 790.67 ], [ -46.633289, -23.57146, 791.55 ], [ -46.634421, -23.570152, 803.91 ], [ -46.635171, -23.570665, 806.74 ], [ -46.635773, -23.56996, 814.46 ], [ -46.636389, -23.569241, 809.99 ], [ -46.636521, -23.569107, 809.1 ], [ -46.636821, -23.568833, 808.68 ], [ -46.638083, -23.567638, 806.89 ], [ -46.638776, -23.566962, 802.59 ], [ -46.639545, -23.566282, 791.6 ], [ -46.639225, -23.564761, 785.03 ], [ -46.639072, -23.564089, 784.21 ], [ -46.63894, -23.563372, 783.33 ], [ -46.638846, -23.562919, 783.34 ], [ -46.63863, -23.56196, 782.35 ], [ -46.638764, -23.561973, 781.24 ], [ -46.638747, -23.561901, 780.57 ] ] }, "instructions": [ { "distance": 108.683, "heading": 144.17, "sign": 0, "interval": [ 0, 3 ], "text": "Continue onto Rua Cardoso Siqueira", "time": 97814, "street_name": "Rua Cardoso Siqueira" }, { "distance": 134.807, "sign": -2, "interval": [ 3, 4 ], "text": "Turn left onto Rua Pais de Andrade", "time": 27685, "street_name": "Rua Pais de Andrade" }, { "distance": 123.071, "sign": 2, "interval": [ 4, 7 ], "text": "Turn right onto Rua Ágata", "time": 27349, "street_name": "Rua Ágata" }, { "exit_number": 2, "distance": 436.773, "sign": 6, "exited": true, "turn_angle": -2.29, "interval": [ 7, 17 ], "text": "At roundabout, take exit 2 onto Rua Esmeralda", "time": 101867, "street_name": "Rua Esmeralda" }, { "distance": 95.408, "sign": -2, "interval": [ 17, 18 ], "text": "Turn left onto Rua Saturno", "time": 19082, "street_name": "Rua Saturno" }, { "distance": 662.662, "sign": 2, "interval": [ 18, 25 ], "text": "Turn right onto Rua Castro Alves", "time": 129617, "street_name": "Rua Castro Alves" }, { "distance": 489.749, "sign": 2, "interval": [ 25, 30 ], "text": "Turn right onto Rua Vergueiro", "time": 95914, "street_name": "Rua Vergueiro" }, { "distance": 13.774, "sign": -3, "interval": [ 30, 31 ], "text": "Turn sharp left", "time": 11270, "street_name": "" }, { "distance": 8.257, "sign": 3, "interval": [ 31, 32 ], "text": "Turn sharp right onto Avenida da Liberdade", "time": 5945, "street_name": "Avenida da Liberdade" }, { "distance": 0.0, "sign": 4, "last_heading": 12.25556723784831, "interval": [ 32, 32 ], "text": "Arrive at destination", "time": 0, "street_name": "" } ], "legs": [ ], "details": { }, "ascend": 52.77001953125, "descend": 38.7540283203125, "snapped_waypoints": { "type": "LineString", "coordinates": [ [ -46.630366, -23.568857, 766.56 ], [ -46.638747, -23.561901, 780.57 ] ] } } ] }, "geometry": null },
{ "type": "Feature", "properties": { "hints": { "visited_nodes.sum": 96, "visited_nodes.average": 96.0 }, "info": { "copyrights": [ "GraphHopper", "OpenStreetMap contributors" ], "took": 1, "road_data_timestamp": "2024-09-03T15:00:00Z" }, "paths": [ { "distance": 1455.451, "weight": 276.835684, "time": 297481, "transfers": 0, "points_encoded": false, "bbox": [ -46.649491, -23.573396, -46.639959, -23.568461 ], "points": { "type": "LineString", "coordinates": [ [ -46.649491, -23.572526, 806.91 ], [ -46.649284, -23.572687, 802.76 ], [ -46.648704, -23.573115, 809.96 ], [ -46.648416, -23.573352, 813.7 ], [ -46.648373, -23.573396, 814.31 ], [ -46.647187, -23.572931, 818.88 ], [ -46.644411, -23.571819, 829.34 ], [ -46.644347, -23.571753, 830.02 ], [ -46.644103, -23.571658, 830.98 ], [ -46.644013, -23.571704, 831.03 ], [ -46.643934, -23.571671, 831.3 ], [ -46.643857, -23.571625, 831.57 ], [ -46.643864, -23.571527, 831.93 ], [ -46.643898, -23.570961, 833.39 ], [ -46.643888, -23.570877, 833.64 ], [ -46.643942, -23.570096, 833.19 ], [ -46.643817, -23.570206, 834.17 ], [ -46.643841, -23.569842, 833.28 ], [ -46.643888, -23.56968, 832.86 ], [ -46.643872, -23.569419, 832.45 ], [ -46.643942, -23.568794, 831.64 ], [ -46.643868, -23.568763, 831.6 ], [ -46.643793, -23.568717, 831.64 ], [ -46.643633, -23.56855, 832.3 ], [ -46.643575, -23.568461, 832.6 ], [ -46.64352, -23.568471, 832.43 ], [ -46.64312, -23.568492, 831.21 ], [ -46.642063, -23.56854, 823.75 ], [ -46.639977, -23.568648, 801.33 ], [ -46.639959, -23.568916, 804.78 ] ] }, "instructions": [ { "distance": 150.395, "heading": 130.34, "sign": 0, "interval": [ 0, 4 ], "text": "Continue onto Rua Mário Amaral", "time": 35688, "street_name": "Rua Mário Amaral" }, { "distance": 440.516, "sign": -2, "interval": [ 4, 6 ], "text": "Turn left onto Rua Doutor Rafael de Barros", "time": 92538, "street_name": "Rua Doutor Rafael de Barros" }, { "distance": 65.619, "sign": -1, "interval": [ 6, 11 ], "text": "Turn slight left onto Praça Oswaldo Cruz", "time": 13789, "street_name": "Praça Oswaldo Cruz" }, { "distance": 10.917, "sign": -2, "interval": [ 11, 12 ], "text": "Turn left onto Praça Oswaldo Cruz", "time": 2183, "street_name": "Praça Oswaldo Cruz" }, { "distance": 63.1, "sign": 7, "interval": [ 12, 13 ], "text": "Keep right", "time": 12620, "street_name": "" }, { "distance": 9.446, "sign": -7, "interval": [ 13, 14 ], "text": "Keep left", "time": 1889, "street_name": "" }, { "distance": 86.926, "sign": 0, "interval": [ 14, 15 ], "text": "Continue onto Rua 13 de Maio", "time": 17385, "street_name": "Rua 13 de Maio" }, { "distance": 17.649, "sign": 3, "interval": [ 15, 16 ], "text": "Turn sharp right onto Rua Cincinato Braga and drive toward Hospital do Coração", "time": 3922, "street_destination": "Hospital do Coração", "street_name": "Rua Cincinato Braga" }, { "distance": 158.093, "sign": -3, "interval": [ 16, 20 ], "text": "Turn sharp left onto Rua 13 de Maio", "time": 31619, "street_name": "Rua 13 de Maio" }, { "distance": 53.688, "sign": 2, "interval": [ 20, 24 ], "text": "Turn right onto Praça Amadeu Amaral", "time": 10737, "street_name": "Praça Amadeu Amaral" }, { "distance": 369.034, "sign": 2, "interval": [ 24, 28 ], "text": "Turn right onto Rua João Julião", "time": 68429, "street_name": "Rua João Julião" }, { "distance": 30.068, "sign": 2, "interval": [ 28, 29 ], "text": "Turn right onto Rua Vergueiro", "time": 6682, "street_name": "Rua Vergueiro" }, { "distance": 0.0, "sign": 4, "last_heading": 176.41943469873178, "interval": [ 29, 29 ], "text": "Arrive at destination", "time": 0, "street_name": "" } ], "legs": [ ], "details": { }, "ascend": 37.40655517578125, "descend": 39.528076171875, "snapped_waypoints": { "type": "LineString", "coordinates": [ [ -46.649491, -23.572526, 806.91 ], [ -46.639959, -23.568916, 804.78 ] ] } } ] }, "geometry": null },
{ "type": "Feature", "properties": { "hints": { "visited_nodes.sum": 84, "visited_nodes.average": 84.0 }, "info": { "copyrights": [ "GraphHopper", "OpenStreetMap contributors" ], "took": 1, "road_data_timestamp": "2024-09-03T15:00:00Z" }, "paths": [ { "distance": 1416.112, "weight": 252.274251, "time": 294233, "transfers": 0, "points_encoded": false, "bbox": [ -46.649491, -23.576593, -46.640819, -23.572526 ], "points": { "type": "LineString", "coordinates": [ [ -46.649491, -23.572526, 806.91 ], [ -46.649284, -23.572687, 802.76 ], [ -46.648704, -23.573115, 809.96 ], [ -46.648416, -23.573352, 813.7 ], [ -46.648319, -23.573451, 814.23 ], [ -46.647796, -23.574316, 813.61 ], [ -46.645734, -23.573495, 822.63 ], [ -46.644004, -23.572795, 827.81 ], [ -46.643112, -23.57469, 824.35 ], [ -46.642068, -23.574277, 825.8 ], [ -46.6418, -23.574877, 822.36 ], [ -46.641729, -23.575026, 821.78 ], [ -46.641478, -23.575588, 819.36 ], [ -46.641125, -23.576285, 822.07 ], [ -46.640984, -23.576593, 826.06 ], [ -46.64095, -23.576512, 825.18 ], [ -46.640904, -23.576366, 824.08 ], [ -46.640865, -23.576156, 823.1 ], [ -46.640819, -23.57572, 822.75 ] ] }, "instructions": [ { "distance": 268.591, "heading": 130.34, "sign": 0, "interval": [ 0, 5 ], "text": "Continue onto Rua Mário Amaral", "time": 59145, "street_name": "Rua Mário Amaral" }, { "distance": 422.17, "sign": -2, "interval": [ 5, 7 ], "text": "Turn left onto Rua Sampaio Viana", "time": 88048, "street_name": "Rua Sampaio Viana" }, { "distance": 229.75, "sign": 2, "interval": [ 7, 8 ], "text": "Turn right", "time": 43867, "street_name": "" }, { "distance": 115.888, "sign": -2, "interval": [ 8, 9 ], "text": "Turn left onto Rua Afonso de Freitas", "time": 23178, "street_name": "Rua Afonso de Freitas" }, { "distance": 72.177, "sign": 2, "interval": [ 9, 10 ], "text": "Turn right onto Ciclovia Bernardino de Campos", "time": 13123, "street_name": "Ciclovia Bernardino de Campos" }, { "distance": 18.066, "sign": 0, "interval": [ 10, 11 ], "text": "Continue onto Ciclovia Bernardino de Campos", "time": 3613, "street_name": "Ciclovia Bernardino de Campos" }, { "distance": 190.45, "sign": 0, "interval": [ 11, 14 ], "text": "Continue onto Ciclovia Bernardino de Campos", "time": 44370, "street_name": "Ciclovia Bernardino de Campos" }, { "distance": 99.019, "sign": -3, "interval": [ 14, 18 ], "text": "Turn sharp left", "time": 18889, "street_name": "" }, { "distance": 0.0, "sign": 4, "last_heading": 5.5233131450611355, "interval": [ 18, 18 ], "text": "Arrive at destination", "time": 0, "street_name": "" } ], "legs": [ ], "details": { }, "ascend": 36.68505859375, "descend": 20.8375244140625, "snapped_waypoints": { "type": "LineString", "coordinates": [ [ -46.649491, -23.572526, 806.91 ], [ -46.640819, -23.57572, 822.75 ] ] } } ] }, "geometry": null },
{ "type": "Feature", "properties": { "hints": { "visited_nodes.sum": 28, "visited_nodes.average": 28.0 }, "info": { "copyrights": [ "GraphHopper", "OpenStreetMap contributors" ], "took": 1, "road_data_timestamp": "2024-09-03T15:00:00Z" }, "paths": [ { "distance": 681.574, "weight": 121.643982, "time": 140903, "transfers": 0, "points_encoded": false, "bbox": [ -46.640984, -23.581346, -46.638441, -23.576156 ], "points": { "type": "LineString", "coordinates": [ [ -46.640651, -23.576212, 824.98 ], [ -46.640865, -23.576156, 823.1 ], [ -46.640904, -23.576366, 824.08 ], [ -46.64095, -23.576512, 825.18 ], [ -46.640984, -23.576593, 826.06 ], [ -46.640935, -23.576701, 827.38 ], [ -46.640824, -23.577324, 832.84 ], [ -46.640722, -23.577667, 827.61 ], [ -46.640586, -23.577966, 822.88 ], [ -46.640632, -23.578084, 821.73 ], [ -46.638568, -23.581346, 819.0 ], [ -46.638441, -23.581274, 818.83 ] ] }, "instructions": [ { "distance": 22.765, "heading": 285.99, "sign": 0, "interval": [ 0, 1 ], "text": "Continue", "time": 6209, "street_name": "" }, { "distance": 40.661, "sign": -2, "interval": [ 1, 3 ], "text": "Turn left", "time": 9036, "street_name": "" }, { "distance": 9.649, "sign": 7, "interval": [ 3, 4 ], "text": "Keep right", "time": 2412, "street_name": "" }, { "distance": 159.799, "sign": -1, "interval": [ 4, 8 ], "text": "Turn slight left onto Ciclovia Bernardino de Campos", "time": 34038, "street_name": "Ciclovia Bernardino de Campos" }, { "distance": 14.032, "sign": 7, "interval": [ 8, 9 ], "text": "Keep right", "time": 2551, "street_name": "" }, { "distance": 419.416, "sign": -2, "interval": [ 9, 10 ], "text": "Turn left onto Rua Vergueiro", "time": 83607, "street_name": "Rua Vergueiro" }, { "distance": 15.252, "sign": -2, "interval": [ 10, 11 ], "text": "Turn left onto Avenida Conselheiro Rodrigues Alves", "time": 3050, "street_name": "Avenida Conselheiro Rodrigues Alves" }, { "distance": 0.0, "sign": 4, "last_heading": 58.126568316022016, "interval": [ 11, 11 ], "text": "Arrive at destination", "time": 0, "street_name": "" } ], "legs": [ ], "details": { }, "ascend": 12.89892578125, "descend": 19.044921875, "snapped_waypoints": { "type": "LineString", "coordinates": [ [ -46.640651, -23.576212, 824.98 ], [ -46.638441, -23.581274, 818.83 ] ] } } ] }, "geometry": null },
{ "type": "Feature", "properties": { "hints": { "visited_nodes.sum": 52, "visited_nodes.average": 52.0 }, "info": { "copyrights": [ "GraphHopper", "OpenStreetMap contributors" ], "took": 2, "road_data_timestamp": "2024-09-03T15:00:00Z" }, "paths": [ { "distance": 1222.977, "weight": 287.93751, "time": 332578, "transfers": 0, "points_encoded": false, "bbox": [ -46.642397, -23.592776, -46.634538, -23.588949 ], "points": { "type": "LineString", "coordinates": [ [ -46.642397, -23.59087, 785.7 ], [ -46.642193, -23.590837, 785.53 ], [ -46.642157, -23.590916, 786.21 ], [ -46.642091, -23.591183, 788.46 ], [ -46.642084, -23.591236, 788.9 ], [ -46.642086, -23.591313, 789.53 ], [ -46.641321, -23.591427, 789.5 ], [ -46.6413, -23.59144, 789.47 ], [ -46.640686, -23.591537, 789.76 ], [ -46.640678, -23.5916, 789.91 ], [ -46.640712, -23.592041, 790.97 ], [ -46.639476, -23.592143, 795.08 ], [ -46.639383, -23.59216, 795.51 ], [ -46.639463, -23.592688, 794.44 ], [ -46.638479, -23.592776, 795.01 ], [ -46.638336, -23.592554, 796.59 ], [ -46.638227, -23.592409, 797.68 ], [ -46.638105, -23.592251, 798.99 ], [ -46.638031, -23.592174, 799.78 ], [ -46.637739, -23.591813, 804.36 ], [ -46.63742, -23.591437, 807.96 ], [ -46.63696, -23.59086, 804.51 ], [ -46.636249, -23.589994, 805.6 ], [ -46.636204, -23.589962, 805.86 ], [ -46.636142, -23.589935, 806.16 ], [ -46.635168, -23.589776, 810.66 ], [ -46.634923, -23.589729, 812.08 ], [ -46.63481, -23.589613, 812.82 ], [ -46.634707, -23.589309, 813.78 ], [ -46.634568, -23.589208, 815.15 ], [ -46.634538, -23.588958, 815.88 ], [ -46.634627, -23.588949, 815.17 ], [ -46.634653, -23.589107, 814.76 ] ] }, "instructions": [ { "distance": 21.12, "heading": 79.96, "sign": 0, "interval": [ 0, 1 ], "text": "Continue onto Viela Santa Catarina", "time": 19008, "street_name": "Viela Santa Catarina" }, { "distance": 54.616, "sign": 2, "interval": [ 1, 5 ], "text": "Turn right onto Viela São Paulo", "time": 54616, "street_name": "Viela São Paulo" }, { "distance": 78.964, "sign": -2, "interval": [ 5, 6 ], "text": "Turn left onto Rua Doutor Mário Cardim", "time": 16047, "street_name": "Rua Doutor Mário Cardim" }, { "distance": 66.166, "sign": 7, "interval": [ 6, 8 ], "text": "Keep right onto Rua Doutor Mário Cardim", "time": 13233, "street_name": "Rua Doutor Mário Cardim" }, { "distance": 56.169, "sign": 2, "interval": [ 8, 10 ], "text": "Turn right onto Rua Rio Grande", "time": 11234, "street_name": "Rua Rio Grande" }, { "distance": 136.272, "sign": -2, "interval": [ 10, 12 ], "text": "Turn left onto Rua Gandavo", "time": 29202, "street_name": "Rua Gandavo" }, { "distance": 59.281, "sign": 2, "interval": [ 12, 13 ], "text": "Turn right onto Rua Coronel Lisboa", "time": 11856, "street_name": "Rua Coronel Lisboa" }, { "distance": 100.755, "sign": -2, "interval": [ 13, 14 ], "text": "Turn left onto Rua Madre Cabrini", "time": 20151, "street_name": "Rua Madre Cabrini" }, { "distance": 48.278, "sign": -2, "interval": [ 14, 16 ], "text": "Turn left onto Rua Madre Cabrini", "time": 10622, "street_name": "Rua Madre Cabrini" }, { "distance": 475.607, "sign": 0, "interval": [ 16, 26 ], "text": "Continue onto Rua Madre Cabrini", "time": 102893, "street_name": "Rua Madre Cabrini" }, { "distance": 17.355, "sign": -7, "interval": [ 26, 27 ], "text": "Keep left", "time": 3857, "street_name": "" }, { "distance": 35.358, "sign": -7, "interval": [ 27, 28 ], "text": "Keep left onto Ciclovia Avenida Prof. Noé Azevedo", "time": 7072, "street_name": "Ciclovia Avenida Prof. Noé Azevedo" }, { "distance": 18.148, "sign": 7, "interval": [ 28, 29 ], "text": "Keep right", "time": 4537, "street_name": "" }, { "distance": 27.968, "sign": -7, "interval": [ 29, 30 ], "text": "Keep left onto Avenida Professor Noé Azevedo", "time": 5593, "street_name": "Avenida Professor Noé Azevedo" }, { "distance": 26.92, "sign": -2, "interval": [ 30, 32 ], "text": "Turn left", "time": 22657, "street_name": "" }, { "distance": 0.0, "sign": 4, "last_heading": 188.5432216437, "interval": [ 32, 32 ], "text": "Arrive at destination", "time": 0, "street_name": "" } ], "legs": [ ], "details": { }, "ascend": 36.2779541015625, "descend": 7.222412109375, "snapped_waypoints": { "type": "LineString", "coordinates": [ [ -46.642397, -23.59087, 785.7 ], [ -46.634653, -23.589107, 814.76 ] ] } } ] }, "geometry": null },
{ "type": "Feature", "properties": { "hints": { "visited_nodes.sum": 68, "visited_nodes.average": 68.0 }, "info": { "copyrights": [ "GraphHopper", "OpenStreetMap contributors" ], "took": 2, "road_data_timestamp": "2024-09-03T15:00:00Z" }, "paths": [ { "distance": 1409.344, "weight": 295.364465, "time": 345981, "transfers": 0, "points_encoded": false, "bbox": [ -46.642397, -23.598818, -46.636648, -23.590837 ], "points": { "type": "LineString", "coordinates": [ [ -46.642397, -23.59087, 785.7 ], [ -46.642193, -23.590837, 785.53 ], [ -46.642157, -23.590916, 786.21 ], [ -46.642091, -23.591183, 788.46 ], [ -46.642084, -23.591236, 788.9 ], [ -46.642086, -23.591313, 789.53 ], [ -46.641321, -23.591427, 789.5 ], [ -46.6413, -23.59144, 789.47 ], [ -46.640686, -23.591537, 789.76 ], [ -46.640678, -23.5916, 789.91 ], [ -46.640712, -23.592041, 790.97 ], [ -46.639476, -23.592143, 795.08 ], [ -46.639383, -23.59216, 795.51 ], [ -46.639463, -23.592688, 794.44 ], [ -46.638479, -23.592776, 795.01 ], [ -46.638355, -23.592791, 795.35 ], [ -46.638151, -23.592837, 795.9 ], [ -46.638201, -23.593179, 794.45 ], [ -46.638188, -23.593218, 794.3 ], [ -46.638135, -23.593272, 794.45 ], [ -46.638021, -23.593359, 794.95 ], [ -46.637975, -23.593418, 795.19 ], [ -46.637954, -23.593468, 795.21 ], [ -46.63791, -23.594992, 795.94 ], [ -46.636689, -23.594992, 803.47 ], [ -46.636718, -23.597313, 809.23 ], [ -46.636687, -23.597352, 809.16 ], [ -46.636648, -23.597481, 808.94 ], [ -46.636674, -23.598779, 806.47 ], [ -46.636657, -23.598818, 806.33 ] ] }, "instructions": [ { "distance": 21.12, "heading": 79.96, "sign": 0, "interval": [ 0, 1 ], "text": "Continue onto Viela Santa Catarina", "time": 19008, "street_name": "Viela Santa Catarina" }, { "distance": 54.616, "sign": 2, "interval": [ 1, 5 ], "text": "Turn right onto Viela São Paulo", "time": 54616, "street_name": "Viela São Paulo" }, { "distance": 78.964, "sign": -2, "interval": [ 5, 6 ], "text": "Turn left onto Rua Doutor Mário Cardim", "time": 16047, "street_name": "Rua Doutor Mário Cardim" }, { "distance": 66.166, "sign": 7, "interval": [ 6, 8 ], "text": "Keep right onto Rua Doutor Mário Cardim", "time": 13233, "street_name": "Rua Doutor Mário Cardim" }, { "distance": 56.169, "sign": 2, "interval": [ 8, 10 ], "text": "Turn right onto Rua Rio Grande", "time": 11234, "street_name": "Rua Rio Grande" }, { "distance": 136.272, "sign": -2, "interval": [ 10, 12 ], "text": "Turn left onto Rua Gandavo", "time": 29202, "street_name": "Rua Gandavo" }, { "distance": 59.281, "sign": 2, "interval": [ 12, 13 ], "text": "Turn right onto Rua Coronel Lisboa", "time": 11856, "street_name": "Rua Coronel Lisboa" }, { "distance": 100.755, "sign": -2, "interval": [ 13, 14 ], "text": "Turn left onto Rua Madre Cabrini", "time": 20151, "street_name": "Rua Madre Cabrini" }, { "distance": 34.14, "sign": 0, "interval": [ 14, 16 ], "text": "Continue onto Praça da Bíblia", "time": 6828, "street_name": "Praça da Bíblia" }, { "distance": 249.705, "sign": 2, "interval": [ 16, 23 ], "text": "Turn right onto Rua Nuporanga", "time": 49160, "street_name": "Rua Nuporanga" }, { "distance": 124.587, "sign": -2, "interval": [ 23, 24 ], "text": "Turn left onto Rua Cunha", "time": 27549, "street_name": "Rua Cunha" }, { "distance": 427.569, "sign": 2, "interval": [ 24, 29 ], "text": "Turn right onto Rua Domingos de Morais", "time": 87097, "street_name": "Rua Domingos de Morais" }, { "distance": 0.0, "sign": 4, "last_heading": 158.15926976791246, "interval": [ 29, 29 ], "text": "Arrive at destination", "time": 0, "street_name": "" } ], "legs": [ ], "details": { }, "ascend": 26.9609375, "descend": 6.32696533203125, "snapped_waypoints": { "type": "LineString", "coordinates": [ [ -46.642397, -23.59087, 785.7 ], [ -46.636657, -23.598818, 806.33 ] ] } } ] }, "geometry": null },
{ "type": "Feature", "properties": { "hints": { "visited_nodes.sum": 42, "visited_nodes.average": 42.0 }, "info": { "copyrights": [ "GraphHopper", "OpenStreetMap contributors" ], "took": 1, "road_data_timestamp": "2024-09-03T15:00:00Z" }, "paths": [ { "distance": 750.154, "weight": 155.482238, "time": 168740, "transfers": 0, "points_encoded": false, "bbox": [ -46.638057, -23.616448, -46.636021, -23.610642 ], "points": { "type": "LineString", "coordinates": [ [ -46.636021, -23.616169, 808.85 ], [ -46.636667, -23.616448, 813.7 ], [ -46.637136, -23.615521, 815.44 ], [ -46.637808, -23.614163, 807.28 ], [ -46.638057, -23.613581, 805.05 ], [ -46.637999, -23.613274, 805.09 ], [ -46.637901, -23.61248, 803.92 ], [ -46.637869, -23.612015, 803.24 ], [ -46.637828, -23.610642, 802.06 ] ] }, "instructions": [ { "distance": 72.896, "heading": 244.76, "sign": 0, "interval": [ 0, 1 ], "text": "Continue onto Rua Doutor Nogueira Martins", "time": 36448, "street_name": "Rua Doutor Nogueira Martins" }, { "distance": 349.221, "sign": 2, "interval": [ 1, 4 ], "text": "Turn right onto Rua Carneiro da Cunha", "time": 66684, "street_name": "Rua Carneiro da Cunha" }, { "distance": 328.037, "sign": 7, "interval": [ 4, 8 ], "text": "Keep right onto Avenida Jabaquara", "time": 65608, "street_name": "Avenida Jabaquara" }, { "distance": 0.0, "sign": 4, "last_heading": 0.7620338675239948, "interval": [ 8, 8 ], "text": "Arrive at destination", "time": 0, "street_name": "" } ], "legs": [ ], "details": { }, "ascend": 8.0279541015625, "descend": 14.81396484375, "snapped_waypoints": { "type": "LineString", "coordinates": [ [ -46.636021, -23.616169, 808.85 ], [ -46.637828, -23.610642, 802.06 ] ] } } ] }, "geometry": null },
{ "type": "Feature", "properties": { "hints": { "visited_nodes.sum": 62, "visited_nodes.average": 62.0 }, "info": { "copyrights": [ "GraphHopper", "OpenStreetMap contributors" ], "took": 1, "road_data_timestamp": "2024-09-03T15:00:00Z" }, "paths": [ { "distance": 1090.962, "weight": 215.036172, "time": 238222, "transfers": 0, "points_encoded": false, "bbox": [ -46.63932, -23.619881, -46.634999, -23.616169 ], "points": { "type": "LineString", "coordinates": [ [ -46.636021, -23.616169, 808.85 ], [ -46.636667, -23.616448, 813.7 ], [ -46.636575, -23.61661, 812.82 ], [ -46.636375, -23.616921, 811.07 ], [ -46.636062, -23.617338, 808.63 ], [ -46.635637, -23.617962, 804.59 ], [ -46.635394, -23.618413, 800.99 ], [ -46.635105, -23.618976, 797.63 ], [ -46.635051, -23.61911, 796.85 ], [ -46.635012, -23.619604, 795.39 ], [ -46.634999, -23.619668, 795.23 ], [ -46.636943, -23.619292, 807.58 ], [ -46.63794, -23.619076, 808.37 ], [ -46.638086, -23.619881, 809.93 ], [ -46.63923, -23.619324, 809.46 ], [ -46.63932, -23.619287, 809.42 ], [ -46.639176, -23.61862, 808.76 ] ] }, "instructions": [ { "distance": 72.896, "heading": 244.76, "sign": 0, "interval": [ 0, 1 ], "text": "Continue onto Rua Doutor Nogueira Martins", "time": 36448, "street_name": "Rua Doutor Nogueira Martins" }, { "distance": 402.316, "sign": -2, "interval": [ 1, 10 ], "text": "Turn left onto Rua Carneiro da Cunha", "time": 74116, "street_name": "Rua Carneiro da Cunha" }, { "distance": 307.234, "sign": 3, "interval": [ 10, 12 ], "text": "Turn sharp right onto Rua Engenheiro João Monteiro da Gama", "time": 65954, "street_name": "Rua Engenheiro João Monteiro da Gama" }, { "distance": 90.793, "sign": -2, "interval": [ 12, 13 ], "text": "Turn left onto Rua Fiação da Saúde", "time": 18159, "street_name": "Rua Fiação da Saúde" }, { "distance": 142.051, "sign": 3, "interval": [ 13, 15 ], "text": "Turn sharp right onto Avenida Miguel Estefno", "time": 28410, "street_name": "Avenida Miguel Estefno" }, { "distance": 75.673, "sign": 2, "interval": [ 15, 16 ], "text": "Turn right onto Avenida Jabaquara", "time": 15135, "street_name": "Avenida Jabaquara" }, { "distance": 0.0, "sign": 4, "last_heading": 11.132569959391896, "interval": [ 16, 16 ], "text": "Arrive at destination", "time": 0, "street_name": "" } ], "legs": [ ], "details": { }, "ascend": 19.5484619140625, "descend": 19.635009765625, "snapped_waypoints": { "type": "LineString", "coordinates": [ [ -46.636021, -23.616169, 808.85 ], [ -46.639176, -23.61862, 808.76 ] ] } } ] }, "geometry": null },
{ "type": "Feature", "properties": { "hints": { "visited_nodes.sum": 82, "visited_nodes.average": 82.0 }, "info": { "copyrights": [ "GraphHopper", "OpenStreetMap contributors" ], "took": 1, "road_data_timestamp": "2024-09-03T15:00:00Z" }, "paths": [ { "distance": 2045.434, "weight": 379.940753, "time": 429815, "transfers": 0, "points_encoded": false, "bbox": [ -46.641419, -23.626817, -46.634999, -23.616169 ], "points": { "type": "LineString", "coordinates": [ [ -46.636021, -23.616169, 808.85 ], [ -46.636667, -23.616448, 813.7 ], [ -46.636575, -23.61661, 812.82 ], [ -46.636375, -23.616921, 811.07 ], [ -46.636062, -23.617338, 808.63 ], [ -46.635637, -23.617962, 804.59 ], [ -46.635394, -23.618413, 800.99 ], [ -46.635105, -23.618976, 797.63 ], [ -46.635051, -23.61911, 796.85 ], [ -46.635012, -23.619604, 795.39 ], [ -46.634999, -23.619668, 795.23 ], [ -46.636943, -23.619292, 807.58 ], [ -46.63794, -23.619076, 808.37 ], [ -46.638086, -23.619881, 809.93 ], [ -46.63923, -23.619324, 809.46 ], [ -46.63932, -23.619287, 809.42 ], [ -46.639454, -23.619256, 809.28 ], [ -46.640751, -23.625128, 807.34 ], [ -46.640794, -23.62527, 807.28 ], [ -46.640894, -23.625553, 807.22 ], [ -46.641096, -23.62601, 807.49 ], [ -46.641058, -23.626118, 807.6 ], [ -46.641051, -23.626229, 807.71 ], [ -46.641086, -23.626376, 807.86 ], [ -46.641267, -23.626669, 808.2 ], [ -46.641419, -23.626817, 808.35 ], [ -46.641298, -23.626753, 808.23 ], [ -46.641221, -23.626733, 808.16 ], [ -46.641142, -23.626687, 808.07 ], [ -46.641084, -23.626585, 807.96 ], [ -46.641032, -23.626431, 807.81 ], [ -46.640987, -23.626387, 807.75 ], [ -46.640938, -23.626356, 807.74 ], [ -46.64077, -23.625761, 807.52 ] ] }, "instructions": [ { "distance": 72.896, "heading": 244.76, "sign": 0, "interval": [ 0, 1 ], "text": "Continue onto Rua Doutor Nogueira Martins", "time": 36448, "street_name": "Rua Doutor Nogueira Martins" }, { "distance": 402.316, "sign": -2, "interval": [ 1, 10 ], "text": "Turn left onto Rua Carneiro da Cunha", "time": 74116, "street_name": "Rua Carneiro da Cunha" }, { "distance": 307.234, "sign": 3, "interval": [ 10, 12 ], "text": "Turn sharp right onto Rua Engenheiro João Monteiro da Gama", "time": 65954, "street_name": "Rua Engenheiro João Monteiro da Gama" }, { "distance": 90.793, "sign": -2, "interval": [ 12, 13 ], "text": "Turn left onto Rua Fiação da Saúde", "time": 18159, "street_name": "Rua Fiação da Saúde" }, { "distance": 156.147, "sign": 3, "interval": [ 13, 16 ], "text": "Turn sharp right onto Avenida Miguel Estefno", "time": 31229, "street_name": "Avenida Miguel Estefno" }, { "distance": 770.655, "sign": -2, "interval": [ 16, 20 ], "text": "Turn left onto Avenida Jabaquara", "time": 154830, "street_name": "Avenida Jabaquara" }, { "distance": 101.698, "sign": -7, "interval": [ 20, 25 ], "text": "Keep left", "time": 20340, "street_name": "" }, { "distance": 75.433, "sign": -3, "interval": [ 25, 32 ], "text": "Turn sharp left", "time": 15087, "street_name": "" }, { "distance": 68.262, "sign": -1, "interval": [ 32, 33 ], "text": "Turn slight left onto Avenida Jabaquara", "time": 13652, "street_name": "Avenida Jabaquara" }, { "distance": 0.0, "sign": 4, "last_heading": 14.587505464030759, "interval": [ 33, 33 ], "text": "Arrive at destination", "time": 0, "street_name": "" } ], "legs": [ ], "details": { }, "ascend": 25.614501953125, "descend": 26.94500732421875, "snapped_waypoints": { "type": "LineString", "coordinates": [ [ -46.636021, -23.616169, 808.85 ], [ -46.64077, -23.625761, 807.52 ] ] } } ] }, "geometry": null },
{ "type": "Feature", "properties": { "hints": { "visited_nodes.sum": 88, "visited_nodes.average": 88.0 }, "info": { "copyrights": [ "GraphHopper", "OpenStreetMap contributors" ], "took": 2, "road_data_timestamp": "2024-09-03T15:00:00Z" }, "paths": [ { "distance": 2413.466, "weight": 536.226225, "time": 491979, "transfers": 0, "points_encoded": false, "bbox": [ -46.642969, -23.63538, -46.634179, -23.626786 ], "points": { "type": "LineString", "coordinates": [ [ -46.635584, -23.626979, 796.57 ], [ -46.634608, -23.626786, 794.65 ], [ -46.63436, -23.627927, 794.42 ], [ -46.634179, -23.628908, 776.05 ], [ -46.634842, -23.628861, 781.64 ], [ -46.635105, -23.62886, 783.85 ], [ -46.635282, -23.628874, 785.33 ], [ -46.636222, -23.628995, 777.6 ], [ -46.636404, -23.629005, 777.6 ], [ -46.637695, -23.628841, 788.78 ], [ -46.638758, -23.628703, 785.39 ], [ -46.638975, -23.628924, 782.99 ], [ -46.639303, -23.628867, 785.45 ], [ -46.63951, -23.628856, 786.59 ], [ -46.640236, -23.628841, 790.6 ], [ -46.640745, -23.628854, 793.41 ], [ -46.641368, -23.62884, 797.51 ], [ -46.641494, -23.628846, 798.25 ], [ -46.641607, -23.628794, 799.08 ], [ -46.641656, -23.628758, 799.49 ], [ -46.641704, -23.628711, 799.96 ], [ -46.641749, -23.628641, 800.54 ], [ -46.641777, -23.628577, 801.04 ], [ -46.641859, -23.628181, 803.93 ], [ -46.6419, -23.627939, 805.69 ], [ -46.641903, -23.627882, 806.1 ], [ -46.64189, -23.627826, 806.51 ], [ -46.641854, -23.62777, 806.98 ], [ -46.641801, -23.627723, 807.47 ], [ -46.641742, -23.627691, 807.91 ], [ -46.641666, -23.627663, 808.46 ], [ -46.641578, -23.627665, 809.04 ], [ -46.641495, -23.627698, 809.63 ], [ -46.64144, -23.627745, 810.13 ], [ -46.641391, -23.627814, 810.71 ], [ -46.641356, -23.627887, 805.2 ], [ -46.641311, -23.628034, 804.23 ], [ -46.641352, -23.628398, 801.58 ], [ -46.641434, -23.628998, 801.02 ], [ -46.641504, -23.630207, 803.16 ], [ -46.64187, -23.63047, 806.67 ], [ -46.642029, -23.630603, 808.33 ], [ -46.64265, -23.631031, 807.67 ], [ -46.642591, -23.632349, 814.23 ], [ -46.642532, -23.632953, 810.26 ], [ -46.64251, -23.633071, 809.47 ], [ -46.642446, -23.633254, 808.21 ], [ -46.642327, -23.633523, 806.31 ], [ -46.642245, -23.63375, 804.75 ], [ -46.642237, -23.633979, 803.34 ], [ -46.64229, -23.634076, 803.36 ], [ -46.642395, -23.634191, 803.38 ], [ -46.642727, -23.63417, 803.63 ], [ -46.642969, -23.634142, 803.82 ], [ -46.642836, -23.634232, 803.67 ], [ -46.642724, -23.634283, 803.55 ], [ -46.642581, -23.634309, 803.44 ], [ -46.641873, -23.63436, 803.65 ], [ -46.641442, -23.63436, 807.8 ], [ -46.641434, -23.634668, 808.77 ], [ -46.641406, -23.634961, 809.14 ], [ -46.641384, -23.63538, 808.93 ] ] }, "instructions": [ { "distance": 101.736, "heading": 77.82, "sign": 0, "interval": [ 0, 1 ], "text": "Continue onto Avenida Fagundes Filho", "time": 20347, "street_name": "Avenida Fagundes Filho" }, { "distance": 241.527, "sign": 2, "interval": [ 1, 3 ], "text": "Turn right onto Rua Francisco Mesquita", "time": 46266, "street_name": "Rua Francisco Mesquita" }, { "distance": 471.324, "sign": 3, "interval": [ 3, 10 ], "text": "Turn sharp right onto Rua dos Democratas", "time": 94265, "street_name": "Rua dos Democratas" }, { "distance": 33.12, "sign": -2, "interval": [ 10, 11 ], "text": "Turn left onto Rua Isaura Freire", "time": 6022, "street_name": "Rua Isaura Freire" }, { "distance": 257.821, "sign": 2, "interval": [ 11, 17 ], "text": "Turn right onto Rua Brasópolis", "time": 57293, "street_name": "Rua Brasópolis" }, { "distance": 220.748, "sign": 7, "interval": [ 17, 36 ], "text": "Keep right and drive toward Hospital São Luiz", "time": 44150, "street_destination": "Hospital São Luiz", "street_name": "" }, { "distance": 242.865, "sign": 1, "interval": [ 36, 39 ], "text": "Turn slight right onto Avenida Doutor Hugo Beolchi", "time": 49607, "street_name": "Avenida Doutor Hugo Beolchi" }, { "distance": 148.602, "sign": 2, "interval": [ 39, 42 ], "text": "Turn right onto Avenida Pedro Severino Júnior", "time": 32810, "street_name": "Avenida Pedro Severino Júnior" }, { "distance": 333.654, "sign": -2, "interval": [ 42, 49 ], "text": "Turn left onto Rua Guaratuba", "time": 66598, "street_name": "Rua Guaratuba" }, { "distance": 28.695, "sign": 7, "interval": [ 49, 51 ], "text": "Keep right onto Rua Guaratuba", "time": 5739, "street_name": "Rua Guaratuba" }, { "distance": 58.794, "sign": 2, "interval": [ 51, 53 ], "text": "Turn right onto Avenida Engenheiro Armando de Arruda Pereira", "time": 11759, "street_name": "Avenida Engenheiro Armando de Arruda Pereira" }, { "distance": 160.934, "sign": -3, "interval": [ 53, 58 ], "text": "Turn sharp left onto Avenida Engenheiro Armando de Arruda Pereira", "time": 34394, "street_name": "Avenida Engenheiro Armando de Arruda Pereira" }, { "distance": 113.646, "sign": 2, "interval": [ 58, 61 ], "text": "Turn right onto Avenida Engenheiro Armando de Arruda Pereira", "time": 22729, "street_name": "Avenida Engenheiro Armando de Arruda Pereira" }, { "distance": 0.0, "sign": 4, "last_heading": 177.18719814420706, "interval": [ 61, 61 ], "text": "Arrive at destination", "time": 0, "street_name": "" } ], "legs": [ ], "details": { }, "ascend": 70.052978515625, "descend": 57.69598388671875, "snapped_waypoints": { "type": "LineString", "coordinates": [ [ -46.635584, -23.626979, 796.57 ], [ -46.641384, -23.63538, 808.93 ] ] } } ] }, "geometry": null },
{ "type": "Feature", "properties": { "hints": { "visited_nodes.sum": 40, "visited_nodes.average": 40.0 }, "info": { "copyrights": [ "GraphHopper", "OpenStreetMap contributors" ], "took": 1, "road_data_timestamp": "2024-09-03T15:00:00Z" }, "paths": [ { "distance": 747.807, "weight": 202.186624, "time": 217179, "transfers": 0, "points_encoded": false, "bbox": [ -46.645523, -23.650301, -46.641002, -23.646442 ], "points": { "type": "LineString", "coordinates": [ [ -46.644462, -23.650207, 779.67 ], [ -46.644565, -23.650301, 779.29 ], [ -46.645523, -23.649772, 775.94 ], [ -46.645452, -23.649665, 777.24 ], [ -46.645276, -23.649438, 779.85 ], [ -46.645148, -23.64931, 781.59 ], [ -46.645068, -23.64924, 782.61 ], [ -46.644964, -23.649175, 783.76 ], [ -46.644922, -23.649138, 784.3 ], [ -46.64491, -23.649116, 784.51 ], [ -46.644728, -23.649013, 785.92 ], [ -46.643434, -23.648355, 798.33 ], [ -46.641826, -23.647453, 806.46 ], [ -46.641217, -23.647083, 810.67 ], [ -46.641171, -23.647045, 811.03 ], [ -46.64113, -23.646971, 811.55 ], [ -46.641117, -23.646929, 811.83 ], [ -46.64111, -23.646861, 812.25 ], [ -46.641116, -23.646788, 812.24 ], [ -46.64103, -23.646442, 816.36 ], [ -46.641002, -23.646489, 815.9 ] ] }, "instructions": [ { "distance": 14.817, "heading": 224.87, "sign": 0, "interval": [ 0, 1 ], "text": "Continue onto Rua Nadra Rafoul Mokodsi", "time": 13335, "street_name": "Rua Nadra Rafoul Mokodsi" }, { "distance": 113.954, "sign": 2, "interval": [ 1, 2 ], "text": "Turn right onto Alameda Ibiracemas", "time": 22791, "street_name": "Alameda Ibiracemas" }, { "distance": 13.923, "sign": 2, "interval": [ 2, 3 ], "text": "Turn right onto Rua dos Buritis", "time": 2785, "street_name": "Rua dos Buritis" }, { "distance": 31.126, "sign": 0, "interval": [ 3, 4 ], "text": "Continue onto Rua dos Buritis", "time": 7782, "street_name": "Rua dos Buritis" }, { "exit_number": 1, "distance": 568.039, "sign": 6, "exited": true, "turn_angle": -2.74, "interval": [ 4, 19 ], "text": "At roundabout, take exit 1 onto Rua das Grumixamas", "time": 165619, "street_name": "Rua das Grumixamas" }, { "distance": 5.948, "sign": 3, "interval": [ 19, 20 ], "text": "Turn sharp right", "time": 4867, "street_name": "" }, { "distance": 0.0, "sign": 4, "last_heading": 151.34680158380698, "interval": [ 20, 20 ], "text": "Arrive at destination", "time": 0, "street_name": "" } ], "legs": [ ], "details": { }, "ascend": 40.4349365234375, "descend": 4.2080078125, "snapped_waypoints": { "type": "LineString", "coordinates": [ [ -46.644462, -23.650207, 779.67 ], [ -46.641002, -23.646489, 815.9 ] ] } } ] }, "geometry": null },
{ "type": "Feature", "properties": { "hints": { "visited_nodes.sum": 52, "visited_nodes.average": 52.0 }, "info": { "copyrights": [ "GraphHopper", "OpenStreetMap contributors" ], "took": 1, "road_data_timestamp": "2024-09-03T15:00:00Z" }, "paths": [ { "distance": 1280.955, "weight": 222.72025, "time": 248564, "transfers": 0, "points_encoded": false, "bbox": [ -46.565625, -23.582527, -46.561898, -23.576381 ], "points": { "type": "LineString", "coordinates": [ [ -46.564027, -23.576966, 778.73 ], [ -46.564054, -23.576613, 783.65 ], [ -46.5646, -23.57659, 786.62 ], [ -46.564751, -23.576558, 787.48 ], [ -46.565191, -23.576381, 790.18 ], [ -46.565226, -23.576462, 789.5 ], [ -46.565625, -23.57723, 782.86 ], [ -46.565241, -23.577301, 783.45 ], [ -46.565313, -23.577628, 779.81 ], [ -46.565348, -23.577731, 778.63 ], [ -46.5652, -23.577763, 778.67 ], [ -46.565182, -23.577779, 778.4 ], [ -46.565331, -23.578124, 774.48 ], [ -46.563901, -23.578378, 766.92 ], [ -46.564208, -23.580458, 754.28 ], [ -46.564324, -23.581414, 750.06 ], [ -46.564097, -23.581427, 750.01 ], [ -46.564159, -23.582413, 748.94 ], [ -46.564141, -23.582527, 748.89 ], [ -46.562978, -23.582391, 747.93 ], [ -46.562805, -23.582377, 747.8 ], [ -46.561898, -23.582186, 748.83 ] ] }, "instructions": [ { "distance": 39.626, "heading": 356.08, "sign": 0, "interval": [ 0, 1 ], "text": "Continue onto Rua Buenópolis", "time": 9906, "street_name": "Rua Buenópolis" }, { "distance": 120.727, "sign": -2, "interval": [ 1, 4 ], "text": "Turn left onto Rua Tujuguaba", "time": 26828, "street_name": "Rua Tujuguaba" }, { "distance": 104.474, "sign": -2, "interval": [ 4, 6 ], "text": "Turn left onto Rua Val de Palmas", "time": 18995, "street_name": "Rua Val de Palmas" }, { "distance": 39.924, "sign": -3, "interval": [ 6, 7 ], "text": "Turn sharp left onto Rua Marlus", "time": 7985, "street_name": "Rua Marlus" }, { "distance": 49.323, "sign": 2, "interval": [ 7, 9 ], "text": "Turn right onto Rua Itaperima", "time": 8968, "street_name": "Rua Itaperima" }, { "distance": 59.561, "sign": -2, "interval": [ 9, 12 ], "text": "Turn left onto Praça Joaquim Rodrigues", "time": 10829, "street_name": "Praça Joaquim Rodrigues" }, { "distance": 148.607, "sign": -2, "interval": [ 12, 13 ], "text": "Turn left onto Rua Caioabá", "time": 27508, "street_name": "Rua Caioabá" }, { "distance": 340.785, "sign": 2, "interval": [ 13, 15 ], "text": "Turn right onto Rua Cariri", "time": 61960, "street_name": "Rua Cariri" }, { "distance": 23.177, "sign": -2, "interval": [ 15, 16 ], "text": "Turn left onto Avenida Vila Ema", "time": 4635, "street_name": "Avenida Vila Ema" }, { "distance": 122.659, "sign": 2, "interval": [ 16, 18 ], "text": "Turn right onto Rua Elídia Maria de Jesus", "time": 24532, "street_name": "Rua Elídia Maria de Jesus" }, { "distance": 232.092, "sign": -2, "interval": [ 18, 21 ], "text": "Turn left onto Ciclovia Monotrilho Linha Prata", "time": 46418, "street_name": "Ciclovia Monotrilho Linha Prata" }, { "distance": 0.0, "sign": 4, "last_heading": 77.06855302304703, "interval": [ 21, 21 ], "text": "Arrive at destination", "time": 0, "street_name": "" } ], "legs": [ ], "details": { }, "ascend": 13.20703125, "descend": 43.1070556640625, "snapped_waypoints": { "type": "LineString", "coordinates": [ [ -46.564027, -23.576966, 778.73 ], [ -46.561898, -23.582186, 748.83 ] ] } } ] }, "geometry": null },
{ "type": "Feature", "properties": { "hints": { "visited_nodes.sum": 52, "visited_nodes.average": 52.0 }, "info": { "copyrights": [ "GraphHopper", "OpenStreetMap contributors" ], "took": 1, "road_data_timestamp": "2024-09-03T15:00:00Z" }, "paths": [ { "distance": 1188.499, "weight": 351.793822, "time": 240686, "transfers": 0, "points_encoded": false, "bbox": [ -46.586178, -23.592684, -46.583824, -23.584708 ], "points": { "type": "LineString", "coordinates": [ [ -46.584144, -23.592257, 743.64 ], [ -46.584426, -23.592381, 743.36 ], [ -46.584805, -23.592594, 742.98 ], [ -46.584938, -23.592684, 742.85 ], [ -46.585532, -23.592387, 742.49 ], [ -46.585709, -23.592274, 742.37 ], [ -46.585908, -23.592124, 742.23 ], [ -46.586056, -23.591989, 742.12 ], [ -46.586178, -23.591845, 742.03 ], [ -46.585667, -23.591511, 740.21 ], [ -46.585725, -23.591363, 740.27 ], [ -46.586, -23.590465, 739.64 ], [ -46.585755, -23.59022, 743.8 ], [ -46.585719, -23.590178, 744.41 ], [ -46.585678, -23.590106, 745.32 ], [ -46.585641, -23.589867, 746.74 ], [ -46.58521, -23.589451, 750.93 ], [ -46.584549, -23.588838, 747.51 ], [ -46.584431, -23.588657, 746.95 ], [ -46.584401, -23.588579, 746.74 ], [ -46.584369, -23.588436, 746.37 ], [ -46.584347, -23.588277, 745.84 ], [ -46.584421, -23.588179, 745.32 ], [ -46.584649, -23.587283, 742.05 ], [ -46.584656, -23.587172, 741.81 ], [ -46.584653, -23.586998, 741.43 ], [ -46.584626, -23.586631, 740.62 ], [ -46.584587, -23.586394, 740.1 ], [ -46.584516, -23.586201, 739.64 ], [ -46.584296, -23.585702, 739.04 ], [ -46.58427, -23.585603, 739.23 ], [ -46.584265, -23.58549, 739.46 ], [ -46.584273, -23.584898, 740.77 ], [ -46.584227, -23.584868, 740.93 ], [ -46.584123, -23.584772, 741.35 ], [ -46.584066, -23.584708, 741.36 ], [ -46.583824, -23.584816, 741.5 ] ] }, "instructions": [ { "distance": 94.056, "heading": 248.38, "sign": 0, "interval": [ 0, 3 ], "text": "Continue onto Rua Jacaraípe", "time": 18811, "street_name": "Rua Jacaraípe" }, { "distance": 158.73, "sign": 2, "interval": [ 3, 8 ], "text": "Turn right onto Avenida Doutor Francisco Mesquita", "time": 31746, "street_name": "Avenida Doutor Francisco Mesquita" }, { "distance": 64.008, "sign": 2, "interval": [ 8, 9 ], "text": "Turn right onto Rua Ernesto Franco", "time": 12802, "street_name": "Rua Ernesto Franco" }, { "distance": 121.266, "sign": -2, "interval": [ 9, 11 ], "text": "Turn left onto Rua Maparis", "time": 24253, "street_name": "Rua Maparis" }, { "distance": 37.181, "sign": 2, "interval": [ 11, 12 ], "text": "Turn right onto Rua Tomás Izzo", "time": 9295, "street_name": "Rua Tomás Izzo" }, { "distance": 41.941, "sign": 0, "interval": [ 12, 15 ], "text": "Continue onto Rua Tomás Izzo", "time": 9738, "street_name": "Rua Tomás Izzo" }, { "distance": 159.837, "sign": 1, "interval": [ 15, 17 ], "text": "Turn slight right onto Rua Tomás Izzo", "time": 31985, "street_name": "Rua Tomás Izzo" }, { "distance": 66.793, "sign": -7, "interval": [ 17, 21 ], "text": "Keep left onto Rua Tomás Izzo", "time": 13359, "street_name": "Rua Tomás Izzo" }, { "distance": 387.126, "sign": -1, "interval": [ 21, 32 ], "text": "Turn slight left onto Rua Ibitirama", "time": 77185, "street_name": "Rua Ibitirama" }, { "distance": 30.006, "sign": 2, "interval": [ 32, 35 ], "text": "Turn right", "time": 6001, "street_name": "" }, { "distance": 27.555, "sign": 2, "interval": [ 35, 36 ], "text": "Turn right onto Avenida Professor Luiz Ignácio Anhaia Mello", "time": 5511, "street_name": "Avenida Professor Luiz Ignácio Anhaia Mello" }, { "distance": 0.0, "sign": 4, "last_heading": 116.0182239360404, "interval": [ 36, 36 ], "text": "Arrive at destination", "time": 0, "street_name": "" } ], "legs": [ ], "details": { }, "ascend": 14.28387451171875, "descend": 16.42938232421875, "snapped_waypoints": { "type": "LineString", "coordinates": [ [ -46.584144, -23.592257, 743.64 ], [ -46.583824, -23.584816, 741.5 ] ] } } ] }, "geometry": null },
{ "type": "Feature", "properties": { "hints": { "visited_nodes.sum": 40, "visited_nodes.average": 40.0 }, "info": { "copyrights": [ "GraphHopper", "OpenStreetMap contributors" ], "took": 1, "road_data_timestamp": "2024-09-03T15:00:00Z" }, "paths": [ { "distance": 719.838, "weight": 162.272381, "time": 151829, "transfers": 0, "points_encoded": false, "bbox": [ -46.544612, -23.589777, -46.541231, -23.587522 ], "points": { "type": "LineString", "coordinates": [ [ -46.541231, -23.589777, 769.45 ], [ -46.541586, -23.589381, 769.93 ], [ -46.541801, -23.589107, 769.86 ], [ -46.542326, -23.588403, 769.68 ], [ -46.542086, -23.587891, 776.56 ], [ -46.542752, -23.587619, 770.25 ], [ -46.542788, -23.587611, 769.89 ], [ -46.542814, -23.587617, 769.64 ], [ -46.542877, -23.587676, 768.78 ], [ -46.542911, -23.587685, 768.43 ], [ -46.543301, -23.587522, 764.33 ], [ -46.543877, -23.588779, 759.91 ], [ -46.544058, -23.589238, 761.83 ], [ -46.544137, -23.589264, 762.29 ], [ -46.544234, -23.589268, 762.75 ], [ -46.544513, -23.588906, 762.77 ], [ -46.544612, -23.588959, 763.9 ], [ -46.54436, -23.589288, 763.64 ] ] }, "instructions": [ { "distance": 189.376, "heading": 321.17, "sign": 0, "interval": [ 0, 3 ], "text": "Continue onto Rua Nana", "time": 37875, "street_name": "Rua Nana" }, { "distance": 62.339, "sign": 2, "interval": [ 3, 4 ], "text": "Turn right onto Rua Conde Amadeu Barbelini", "time": 15585, "street_name": "Rua Conde Amadeu Barbelini" }, { "distance": 137.818, "sign": -2, "interval": [ 4, 10 ], "text": "Turn left onto Travessa Alfredo Dabat", "time": 25058, "street_name": "Travessa Alfredo Dabat" }, { "distance": 206.11, "sign": -2, "interval": [ 10, 12 ], "text": "Turn left onto Rua Herwis", "time": 39799, "street_name": "Rua Herwis" }, { "distance": 18.444, "sign": 2, "interval": [ 12, 14 ], "text": "Turn right onto Rua Francisco Fett", "time": 4099, "street_name": "Rua Francisco Fett" }, { "distance": 49.206, "sign": 2, "interval": [ 14, 15 ], "text": "Turn right onto Avenida Professor Luiz Ignácio Anhaia Mello", "time": 9841, "street_name": "Avenida Professor Luiz Ignácio Anhaia Mello" }, { "distance": 11.805, "sign": -2, "interval": [ 15, 16 ], "text": "Turn left", "time": 10624, "street_name": "" }, { "distance": 44.74, "sign": -2, "interval": [ 16, 17 ], "text": "Turn left onto Ciclovia Monotrilho Linha Prata", "time": 8948, "street_name": "Ciclovia Monotrilho Linha Prata" }, { "distance": 0.0, "sign": 4, "last_heading": 144.88956723268257, "interval": [ 17, 17 ], "text": "Arrive at destination", "time": 0, "street_name": "" } ], "legs": [ ], "details": { }, "ascend": 12.3084716796875, "descend": 18.1199951171875, "snapped_waypoints": { "type": "LineString", "coordinates": [ [ -46.541231, -23.589777, 769.45 ], [ -46.54436, -23.589288, 763.64 ] ] } } ] }, "geometry": null },
{ "type": "Feature", "properties": { "hints": { "visited_nodes.sum": 80, "visited_nodes.average": 80.0 }, "info": { "copyrights": [ "GraphHopper", "OpenStreetMap contributors" ], "took": 1, "road_data_timestamp": "2024-09-03T15:00:00Z" }, "paths": [ { "distance": 1385.904, "weight": 267.495418, "time": 288584, "transfers": 0, "points_encoded": false, "bbox": [ -46.534259, -23.607026, -46.526831, -23.600875 ], "points": { "type": "LineString", "coordinates": [ [ -46.534259, -23.607026, 761.1 ], [ -46.534242, -23.607, 766.1 ], [ -46.533833, -23.606127, 771.92 ], [ -46.53339, -23.606334, 767.3 ], [ -46.53343, -23.606406, 766.95 ], [ -46.532967, -23.606615, 762.39 ], [ -46.53217, -23.605089, 766.48 ], [ -46.532127, -23.605019, 766.81 ], [ -46.53197, -23.604824, 767.8 ], [ -46.531426, -23.604189, 771.1 ], [ -46.531007, -23.603676, 773.72 ], [ -46.530476, -23.602447, 788.95 ], [ -46.530356, -23.602202, 792.33 ], [ -46.530439, -23.602113, 792.7 ], [ -46.530533, -23.602029, 793.09 ], [ -46.530629, -23.601955, 793.46 ], [ -46.530598, -23.601854, 794.16 ], [ -46.527909, -23.602272, 795.22 ], [ -46.52737, -23.600875, 780.44 ], [ -46.52692, -23.601186, 781.63 ], [ -46.526831, -23.601109, 780.77 ], [ -46.527097, -23.600923, 780.02 ] ] }, "instructions": [ { "distance": 111.811, "heading": 30.74, "sign": 0, "interval": [ 0, 2 ], "text": "Continue onto Rua Girassol Miúdo", "time": 25013, "street_name": "Rua Girassol Miúdo" }, { "distance": 50.87, "sign": 2, "interval": [ 2, 3 ], "text": "Turn right onto Rua Jurubeba-do-campo", "time": 9249, "street_name": "Rua Jurubeba-do-campo" }, { "distance": 8.948, "sign": 2, "interval": [ 3, 4 ], "text": "Turn right onto Rua Pacari da Mata", "time": 1627, "street_name": "Rua Pacari da Mata" }, { "distance": 52.731, "sign": -2, "interval": [ 4, 5 ], "text": "Turn left onto Rua Jerônimo Gonçalves", "time": 9587, "street_name": "Rua Jerônimo Gonçalves" }, { "distance": 385.136, "sign": -2, "interval": [ 5, 10 ], "text": "Turn left onto Rua Gustavo Le Bon", "time": 81851, "street_name": "Rua Gustavo Le Bon" }, { "distance": 177.835, "sign": -1, "interval": [ 10, 12 ], "text": "Turn slight left onto Rua Mocoim", "time": 44459, "street_name": "Rua Mocoim" }, { "distance": 39.197, "sign": -2, "interval": [ 12, 15 ], "text": "Turn left onto Avenida do Oratório", "time": 7839, "street_name": "Avenida do Oratório" }, { "distance": 11.744, "sign": 2, "interval": [ 15, 16 ], "text": "Turn right onto Rua Nova Timboteua", "time": 2610, "street_name": "Rua Nova Timboteua" }, { "distance": 277.931, "sign": 2, "interval": [ 16, 17 ], "text": "Turn right onto Rua Alexandrina Pereira Novais", "time": 55586, "street_name": "Rua Alexandrina Pereira Novais" }, { "distance": 165.47, "sign": -2, "interval": [ 17, 18 ], "text": "Turn left onto Rua Angical do Piauí", "time": 30085, "street_name": "Rua Angical do Piauí" }, { "distance": 57.509, "sign": 3, "interval": [ 18, 19 ], "text": "Turn sharp right onto Avenida Professor Luiz Ignácio Anhaia Mello", "time": 11502, "street_name": "Avenida Professor Luiz Ignácio Anhaia Mello" }, { "distance": 12.596, "sign": -2, "interval": [ 19, 20 ], "text": "Turn left", "time": 2351, "street_name": "" }, { "distance": 34.126, "sign": -2, "interval": [ 20, 21 ], "text": "Turn left onto Ciclovia Monotrilho Linha Prata", "time": 6825, "street_name": "Ciclovia Monotrilho Linha Prata" }, { "distance": 0.0, "sign": 4, "last_heading": 307.30591341841705, "interval": [ 21, 21 ], "text": "Arrive at destination", "time": 0, "street_name": "" } ], "legs": [ ], "details": { }, "ascend": 45.0208740234375, "descend": 26.09942626953125, "snapped_waypoints": { "type": "LineString", "coordinates": [ [ -46.534259, -23.607026, 761.1 ], [ -46.527097, -23.600923, 780.02 ] ] } } ] }, "geometry": null },
{ "type": "Feature", "properties": { "hints": { "visited_nodes.sum": 112, "visited_nodes.average": 112.0 }, "info": { "copyrights": [ "GraphHopper", "OpenStreetMap contributors" ], "took": 2, "road_data_timestamp": "2024-09-03T15:00:00Z" }, "paths": [ { "distance": 1933.76, "weight": 362.448035, "time": 399225, "transfers": 0, "points_encoded": false, "bbox": [ -46.516128, -23.603069, -46.507524, -23.59457 ], "points": { "type": "LineString", "coordinates": [ [ -46.510004, -23.594581, 784.86 ], [ -46.509935, -23.594583, 784.28 ], [ -46.509582, -23.59457, 782.77 ], [ -46.509495, -23.594576, 782.76 ], [ -46.509471, -23.594584, 782.81 ], [ -46.509456, -23.594607, 782.86 ], [ -46.509451, -23.594632, 782.92 ], [ -46.509456, -23.594853, 783.37 ], [ -46.509451, -23.595356, 784.39 ], [ -46.508888, -23.595411, 782.94 ], [ -46.507683, -23.595373, 775.2 ], [ -46.507633, -23.596166, 782.19 ], [ -46.507647, -23.596268, 782.61 ], [ -46.507887, -23.59702, 785.8 ], [ -46.507634, -23.597302, 783.54 ], [ -46.507524, -23.597489, 782.24 ], [ -46.507577, -23.597507, 782.66 ], [ -46.507624, -23.597513, 783.02 ], [ -46.507631, -23.598123, 783.5 ], [ -46.507653, -23.598565, 786.32 ], [ -46.507673, -23.598629, 786.77 ], [ -46.508377, -23.600088, 797.53 ], [ -46.508686, -23.600172, 800.17 ], [ -46.50877, -23.599946, 801.78 ], [ -46.509273, -23.600164, 803.67 ], [ -46.5097, -23.600267, 806.46 ], [ -46.509822, -23.600274, 807.24 ], [ -46.510074, -23.600261, 808.78 ], [ -46.509966, -23.600476, 808.82 ], [ -46.510819, -23.600656, 814.65 ], [ -46.511014, -23.600572, 815.58 ], [ -46.511162, -23.600708, 815.22 ], [ -46.511318, -23.600822, 814.01 ], [ -46.511704, -23.601082, 810.87 ], [ -46.511919, -23.600815, 810.92 ], [ -46.512032, -23.60069, 810.96 ], [ -46.512159, -23.600578, 810.95 ], [ -46.512245, -23.600689, 810.09 ], [ -46.512793, -23.601278, 806.56 ], [ -46.512953, -23.601421, 805.52 ], [ -46.51325, -23.60173, 803.2 ], [ -46.513985, -23.602522, 797.19 ], [ -46.514315, -23.602898, 796.99 ], [ -46.514344, -23.602978, 796.96 ], [ -46.514774, -23.602928, 795.94 ], [ -46.514815, -23.602978, 795.94 ], [ -46.514842, -23.603069, 795.95 ], [ -46.516128, -23.602907, 793.86 ], [ -46.516105, -23.602875, 793.59 ] ] }, "instructions": [ { "distance": 140.926, "heading": 92.66, "sign": 0, "interval": [ 0, 8 ], "text": "Continue onto Rua Juliano Cartari", "time": 27402, "street_name": "Rua Juliano Cartari" }, { "distance": 180.779, "sign": -2, "interval": [ 8, 10 ], "text": "Turn left onto Rua Adauto Fernandes de Andrade", "time": 33918, "street_name": "Rua Adauto Fernandes de Andrade" }, { "distance": 187.274, "sign": 2, "interval": [ 10, 13 ], "text": "Turn right onto Rua Alzira Monteiro Explorador", "time": 44078, "street_name": "Rua Alzira Monteiro Explorador" }, { "distance": 64.263, "sign": -2, "interval": [ 13, 15 ], "text": "Turn left onto Rua Luis Antônio da Costa", "time": 11684, "street_name": "Rua Luis Antônio da Costa" }, { "distance": 10.547, "sign": 2, "interval": [ 15, 17 ], "text": "Turn right onto Rua Nova Brasília", "time": 2344, "street_name": "Rua Nova Brasília" }, { "distance": 302.158, "sign": -2, "interval": [ 17, 21 ], "text": "Turn left onto Rua Primeiro Sorriso", "time": 65639, "street_name": "Rua Primeiro Sorriso" }, { "distance": 32.921, "sign": 2, "interval": [ 21, 22 ], "text": "Turn right onto Rua Primeiro Sorriso", "time": 8230, "street_name": "Rua Primeiro Sorriso" }, { "distance": 26.579, "sign": 2, "interval": [ 22, 23 ], "text": "Turn right onto Rua Olegário Maciel", "time": 5906, "street_name": "Rua Olegário Maciel" }, { "distance": 140.017, "sign": -2, "interval": [ 23, 27 ], "text": "Turn left onto Rua Guarantã", "time": 29855, "street_name": "Rua Guarantã" }, { "distance": 26.393, "sign": -3, "interval": [ 27, 28 ], "text": "Turn sharp left onto Rua Pedro Nunes", "time": 5279, "street_name": "Rua Pedro Nunes" }, { "distance": 89.421, "sign": 2, "interval": [ 28, 29 ], "text": "Turn right onto Rua Maruara", "time": 19871, "street_name": "Rua Maruara" }, { "distance": 21.929, "sign": 1, "interval": [ 29, 30 ], "text": "Turn slight right onto Rua Alexandre Fernandes", "time": 4873, "street_name": "Rua Alexandre Fernandes" }, { "distance": 41.767, "sign": -2, "interval": [ 30, 32 ], "text": "Turn left", "time": 11862, "street_name": "" }, { "distance": 48.849, "sign": 0, "interval": [ 32, 33 ], "text": "Continue onto Rua Alberto Gomes Leite", "time": 8882, "street_name": "Rua Alberto Gomes Leite" }, { "distance": 72.934, "sign": 2, "interval": [ 33, 36 ], "text": "Turn right onto Avenida Sapopemba", "time": 14587, "street_name": "Avenida Sapopemba" }, { "distance": 348.716, "sign": -2, "interval": [ 36, 43 ], "text": "Turn left onto Rua Manoel Cuadrado Martín", "time": 65158, "street_name": "Rua Manoel Cuadrado Martín" }, { "distance": 44.213, "sign": 2, "interval": [ 43, 44 ], "text": "Turn right onto Avenida Professor Luiz Ignácio Anhaia Mello", "time": 8843, "street_name": "Avenida Professor Luiz Ignácio Anhaia Mello" }, { "distance": 17.392, "sign": -2, "interval": [ 44, 46 ], "text": "Turn left", "time": 3478, "street_name": "" }, { "distance": 132.348, "sign": 2, "interval": [ 46, 47 ], "text": "Turn right onto Ciclovia Monotrilho Linha Prata", "time": 26469, "street_name": "Ciclovia Monotrilho Linha Prata" }, { "distance": 4.334, "sign": 3, "interval": [ 47, 48 ], "text": "Turn sharp right onto Rua Tristão de Alencar Araripe Júnior", "time": 867, "street_name": "Rua Tristão de Alencar Araripe Júnior" }, { "distance": 0.0, "sign": 4, "last_heading": 33.483653547445314, "interval": [ 48, 48 ], "text": "Arrive at destination", "time": 0, "street_name": "" } ], "legs": [ ], "details": { }, "ascend": 45.9041748046875, "descend": 37.17413330078125, "snapped_waypoints": { "type": "LineString", "coordinates": [ [ -46.510004, -23.594581, 784.86 ], [ -46.516105, -23.602875, 793.59 ] ] } } ] }, "geometry": null },
{ "type": "Feature", "properties": { "hints": { "visited_nodes.sum": 48, "visited_nodes.average": 48.0 }, "info": { "copyrights": [ "GraphHopper", "OpenStreetMap contributors" ], "took": 1, "road_data_timestamp": "2024-09-03T15:00:00Z" }, "paths": [ { "distance": 1223.016, "weight": 234.947535, "time": 241825, "transfers": 0, "points_encoded": false, "bbox": [ -46.542744, -23.595385, -46.537635, -23.588403 ], "points": { "type": "LineString", "coordinates": [ [ -46.541231, -23.589777, 769.45 ], [ -46.541586, -23.589381, 769.93 ], [ -46.541801, -23.589107, 769.86 ], [ -46.542326, -23.588403, 769.68 ], [ -46.542744, -23.589305, 760.76 ], [ -46.542584, -23.589546, 760.99 ], [ -46.542164, -23.590095, 762.51 ], [ -46.541989, -23.590311, 762.93 ], [ -46.541746, -23.590567, 763.46 ], [ -46.54148, -23.590775, 763.96 ], [ -46.540999, -23.591102, 764.82 ], [ -46.540517, -23.591417, 765.64 ], [ -46.540445, -23.591509, 765.03 ], [ -46.540213, -23.591974, 761.95 ], [ -46.540254, -23.592041, 762.11 ], [ -46.540593, -23.592749, 764.86 ], [ -46.540265, -23.592972, 764.95 ], [ -46.540048, -23.593145, 765.0 ], [ -46.540004, -23.593165, 765.01 ], [ -46.539816, -23.593201, 765.05 ], [ -46.539771, -23.593222, 765.06 ], [ -46.539546, -23.593444, 765.26 ], [ -46.539316, -23.593767, 765.99 ], [ -46.539221, -23.593928, 766.34 ], [ -46.538812, -23.594362, 767.41 ], [ -46.538503, -23.594671, 767.34 ], [ -46.538327, -23.594747, 767.34 ], [ -46.538081, -23.595, 767.51 ], [ -46.538036, -23.595032, 767.54 ], [ -46.537918, -23.59508, 767.6 ], [ -46.537858, -23.595118, 767.63 ], [ -46.53769, -23.59529, 767.77 ], [ -46.537635, -23.595385, 767.85 ] ] }, "instructions": [ { "distance": 189.376, "heading": 321.17, "sign": 0, "interval": [ 0, 3 ], "text": "Continue onto Rua Nana", "time": 37875, "street_name": "Rua Nana" }, { "distance": 109.288, "sign": -3, "interval": [ 3, 4 ], "text": "Turn sharp left onto Rua Conde Amadeu Barbelini", "time": 19871, "street_name": "Rua Conde Amadeu Barbelini" }, { "distance": 400.155, "sign": -2, "interval": [ 4, 13 ], "text": "Turn left onto Avenida Vila Ema", "time": 78768, "street_name": "Avenida Vila Ema" }, { "distance": 94.602, "sign": 2, "interval": [ 13, 15 ], "text": "Turn right onto Rua Sebastião Mena", "time": 19392, "street_name": "Rua Sebastião Mena" }, { "distance": 429.595, "sign": -2, "interval": [ 15, 32 ], "text": "Turn left onto Ciclovia Monotrilho Linha Prata", "time": 85919, "street_name": "Ciclovia Monotrilho Linha Prata" }, { "distance": 0.0, "sign": 4, "last_heading": 152.1890495426493, "interval": [ 32, 32 ], "text": "Arrive at destination", "time": 0, "street_name": "" } ], "legs": [ ], "details": { }, "ascend": 11.406982421875, "descend": 13.0009765625, "snapped_waypoints": { "type": "LineString", "coordinates": [ [ -46.541231, -23.589777, 769.45 ], [ -46.537635, -23.595385, 767.85 ] ] } } ] }, "geometry": null },
{ "type": "Feature", "properties": { "hints": { "visited_nodes.sum": 92, "visited_nodes.average": 92.0 }, "info": { "copyrights": [ "GraphHopper", "OpenStreetMap contributors" ], "took": 1, "road_data_timestamp": "2024-09-03T15:00:00Z" }, "paths": [ { "distance": 3170.412, "weight": 765.387649, "time": 787665, "transfers": 0, "points_encoded": false, "bbox": [ -46.769235, -23.660643, -46.75956, -23.647899 ], "points": { "type": "LineString", "coordinates": [ [ -46.765682, -23.649014, 796.1 ], [ -46.765753, -23.64895, 795.2 ], [ -46.765839, -23.648852, 794.04 ], [ -46.765921, -23.648731, 792.72 ], [ -46.765944, -23.64866, 792.04 ], [ -46.765957, -23.648578, 791.27 ], [ -46.765954, -23.648509, 790.64 ], [ -46.76594, -23.648445, 790.03 ], [ -46.765905, -23.648368, 789.26 ], [ -46.765846, -23.648297, 788.43 ], [ -46.765791, -23.648251, 787.8 ], [ -46.765677, -23.648195, 786.7 ], [ -46.765561, -23.64835, 787.55 ], [ -46.765482, -23.648435, 788.06 ], [ -46.765393, -23.648515, 788.59 ], [ -46.765181, -23.64866, 789.72 ], [ -46.764655, -23.648161, 783.69 ], [ -46.76455, -23.648045, 784.58 ], [ -46.764438, -23.647899, 785.64 ], [ -46.76407, -23.648044, 790.74 ], [ -46.763812, -23.648182, 794.53 ], [ -46.763925, -23.648307, 795.84 ], [ -46.763975, -23.648403, 796.69 ], [ -46.763953, -23.648468, 797.24 ], [ -46.763888, -23.648487, 797.75 ], [ -46.763821, -23.648448, 796.67 ], [ -46.763646, -23.648287, 798.0 ], [ -46.763548, -23.648345, 799.9 ], [ -46.763496, -23.648394, 801.09 ], [ -46.763519, -23.648765, 802.89 ], [ -46.763605, -23.649121, 805.4 ], [ -46.763642, -23.649361, 807.08 ], [ -46.76363, -23.649697, 809.4 ], [ -46.763604, -23.650098, 812.17 ], [ -46.763614, -23.650319, 813.63 ], [ -46.763574, -23.650345, 813.93 ], [ -46.763552, -23.650396, 814.29 ], [ -46.763558, -23.650474, 814.72 ], [ -46.763518, -23.650481, 814.01 ], [ -46.763385, -23.650547, 811.04 ], [ -46.763279, -23.65059, 808.77 ], [ -46.76313, -23.650605, 805.81 ], [ -46.762941, -23.650607, 802.37 ], [ -46.762663, -23.650594, 796.1 ], [ -46.762583, -23.650604, 794.22 ], [ -46.762501, -23.650641, 792.1 ], [ -46.762431, -23.650695, 789.98 ], [ -46.762313, -23.650823, 785.74 ], [ -46.762284, -23.650835, 784.99 ], [ -46.762252, -23.650834, 784.26 ], [ -46.762218, -23.650823, 784.59 ], [ -46.762033, -23.650705, 784.65 ], [ -46.761906, -23.650609, 784.69 ], [ -46.761074, -23.649839, 784.99 ], [ -46.761002, -23.650516, 775.65 ], [ -46.759868, -23.649447, 762.26 ], [ -46.75956, -23.649607, 757.37 ], [ -46.760029, -23.650151, 760.49 ], [ -46.76016, -23.650284, 761.26 ], [ -46.760255, -23.650419, 761.95 ], [ -46.760315, -23.65056, 762.01 ], [ -46.760379, -23.650759, 762.07 ], [ -46.760448, -23.650932, 762.14 ], [ -46.760558, -23.651099, 762.2 ], [ -46.760715, -23.651278, 762.28 ], [ -46.76092, -23.65145, 762.36 ], [ -46.762249, -23.652368, 762.88 ], [ -46.762446, -23.652535, 762.96 ], [ -46.763873, -23.653981, 763.61 ], [ -46.764313, -23.654453, 763.8 ], [ -46.765846, -23.65631, 760.4 ], [ -46.766036, -23.656573, 759.94 ], [ -46.766092, -23.656703, 759.74 ], [ -46.766138, -23.656858, 759.51 ], [ -46.76631, -23.657315, 758.8 ], [ -46.76651, -23.65754, 758.43 ], [ -46.766508, -23.657642, 758.49 ], [ -46.7666, -23.65773, 758.89 ], [ -46.766815, -23.657856, 759.64 ], [ -46.767039, -23.657958, 760.39 ], [ -46.767303, -23.658044, 761.22 ], [ -46.767489, -23.658141, 761.86 ], [ -46.767592, -23.658127, 762.17 ], [ -46.767795, -23.658275, 761.83 ], [ -46.768056, -23.658528, 761.33 ], [ -46.768135, -23.658623, 761.16 ], [ -46.768459, -23.659133, 760.62 ], [ -46.76851, -23.659186, 760.63 ], [ -46.768944, -23.659558, 760.73 ], [ -46.76908, -23.65973, 760.83 ], [ -46.769207, -23.659967, 761.73 ], [ -46.769235, -23.660102, 761.89 ], [ -46.769069, -23.660195, 760.23 ], [ -46.768492, -23.660485, 755.55 ], [ -46.768125, -23.660643, 756.43 ], [ -46.768048, -23.6605, 756.38 ], [ -46.768043, -23.660386, 756.38 ], [ -46.76812, -23.660374, 756.27 ], [ -46.768317, -23.660318, 756.06 ], [ -46.768309, -23.660215, 756.17 ], [ -46.768349, -23.66016, 756.21 ], [ -46.768366, -23.660113, 756.22 ], [ -46.768268, -23.660063, 756.29 ], [ -46.768, -23.659538, 756.67 ], [ -46.767879, -23.659393, 757.3 ] ] }, "instructions": [ { "distance": 112.67, "heading": 305.5, "sign": 0, "interval": [ 0, 11 ], "text": "Continue onto Rua Antônio Ambuba", "time": 20485, "street_name": "Rua Antônio Ambuba" }, { "distance": 73.022, "sign": 2, "interval": [ 11, 15 ], "text": "Turn right onto Rua Edmundo Amaral Valente", "time": 16227, "street_name": "Rua Edmundo Amaral Valente" }, { "distance": 114.089, "sign": -2, "interval": [ 15, 18 ], "text": "Turn left onto Rua Edmundo Amaral Valente", "time": 22225, "street_name": "Rua Edmundo Amaral Valente" }, { "distance": 169.483, "sign": 2, "interval": [ 18, 28 ], "text": "Turn right onto Rua Francisco da Cruz Mellão", "time": 84041, "street_name": "Rua Francisco da Cruz Mellão" }, { "distance": 215.879, "sign": 2, "interval": [ 28, 34 ], "text": "Turn right onto Rua Edith Junqueira de Azevedo Marques", "time": 47973, "street_name": "Rua Edith Junqueira de Azevedo Marques" }, { "distance": 19.757, "sign": -2, "interval": [ 34, 37 ], "text": "Turn left onto Rua Edith Junqueira de Azevedo Marques", "time": 4390, "street_name": "Rua Edith Junqueira de Azevedo Marques" }, { "distance": 313.352, "sign": -2, "interval": [ 37, 53 ], "text": "Turn left onto Rua Edith Junqueira de Azevedo Marques", "time": 59965, "street_name": "Rua Edith Junqueira de Azevedo Marques" }, { "distance": 76.2, "sign": 3, "interval": [ 53, 54 ], "text": "Turn sharp right onto Rua Oginaga", "time": 13855, "street_name": "Rua Oginaga" }, { "distance": 166.219, "sign": -3, "interval": [ 54, 55 ], "text": "Turn sharp left onto Rua Noanamá", "time": 30222, "street_name": "Rua Noanamá" }, { "distance": 36.377, "sign": 2, "interval": [ 55, 56 ], "text": "Turn right onto Rua Rogério de Paula Brito", "time": 6614, "street_name": "Rua Rogério de Paula Brito" }, { "distance": 1146.954, "sign": 2, "interval": [ 56, 75 ], "text": "Turn right onto Avenida Carlos Caldeira Filho", "time": 231946, "street_name": "Avenida Carlos Caldeira Filho" }, { "distance": 137.307, "sign": -7, "interval": [ 75, 82 ], "text": "Keep left", "time": 27461, "street_name": "" }, { "distance": 280.777, "sign": -2, "interval": [ 82, 91 ], "text": "Turn left onto Avenida Carlos Caldeira Filho", "time": 56154, "street_name": "Avenida Carlos Caldeira Filho" }, { "street_ref": "SP-228", "distance": 128.435, "sign": -2, "interval": [ 91, 94 ], "text": "Turn left onto Estrada de Itapecerica", "time": 24508, "street_name": "Estrada de Itapecerica" }, { "distance": 30.389, "sign": -2, "interval": [ 94, 96 ], "text": "Turn left", "time": 27350, "street_name": "" }, { "street_ref": "SP-228", "distance": 29.004, "sign": -2, "interval": [ 96, 98 ], "text": "Turn left onto Estrada de Itapecerica", "time": 5800, "street_name": "Estrada de Itapecerica" }, { "distance": 11.419, "sign": 2, "interval": [ 98, 99 ], "text": "Turn right", "time": 10277, "street_name": "" }, { "distance": 109.08, "sign": -1, "interval": [ 99, 104 ], "text": "Turn slight left", "time": 98172, "street_name": "" }, { "distance": 0.0, "sign": 4, "last_heading": 37.459980645653225, "interval": [ 104, 104 ], "text": "Arrive at destination", "time": 0, "street_name": "" } ], "legs": [ ], "details": { }, "ascend": 49.44134521484375, "descend": 88.244384765625, "snapped_waypoints": { "type": "LineString", "coordinates": [ [ -46.765682, -23.649014, 796.1 ], [ -46.767879, -23.659393, 757.3 ] ] } } ] }, "geometry": null },
{ "type": "Feature", "properties": { "hints": { "visited_nodes.sum": 56, "visited_nodes.average": 56.0 }, "info": { "copyrights": [ "GraphHopper", "OpenStreetMap contributors" ], "took": 1, "road_data_timestamp": "2024-09-03T15:00:00Z" }, "paths": [ { "distance": 1421.75, "weight": 310.658821, "time": 344830, "transfers": 0, "points_encoded": false, "bbox": [ -46.759104, -23.656905, -46.750885, -23.649505 ], "points": { "type": "LineString", "coordinates": [ [ -46.750885, -23.656905, 782.66 ], [ -46.751252, -23.656563, 779.59 ], [ -46.751429, -23.656353, 777.05 ], [ -46.75206, -23.65553, 768.42 ], [ -46.752182, -23.655392, 767.13 ], [ -46.752294, -23.655298, 766.13 ], [ -46.752453, -23.655204, 764.87 ], [ -46.752878, -23.654972, 762.12 ], [ -46.75372, -23.654632, 754.25 ], [ -46.754461, -23.654377, 756.42 ], [ -46.754881, -23.65425, 762.93 ], [ -46.754956, -23.654216, 764.34 ], [ -46.755038, -23.654144, 765.68 ], [ -46.755107, -23.654006, 767.66 ], [ -46.755146, -23.653852, 769.71 ], [ -46.755178, -23.653678, 771.8 ], [ -46.75522, -23.653634, 772.23 ], [ -46.755504, -23.653487, 774.46 ], [ -46.755547, -23.653452, 774.86 ], [ -46.755575, -23.65341, 775.22 ], [ -46.75559, -23.653364, 775.58 ], [ -46.755606, -23.653104, 777.53 ], [ -46.7556, -23.65305, 777.93 ], [ -46.75558, -23.653007, 778.28 ], [ -46.755531, -23.652937, 777.84 ], [ -46.756901, -23.651958, 771.78 ], [ -46.756366, -23.651352, 771.17 ], [ -46.757019, -23.650936, 761.15 ], [ -46.757158, -23.650869, 759.54 ], [ -46.758014, -23.650414, 751.94 ], [ -46.758589, -23.650095, 749.27 ], [ -46.758629, -23.649962, 748.7 ], [ -46.758629, -23.649939, 748.61 ], [ -46.7585, -23.649754, 748.5 ], [ -46.758161, -23.649892, 750.02 ], [ -46.758381, -23.649906, 750.71 ], [ -46.759043, -23.649567, 753.05 ], [ -46.759104, -23.649505, 753.22 ] ] }, "instructions": [ { "distance": 249.778, "heading": 315.46, "sign": 0, "interval": [ 0, 6 ], "text": "Continue onto Rua Canuto Luiz do Nascimento", "time": 45414, "street_name": "Rua Canuto Luiz do Nascimento" }, { "distance": 345.427, "sign": 0, "interval": [ 6, 15 ], "text": "Continue onto Rua Canuto Luiz do Nascimento", "time": 96611, "street_name": "Rua Canuto Luiz do Nascimento" }, { "distance": 105.996, "sign": -7, "interval": [ 15, 24 ], "text": "Keep left onto Rua Simão Santiago", "time": 23555, "street_name": "Rua Simão Santiago" }, { "distance": 177.292, "sign": -2, "interval": [ 24, 25 ], "text": "Turn left onto Rua José Lopes Pereira", "time": 33807, "street_name": "Rua José Lopes Pereira" }, { "distance": 86.757, "sign": 2, "interval": [ 25, 26 ], "text": "Turn right onto Rua Félix Fagundes", "time": 17352, "street_name": "Rua Félix Fagundes" }, { "distance": 267.331, "sign": -2, "interval": [ 26, 30 ], "text": "Turn left onto Rua Juan Gil", "time": 48737, "street_name": "Rua Juan Gil" }, { "distance": 17.908, "sign": 7, "interval": [ 30, 32 ], "text": "Keep right onto Rua Rogério de Paula Brito", "time": 3256, "street_name": "Rua Rogério de Paula Brito" }, { "distance": 24.385, "sign": 1, "interval": [ 32, 33 ], "text": "Turn slight right onto Avenida Carlos Caldeira Filho", "time": 4877, "street_name": "Avenida Carlos Caldeira Filho" }, { "distance": 146.876, "sign": 2, "interval": [ 33, 37 ], "text": "Turn right", "time": 71221, "street_name": "" }, { "distance": 0.0, "sign": 4, "last_heading": 317.4701847040378, "interval": [ 37, 37 ], "text": "Arrive at destination", "time": 0, "street_name": "" } ], "legs": [ ], "details": { }, "ascend": 30.54998779296875, "descend": 59.99847412109375, "snapped_waypoints": { "type": "LineString", "coordinates": [ [ -46.750885, -23.656905, 782.66 ], [ -46.759104, -23.649505, 753.22 ] ] } } ] }, "geometry": null },
{ "type": "Feature", "properties": { "hints": { "visited_nodes.sum": 54, "visited_nodes.average": 54.0 }, "info": { "copyrights": [ "GraphHopper", "OpenStreetMap contributors" ], "took": 2, "road_data_timestamp": "2024-09-03T15:00:00Z" }, "paths": [ { "distance": 3367.441, "weight": 658.139219, "time": 730800, "transfers": 0, "points_encoded": false, "bbox": [ -46.745803, -23.650294, -46.730895, -23.640523 ], "points": { "type": "LineString", "coordinates": [ [ -46.731509, -23.642051, 765.24 ], [ -46.731805, -23.642307, 762.38 ], [ -46.731921, -23.642331, 761.01 ], [ -46.732486, -23.642296, 754.51 ], [ -46.732572, -23.642273, 755.09 ], [ -46.732561, -23.642337, 754.33 ], [ -46.732389, -23.642817, 750.6 ], [ -46.732345, -23.642883, 750.03 ], [ -46.73231, -23.642909, 749.73 ], [ -46.732257, -23.64293, 749.33 ], [ -46.732162, -23.64294, 748.69 ], [ -46.731834, -23.642961, 746.46 ], [ -46.731737, -23.642956, 745.81 ], [ -46.731678, -23.642944, 746.86 ], [ -46.731617, -23.643022, 746.52 ], [ -46.73117, -23.643717, 743.62 ], [ -46.730895, -23.643752, 744.37 ], [ -46.730924, -23.64392, 744.26 ], [ -46.731184, -23.643877, 744.06 ], [ -46.731274, -23.644363, 750.17 ], [ -46.73122, -23.644392, 750.94 ], [ -46.731275, -23.644445, 751.27 ], [ -46.731468, -23.644353, 751.74 ], [ -46.731625, -23.644299, 752.11 ], [ -46.731723, -23.644274, 752.34 ], [ -46.731955, -23.644246, 752.87 ], [ -46.732059, -23.644283, 754.36 ], [ -46.732104, -23.644307, 755.06 ], [ -46.732185, -23.644368, 756.47 ], [ -46.73225, -23.644451, 757.96 ], [ -46.732264, -23.644501, 758.71 ], [ -46.732256, -23.644559, 759.57 ], [ -46.732055, -23.644872, 764.9 ], [ -46.73204, -23.644959, 766.18 ], [ -46.732045, -23.64501, 766.93 ], [ -46.732059, -23.645054, 767.6 ], [ -46.732105, -23.645115, 768.68 ], [ -46.73283, -23.645589, 772.8 ], [ -46.732889, -23.645643, 773.33 ], [ -46.73364, -23.646663, 779.8 ], [ -46.733894, -23.647027, 778.02 ], [ -46.733977, -23.647157, 777.88 ], [ -46.73428, -23.647687, 779.84 ], [ -46.734737, -23.648422, 783.03 ], [ -46.734951, -23.648743, 784.63 ], [ -46.735042, -23.648859, 785.63 ], [ -46.736072, -23.649853, 787.77 ], [ -46.736136, -23.649977, 787.9 ], [ -46.736151, -23.65009, 787.94 ], [ -46.736153, -23.650294, 788.01 ], [ -46.737096, -23.650096, 789.0 ], [ -46.737756, -23.64997, 791.99 ], [ -46.738306, -23.649834, 793.39 ], [ -46.739166, -23.649678, 797.48 ], [ -46.739178, -23.649447, 799.69 ], [ -46.739158, -23.649035, 803.22 ], [ -46.739146, -23.648405, 802.13 ], [ -46.73904, -23.645418, 796.93 ], [ -46.739591, -23.645389, 794.99 ], [ -46.73941, -23.644441, 793.21 ], [ -46.739415, -23.644409, 793.16 ], [ -46.739446, -23.64439, 792.81 ], [ -46.739854, -23.644345, 788.48 ], [ -46.739686, -23.643372, 782.83 ], [ -46.740038, -23.643315, 780.47 ], [ -46.740561, -23.643243, 776.98 ], [ -46.741437, -23.643101, 767.82 ], [ -46.741366, -23.642678, 766.09 ], [ -46.741361, -23.642533, 765.22 ], [ -46.741558, -23.642089, 760.17 ], [ -46.741722, -23.641746, 754.81 ], [ -46.741947, -23.641752, 753.56 ], [ -46.742596, -23.641861, 749.86 ], [ -46.742656, -23.641865, 749.53 ], [ -46.742706, -23.641867, 749.26 ], [ -46.743064, -23.641823, 747.27 ], [ -46.743428, -23.64173, 745.18 ], [ -46.7438, -23.641584, 744.0 ], [ -46.744204, -23.64145, 744.41 ], [ -46.745016, -23.641203, 745.29 ], [ -46.74541, -23.641092, 745.08 ], [ -46.745803, -23.640965, 744.59 ], [ -46.74552, -23.640523, 744.31 ] ] }, "instructions": [ { "distance": 120.902, "heading": 226.63, "sign": 0, "interval": [ 0, 4 ], "text": "Continue onto Rua João de Araújo Cabral", "time": 21982, "street_name": "Rua João de Araújo Cabral" }, { "distance": 142.189, "sign": -3, "interval": [ 4, 13 ], "text": "Turn sharp left onto Rua Afonso Vidal", "time": 25986, "street_name": "Rua Afonso Vidal" }, { "distance": 100.408, "sign": 2, "interval": [ 13, 15 ], "text": "Turn right onto Rua Afonso Vidal", "time": 20082, "street_name": "Rua Afonso Vidal" }, { "distance": 28.293, "sign": -2, "interval": [ 15, 16 ], "text": "Turn left onto Rua Itapaiúna", "time": 5659, "street_name": "Rua Itapaiúna" }, { "distance": 115.601, "sign": 2, "interval": [ 16, 21 ], "text": "Turn right", "time": 78369, "street_name": "" }, { "distance": 73.438, "sign": 2, "interval": [ 21, 25 ], "text": "Turn right onto Avenida João Dias", "time": 14688, "street_name": "Avenida João Dias" }, { "distance": 843.769, "sign": -7, "interval": [ 25, 49 ], "text": "Keep left onto Rua Luís Grassman", "time": 181052, "street_name": "Rua Luís Grassman" }, { "distance": 314.67, "sign": 2, "interval": [ 49, 53 ], "text": "Turn right onto Rua João Meimberg", "time": 66445, "street_name": "Rua João Meimberg" }, { "distance": 474.321, "sign": 2, "interval": [ 53, 57 ], "text": "Turn right onto Rua Francisco Xavier de Abreu", "time": 98457, "street_name": "Rua Francisco Xavier de Abreu" }, { "distance": 56.241, "sign": -2, "interval": [ 57, 58 ], "text": "Turn left onto Rua João Batista Jordão", "time": 10800, "street_name": "Rua João Batista Jordão" }, { "distance": 156.528, "sign": 2, "interval": [ 58, 62 ], "text": "Turn right onto Rua Bernardino Estazione", "time": 30472, "street_name": "Rua Bernardino Estazione" }, { "distance": 109.622, "sign": 2, "interval": [ 62, 63 ], "text": "Turn right onto Rua Aristódemo Gazotti", "time": 19931, "street_name": "Rua Aristódemo Gazotti" }, { "distance": 181.572, "sign": -2, "interval": [ 63, 66 ], "text": "Turn left onto Rua Antônio Mulatti", "time": 33013, "street_name": "Rua Antônio Mulatti" }, { "distance": 117.362, "sign": 2, "interval": [ 66, 69 ], "text": "Turn right onto Rua Tenente Isaias Branco Araújo", "time": 21338, "street_name": "Rua Tenente Isaias Branco Araújo" }, { "distance": 41.937, "sign": 0, "interval": [ 69, 70 ], "text": "Continue onto Rua Amaro Antônio Rosa", "time": 7625, "street_name": "Rua Amaro Antônio Rosa" }, { "distance": 433.607, "sign": -2, "interval": [ 70, 81 ], "text": "Turn left onto Avenida das Belezas", "time": 83505, "street_name": "Avenida das Belezas" }, { "distance": 56.982, "sign": 2, "interval": [ 81, 82 ], "text": "Turn right onto Rua Miguel da Silva", "time": 11396, "street_name": "Rua Miguel da Silva" }, { "distance": 0.0, "sign": 4, "last_heading": 30.464165967105867, "interval": [ 82, 82 ], "text": "Arrive at destination", "time": 0, "street_name": "" } ], "legs": [ ], "details": { }, "ascend": 66.22705078125, "descend": 87.16204833984375, "snapped_waypoints": { "type": "LineString", "coordinates": [ [ -46.731509, -23.642051, 765.24 ], [ -46.74552, -23.640523, 744.31 ] ] } } ] }, "geometry": null },
{ "type": "Feature", "properties": { "hints": { "visited_nodes.sum": 100, "visited_nodes.average": 100.0 }, "info": { "copyrights": [ "GraphHopper", "OpenStreetMap contributors" ], "took": 1, "road_data_timestamp": "2024-09-03T15:00:00Z" }, "paths": [ { "distance": 4172.11, "weight": 863.426808, "time": 892975, "transfers": 0, "points_encoded": false, "bbox": [ -46.735534, -23.647184, -46.726769, -23.630869 ], "points": { "type": "LineString", "coordinates": [ [ -46.733716, -23.6323, 786.64 ], [ -46.733834, -23.632727, 784.79 ], [ -46.733854, -23.632828, 784.4 ], [ -46.733843, -23.632889, 784.17 ], [ -46.733819, -23.632944, 784.52 ], [ -46.733765, -23.633019, 785.4 ], [ -46.733694, -23.633092, 786.65 ], [ -46.733622, -23.633133, 783.85 ], [ -46.73354, -23.633162, 784.76 ], [ -46.733396, -23.633185, 786.28 ], [ -46.733357, -23.633185, 786.69 ], [ -46.733288, -23.63317, 787.42 ], [ -46.733193, -23.633136, 788.48 ], [ -46.733124, -23.633078, 789.45 ], [ -46.733065, -23.632979, 790.72 ], [ -46.733035, -23.632889, 791.79 ], [ -46.733017, -23.632802, 792.79 ], [ -46.732952, -23.632105, 798.05 ], [ -46.732928, -23.631721, 798.55 ], [ -46.732926, -23.631589, 798.72 ], [ -46.732952, -23.631419, 798.94 ], [ -46.732993, -23.631266, 799.14 ], [ -46.732814, -23.631286, 797.9 ], [ -46.732738, -23.631304, 797.33 ], [ -46.732242, -23.631488, 793.46 ], [ -46.732051, -23.631571, 791.93 ], [ -46.731922, -23.63159, 790.99 ], [ -46.731794, -23.631579, 790.56 ], [ -46.731709, -23.631532, 790.17 ], [ -46.731591, -23.631453, 789.6 ], [ -46.7315, -23.63137, 789.1 ], [ -46.73137, -23.631281, 788.46 ], [ -46.731012, -23.631099, 786.86 ], [ -46.730948, -23.631049, 786.53 ], [ -46.730848, -23.631102, 785.21 ], [ -46.730777, -23.631151, 784.18 ], [ -46.730625, -23.6313, 781.64 ], [ -46.73054, -23.631406, 779.99 ], [ -46.730479, -23.631514, 778.46 ], [ -46.730372, -23.63175, 775.26 ], [ -46.730322, -23.631979, 772.34 ], [ -46.730288, -23.632064, 771.21 ], [ -46.730221, -23.632154, 770.38 ], [ -46.729655, -23.632108, 766.92 ], [ -46.729615, -23.632097, 766.65 ], [ -46.729518, -23.632051, 765.94 ], [ -46.72947, -23.632017, 765.56 ], [ -46.729379, -23.63189, 765.44 ], [ -46.729367, -23.631834, 765.8 ], [ -46.729374, -23.631796, 766.04 ], [ -46.729401, -23.631726, 766.5 ], [ -46.729565, -23.631446, 768.49 ], [ -46.729746, -23.631161, 770.56 ], [ -46.729806, -23.63102, 771.51 ], [ -46.729831, -23.630869, 772.47 ], [ -46.729368, -23.631061, 765.21 ], [ -46.729183, -23.63113, 762.36 ], [ -46.728999, -23.631178, 759.64 ], [ -46.728801, -23.631208, 756.78 ], [ -46.72851, -23.631231, 752.61 ], [ -46.728374, -23.631232, 750.92 ], [ -46.728175, -23.631203, 748.74 ], [ -46.727978, -23.631217, 746.45 ], [ -46.727888, -23.63126, 745.24 ], [ -46.727687, -23.632444, 743.43 ], [ -46.72767, -23.63313, 745.3 ], [ -46.727655, -23.633361, 746.76 ], [ -46.727644, -23.633486, 747.52 ], [ -46.727499, -23.634368, 753.62 ], [ -46.727503, -23.634474, 754.48 ], [ -46.727532, -23.634502, 755.19 ], [ -46.727532, -23.634577, 755.9 ], [ -46.727377, -23.634618, 753.59 ], [ -46.727339, -23.634653, 753.14 ], [ -46.727322, -23.63476, 753.42 ], [ -46.727176, -23.634864, 749.95 ], [ -46.727111, -23.6349, 748.51 ], [ -46.727058, -23.634906, 747.61 ], [ -46.727042, -23.634988, 746.93 ], [ -46.726927, -23.634972, 745.44 ], [ -46.726869, -23.634995, 745.0 ], [ -46.726997, -23.635284, 744.64 ], [ -46.727078, -23.635794, 742.09 ], [ -46.727074, -23.636111, 740.5 ], [ -46.727021, -23.636506, 738.92 ], [ -46.726946, -23.636764, 738.38 ], [ -46.72684, -23.637041, 737.78 ], [ -46.72677, -23.637297, 739.13 ], [ -46.726769, -23.637358, 739.46 ], [ -46.726797, -23.637486, 740.17 ], [ -46.726976, -23.637964, 741.73 ], [ -46.727361, -23.638864, 738.68 ], [ -46.727387, -23.638951, 738.37 ], [ -46.727411, -23.639129, 737.76 ], [ -46.727397, -23.639319, 737.11 ], [ -46.727302, -23.639893, 735.13 ], [ -46.727234, -23.640465, 733.17 ], [ -46.727373, -23.640554, 732.22 ], [ -46.727467, -23.64058, 731.65 ], [ -46.727554, -23.640587, 731.14 ], [ -46.727573, -23.640602, 731.19 ], [ -46.727531, -23.640685, 731.38 ], [ -46.727424, -23.640824, 731.7 ], [ -46.727428, -23.640976, 731.66 ], [ -46.727468, -23.641215, 731.89 ], [ -46.72751, -23.641337, 732.02 ], [ -46.72786, -23.642053, 732.8 ], [ -46.728006, -23.642234, 734.71 ], [ -46.728905, -23.64319, 745.94 ], [ -46.728713, -23.643363, 742.05 ], [ -46.729291, -23.64392, 743.48 ], [ -46.729703, -23.644299, 741.2 ], [ -46.729808, -23.644471, 740.36 ], [ -46.729934, -23.644742, 739.1 ], [ -46.729987, -23.644944, 738.34 ], [ -46.730051, -23.644998, 738.45 ], [ -46.730124, -23.645034, 738.55 ], [ -46.730215, -23.645058, 738.67 ], [ -46.730335, -23.64504, 740.34 ], [ -46.730393, -23.645014, 741.23 ], [ -46.73044, -23.644979, 742.06 ], [ -46.730474, -23.644932, 742.91 ], [ -46.730498, -23.64488, 743.75 ], [ -46.730503, -23.644814, 744.06 ], [ -46.730542, -23.644779, 744.8 ], [ -46.730589, -23.644751, 745.55 ], [ -46.730681, -23.644709, 746.92 ], [ -46.731165, -23.644511, 751.2 ], [ -46.731275, -23.644445, 751.27 ], [ -46.731468, -23.644353, 751.74 ], [ -46.731625, -23.644299, 752.11 ], [ -46.731723, -23.644274, 752.34 ], [ -46.731955, -23.644246, 752.87 ], [ -46.732059, -23.644283, 754.36 ], [ -46.732104, -23.644307, 755.06 ], [ -46.732185, -23.644368, 756.47 ], [ -46.73225, -23.644451, 757.96 ], [ -46.732264, -23.644501, 758.71 ], [ -46.732256, -23.644559, 759.57 ], [ -46.732055, -23.644872, 764.9 ], [ -46.73204, -23.644959, 766.18 ], [ -46.732045, -23.64501, 766.93 ], [ -46.732059, -23.645054, 767.6 ], [ -46.732105, -23.645115, 768.68 ], [ -46.73283, -23.645589, 772.8 ], [ -46.732889, -23.645643, 773.33 ], [ -46.73364, -23.646663, 779.8 ], [ -46.734294, -23.646254, 768.64 ], [ -46.734353, -23.646237, 767.77 ], [ -46.734426, -23.646235, 766.71 ], [ -46.734509, -23.646267, 766.48 ], [ -46.734536, -23.646292, 766.37 ], [ -46.734908, -23.646781, 764.92 ], [ -46.735124, -23.647039, 764.49 ], [ -46.735157, -23.647065, 764.43 ], [ -46.735424, -23.647184, 764.08 ], [ -46.735534, -23.64697, 763.01 ], [ -46.735266, -23.646186, 759.02 ], [ -46.733952, -23.644426, 748.68 ], [ -46.73395, -23.644394, 748.29 ], [ -46.734208, -23.644365, 746.21 ], [ -46.73413, -23.643959, 743.23 ] ] }, "instructions": [ { "distance": 364.171, "heading": 192.62, "sign": 0, "interval": [ 0, 21 ], "text": "Continue onto Rua Itapimirum", "time": 79285, "street_name": "Rua Itapimirum" }, { "distance": 115.941, "sign": 3, "interval": [ 21, 26 ], "text": "Turn sharp right onto Rua Janga", "time": 21080, "street_name": "Rua Janga" }, { "distance": 118.116, "sign": -1, "interval": [ 26, 33 ], "text": "Turn slight left onto Rua Itajará", "time": 21476, "street_name": "Rua Itajará" }, { "distance": 149.084, "sign": 2, "interval": [ 33, 42 ], "text": "Turn right onto Rua Itapecoca", "time": 27106, "street_name": "Rua Itapecoca" }, { "distance": 221.5, "sign": -2, "interval": [ 42, 54 ], "text": "Turn left onto Rua Fábio Lopes dos Santos Luz", "time": 45763, "street_name": "Rua Fábio Lopes dos Santos Luz" }, { "distance": 177.785, "sign": 3, "interval": [ 54, 61 ], "text": "Turn sharp right onto Rua Deputado João Sussumu Hirata", "time": 32325, "street_name": "Rua Deputado João Sussumu Hirata" }, { "distance": 30.668, "sign": 7, "interval": [ 61, 63 ], "text": "Keep right onto Rua Deputado João Sussumu Hirata and drive toward Paraisopolis", "time": 5576, "street_destination": "Paraisopolis", "street_name": "Rua Deputado João Sussumu Hirata" }, { "distance": 360.603, "sign": 2, "interval": [ 63, 69 ], "text": "Turn right onto Rua Itapaiúna", "time": 74862, "street_name": "Rua Itapaiúna" }, { "distance": 4.412, "sign": 7, "interval": [ 69, 70 ], "text": "Keep right and drive toward Campo Limpo", "time": 882, "street_destination": "Campo Limpo", "street_name": "" }, { "distance": 102.621, "sign": -7, "interval": [ 70, 80 ], "text": "Keep left", "time": 19840, "street_name": "" }, { "distance": 34.638, "sign": 2, "interval": [ 80, 81 ], "text": "Turn right and drive toward Parque Burle Marx", "time": 6928, "street_destination": "Parque Burle Marx", "street_name": "" }, { "distance": 593.598, "sign": -1, "interval": [ 81, 96 ], "text": "Turn slight left onto Rua Itapaiúna", "time": 117806, "street_name": "Rua Itapaiúna" }, { "distance": 213.167, "sign": 2, "interval": [ 96, 106 ], "text": "Turn right", "time": 41976, "street_name": "" }, { "distance": 165.83, "sign": 1, "interval": [ 106, 108 ], "text": "Turn slight right onto Rua Itapaiúna", "time": 41230, "street_name": "Rua Itapaiúna" }, { "distance": 27.711, "sign": -2, "interval": [ 108, 109 ], "text": "Turn left", "time": 7557, "street_name": "" }, { "distance": 222.823, "sign": 2, "interval": [ 109, 114 ], "text": "Turn right onto Avenida Maria Coelho de Aguiar", "time": 42067, "street_name": "Avenida Maria Coelho de Aguiar" }, { "distance": 94.171, "sign": 7, "interval": [ 114, 126 ], "text": "Keep right onto Avenida Maria Coelho de Aguiar", "time": 45732, "street_name": "Avenida Maria Coelho de Aguiar" }, { "distance": 141.045, "sign": 0, "interval": [ 126, 132 ], "text": "Continue onto Avenida João Dias", "time": 29885, "street_name": "Avenida João Dias" }, { "distance": 357.444, "sign": -7, "interval": [ 132, 146 ], "text": "Keep left onto Rua Luís Grassman", "time": 82697, "street_name": "Rua Luís Grassman" }, { "distance": 245.468, "sign": 2, "interval": [ 146, 155 ], "text": "Turn right onto Rua Manuel Manso de Avelar", "time": 47361, "street_name": "Rua Manuel Manso de Avelar" }, { "distance": 26.326, "sign": 2, "interval": [ 155, 156 ], "text": "Turn right onto Rua Anísio da Mota", "time": 4787, "street_name": "Rua Anísio da Mota" }, { "distance": 328.838, "sign": 1, "interval": [ 156, 158 ], "text": "Turn slight right onto Rua Vitalina Grassman", "time": 59788, "street_name": "Rua Vitalina Grassman" }, { "distance": 3.571, "sign": -7, "interval": [ 158, 159 ], "text": "Keep left onto Rua Vitalina Grassman", "time": 2571, "street_name": "Rua Vitalina Grassman" }, { "distance": 72.579, "sign": -2, "interval": [ 159, 161 ], "text": "Turn left", "time": 34395, "street_name": "" }, { "distance": 0.0, "sign": 4, "last_heading": 10.783065704362093, "interval": [ 161, 161 ], "text": "Arrive at destination", "time": 0, "street_name": "" } ], "legs": [ ], "details": { }, "ascend": 100.70440673828125, "descend": 144.10888671875, "snapped_waypoints": { "type": "LineString", "coordinates": [ [ -46.733716, -23.6323, 786.64 ], [ -46.73413, -23.643959, 743.23 ] ] } } ] }, "geometry": null },
{ "type": "Feature", "properties": { "hints": { "visited_nodes.sum": 142, "visited_nodes.average": 142.0 }, "info": { "copyrights": [ "GraphHopper", "OpenStreetMap contributors" ], "took": 1, "road_data_timestamp": "2024-09-03T15:00:00Z" }, "paths": [ { "distance": 8405.314, "weight": 1638.622156, "time": 1861884, "transfers": 0, "points_encoded": false, "bbox": [ -46.738386, -23.658164, -46.718685, -23.632993 ], "points": { "type": "LineString", "coordinates": [ [ -46.725951, -23.655885, 752.99 ], [ -46.72612, -23.655818, 752.99 ], [ -46.726121, -23.655532, 750.91 ], [ -46.726706, -23.655294, 754.28 ], [ -46.726754, -23.655314, 752.62 ], [ -46.726846, -23.655337, 753.98 ], [ -46.726967, -23.65533, 755.7 ], [ -46.727023, -23.655337, 756.5 ], [ -46.72707, -23.655367, 757.32 ], [ -46.727137, -23.65543, 758.69 ], [ -46.727449, -23.655768, 765.56 ], [ -46.727648, -23.655921, 769.26 ], [ -46.727755, -23.656024, 771.46 ], [ -46.727836, -23.656123, 773.39 ], [ -46.727926, -23.656251, 775.75 ], [ -46.728039, -23.656462, 779.4 ], [ -46.728114, -23.656655, 782.58 ], [ -46.72817, -23.656841, 785.57 ], [ -46.728217, -23.65709, 789.5 ], [ -46.728276, -23.657507, 789.38 ], [ -46.72833, -23.657724, 789.31 ], [ -46.728394, -23.657903, 789.26 ], [ -46.728508, -23.658164, 789.17 ], [ -46.72885, -23.658051, 788.12 ], [ -46.730292, -23.657505, 784.59 ], [ -46.731024, -23.657083, 782.63 ], [ -46.73107, -23.657026, 783.47 ], [ -46.731065, -23.65699, 784.36 ], [ -46.731086, -23.656957, 784.94 ], [ -46.731125, -23.656944, 785.0 ], [ -46.731165, -23.656955, 784.96 ], [ -46.731214, -23.656842, 786.28 ], [ -46.731886, -23.655766, 799.89 ], [ -46.73285, -23.654419, 779.25 ], [ -46.733045, -23.654141, 774.2 ], [ -46.733276, -23.653787, 767.57 ], [ -46.733423, -23.653615, 764.05 ], [ -46.7336, -23.65344, 760.22 ], [ -46.733737, -23.653332, 757.55 ], [ -46.733992, -23.653152, 752.8 ], [ -46.734077, -23.653167, 752.91 ], [ -46.73426, -23.653179, 753.13 ], [ -46.734482, -23.653179, 752.8 ], [ -46.734685, -23.653155, 750.91 ], [ -46.734864, -23.653176, 749.77 ], [ -46.735208, -23.653251, 747.55 ], [ -46.735655, -23.653336, 748.56 ], [ -46.735764, -23.65334, 748.94 ], [ -46.73612, -23.653333, 750.07 ], [ -46.736052, -23.653193, 749.16 ], [ -46.735922, -23.653027, 749.0 ], [ -46.735991, -23.652923, 749.34 ], [ -46.736083, -23.65284, 750.32 ], [ -46.736186, -23.652782, 751.25 ], [ -46.736281, -23.652751, 752.02 ], [ -46.736392, -23.652733, 752.89 ], [ -46.738369, -23.652605, 768.03 ], [ -46.738381, -23.652328, 768.86 ], [ -46.738386, -23.651235, 778.31 ], [ -46.738369, -23.650906, 781.98 ], [ -46.738273, -23.650414, 787.42 ], [ -46.738129, -23.649879, 792.95 ], [ -46.737756, -23.64997, 791.99 ], [ -46.73764, -23.6499, 791.11 ], [ -46.737278, -23.649717, 788.49 ], [ -46.737181, -23.64965, 787.72 ], [ -46.737069, -23.649555, 786.75 ], [ -46.736635, -23.649109, 782.71 ], [ -46.736456, -23.648912, 780.53 ], [ -46.735592, -23.649388, 785.97 ], [ -46.735042, -23.648859, 785.63 ], [ -46.734951, -23.648743, 784.63 ], [ -46.734737, -23.648422, 783.03 ], [ -46.73428, -23.647687, 779.84 ], [ -46.733977, -23.647157, 777.88 ], [ -46.733894, -23.647027, 778.02 ], [ -46.73364, -23.646663, 779.8 ], [ -46.732889, -23.645643, 773.33 ], [ -46.73283, -23.645589, 772.8 ], [ -46.732105, -23.645115, 768.68 ], [ -46.732059, -23.645054, 767.6 ], [ -46.732045, -23.64501, 766.93 ], [ -46.73204, -23.644959, 766.18 ], [ -46.732055, -23.644872, 764.9 ], [ -46.732256, -23.644559, 759.57 ], [ -46.732264, -23.644501, 758.71 ], [ -46.73225, -23.644451, 757.96 ], [ -46.732185, -23.644368, 756.47 ], [ -46.732104, -23.644307, 755.06 ], [ -46.732059, -23.644283, 754.36 ], [ -46.731955, -23.644246, 752.87 ], [ -46.731723, -23.644274, 752.34 ], [ -46.731625, -23.644299, 752.11 ], [ -46.731468, -23.644353, 751.74 ], [ -46.731275, -23.644445, 751.27 ], [ -46.73122, -23.644392, 750.94 ], [ -46.731274, -23.644363, 750.17 ], [ -46.731184, -23.643877, 744.06 ], [ -46.730924, -23.64392, 744.26 ], [ -46.730895, -23.643752, 744.37 ], [ -46.730309, -23.643823, 744.82 ], [ -46.729983, -23.643842, 745.06 ], [ -46.72985, -23.643834, 745.16 ], [ -46.729753, -23.643817, 745.24 ], [ -46.729626, -23.643777, 745.34 ], [ -46.729512, -23.643725, 745.43 ], [ -46.729352, -23.643621, 745.58 ], [ -46.729212, -23.643512, 745.72 ], [ -46.728006, -23.642234, 734.71 ], [ -46.72786, -23.642053, 732.8 ], [ -46.72751, -23.641337, 732.02 ], [ -46.727468, -23.641215, 731.89 ], [ -46.727428, -23.640976, 731.66 ], [ -46.727424, -23.640824, 731.7 ], [ -46.727531, -23.640685, 731.38 ], [ -46.727573, -23.640602, 731.19 ], [ -46.727554, -23.640587, 731.14 ], [ -46.727467, -23.64058, 731.65 ], [ -46.727373, -23.640554, 732.22 ], [ -46.727234, -23.640465, 733.17 ], [ -46.727196, -23.640478, 733.19 ], [ -46.727175, -23.640712, 733.31 ], [ -46.727145, -23.640778, 733.35 ], [ -46.727099, -23.640844, 733.39 ], [ -46.727033, -23.640895, 733.43 ], [ -46.726967, -23.640921, 733.46 ], [ -46.726913, -23.640924, 733.49 ], [ -46.726846, -23.640901, 733.53 ], [ -46.726784, -23.640862, 733.56 ], [ -46.726657, -23.640706, 733.47 ], [ -46.726255, -23.640139, 745.44 ], [ -46.726025, -23.63984, 751.9 ], [ -46.725566, -23.639277, 756.96 ], [ -46.724906, -23.638602, 763.47 ], [ -46.724012, -23.637609, 765.32 ], [ -46.723492, -23.63689, 761.6 ], [ -46.723294, -23.636593, 760.11 ], [ -46.722938, -23.63617, 754.53 ], [ -46.722543, -23.635761, 748.81 ], [ -46.722192, -23.635412, 743.86 ], [ -46.722128, -23.635362, 743.07 ], [ -46.722033, -23.635418, 741.49 ], [ -46.721998, -23.635424, 740.94 ], [ -46.721972, -23.635419, 740.53 ], [ -46.721694, -23.635103, 738.76 ], [ -46.721442, -23.634838, 737.84 ], [ -46.720213, -23.633477, 733.46 ], [ -46.72008, -23.633347, 733.06 ], [ -46.719957, -23.633264, 732.74 ], [ -46.719708, -23.633152, 732.14 ], [ -46.719576, -23.633114, 731.83 ], [ -46.719427, -23.63309, 731.49 ], [ -46.719226, -23.633093, 731.03 ], [ -46.719032, -23.633121, 730.56 ], [ -46.718804, -23.633192, 729.97 ], [ -46.718685, -23.633058, 730.3 ], [ -46.718771, -23.632993, 730.35 ], [ -46.718867, -23.633102, 730.36 ], [ -46.719012, -23.633368, 730.38 ], [ -46.71904, -23.633464, 730.39 ], [ -46.719233, -23.633623, 730.41 ], [ -46.720217, -23.63468, 730.5 ], [ -46.722469, -23.637055, 732.64 ], [ -46.724272, -23.639036, 742.25 ], [ -46.724687, -23.63933, 744.01 ], [ -46.724767, -23.639415, 743.26 ], [ -46.725077, -23.639871, 739.67 ], [ -46.725946, -23.641378, 728.27 ], [ -46.726001, -23.641439, 727.73 ], [ -46.726059, -23.641473, 727.4 ], [ -46.726379, -23.641567, 728.4 ], [ -46.726557, -23.64163, 728.98 ], [ -46.726625, -23.641674, 729.22 ], [ -46.726668, -23.641744, 729.49 ], [ -46.726802, -23.642073, 730.64 ], [ -46.726877, -23.642378, 731.66 ], [ -46.726968, -23.643119, 734.1 ], [ -46.727013, -23.643431, 735.13 ], [ -46.727039, -23.64376, 735.43 ], [ -46.727013, -23.643896, 735.2 ], [ -46.72697, -23.643971, 735.03 ], [ -46.726948, -23.644038, 734.89 ], [ -46.726923, -23.644252, 734.45 ], [ -46.726893, -23.644288, 734.36 ], [ -46.726809, -23.644351, 734.15 ], [ -46.726731, -23.644362, 733.77 ], [ -46.726702, -23.644385, 733.58 ], [ -46.726685, -23.644418, 733.39 ], [ -46.726661, -23.644534, 732.76 ], [ -46.726688, -23.644853, 731.41 ], [ -46.726771, -23.645336, 731.71 ], [ -46.726893, -23.64645, 732.39 ], [ -46.726851, -23.647243, 732.88 ], [ -46.726709, -23.648176, 733.45 ], [ -46.726437, -23.649118, 734.05 ], [ -46.726065, -23.649772, 734.43 ], [ -46.72592, -23.649977, 734.0 ], [ -46.725708, -23.650312, 733.31 ], [ -46.72526, -23.650869, 732.09 ], [ -46.72416, -23.65218, 729.17 ], [ -46.72296, -23.653577, 727.82 ], [ -46.721326, -23.655557, 730.94 ], [ -46.721268, -23.655662, 731.09 ], [ -46.721216, -23.655826, 731.33 ] ] }, "instructions": [ { "distance": 50.532, "heading": 293.44, "sign": 0, "interval": [ 0, 2 ], "text": "Continue", "time": 27419, "street_name": "" }, { "distance": 65.361, "sign": -2, "interval": [ 2, 3 ], "text": "Turn left", "time": 21787, "street_name": "" }, { "distance": 395.926, "sign": -2, "interval": [ 3, 22 ], "text": "Turn left onto Travessa do Carteiro", "time": 98982, "street_name": "Travessa do Carteiro" }, { "distance": 37.048, "sign": 2, "interval": [ 22, 23 ], "text": "Turn right onto Travessa do Carteiro", "time": 7410, "street_name": "Travessa do Carteiro" }, { "distance": 247.114, "sign": 0, "interval": [ 23, 25 ], "text": "Continue onto Rua José Joaquim Esteves", "time": 49423, "street_name": "Rua José Joaquim Esteves" }, { "distance": 7.849, "sign": 7, "interval": [ 25, 26 ], "text": "Keep right onto Rua José Joaquim Esteves", "time": 1570, "street_name": "Rua José Joaquim Esteves" }, { "exit_number": 5, "distance": 169.112, "sign": 6, "exited": true, "turn_angle": -2.88, "interval": [ 26, 32 ], "text": "At roundabout, take exit 5 onto Rua Satulnino de Oliveira", "time": 41429, "street_name": "Rua Satulnino de Oliveira" }, { "distance": 180.221, "sign": 0, "interval": [ 32, 33 ], "text": "Continue onto Rua Satulnino de Oliveira", "time": 32767, "street_name": "Rua Satulnino de Oliveira" }, { "distance": 186.534, "sign": 0, "interval": [ 33, 39 ], "text": "Continue onto Rua Satulnino de Oliveira", "time": 33915, "street_name": "Rua Satulnino de Oliveira" }, { "distance": 50.071, "sign": -2, "interval": [ 39, 42 ], "text": "Turn left onto Rua Geraldo Fraga de Oliveira", "time": 10014, "street_name": "Rua Geraldo Fraga de Oliveira" }, { "distance": 169.392, "sign": 7, "interval": [ 42, 48 ], "text": "Keep right onto Rua Geraldo Fraga de Oliveira", "time": 32507, "street_name": "Rua Geraldo Fraga de Oliveira" }, { "distance": 39.822, "sign": 3, "interval": [ 48, 50 ], "text": "Turn sharp right onto Rua Arlindo Fraga de Oliveira", "time": 7655, "street_name": "Rua Arlindo Fraga de Oliveira" }, { "distance": 263.318, "sign": -2, "interval": [ 50, 56 ], "text": "Turn left onto Rua Arraial dos Couros", "time": 58515, "street_name": "Rua Arraial dos Couros" }, { "distance": 307.016, "sign": 2, "interval": [ 56, 61 ], "text": "Turn right onto Rua João Brito de Araújo", "time": 73318, "street_name": "Rua João Brito de Araújo" }, { "distance": 39.32, "sign": 2, "interval": [ 61, 62 ], "text": "Turn right onto Rua João Meimberg", "time": 7864, "street_name": "Rua João Meimberg" }, { "distance": 179.43, "sign": -2, "interval": [ 62, 68 ], "text": "Turn left onto Rua Inácio Dias de Oliveira", "time": 32624, "street_name": "Rua Inácio Dias de Oliveira" }, { "distance": 102.815, "sign": 2, "interval": [ 68, 69 ], "text": "Turn right onto Rua Georges Arie", "time": 22848, "street_name": "Rua Georges Arie" }, { "distance": 722.078, "sign": -2, "interval": [ 69, 90 ], "text": "Turn left onto Rua Luís Grassman", "time": 138229, "street_name": "Rua Luís Grassman" }, { "distance": 73.438, "sign": 1, "interval": [ 90, 94 ], "text": "Turn slight right onto Avenida João Dias", "time": 14688, "street_name": "Avenida João Dias" }, { "distance": 115.601, "sign": -2, "interval": [ 94, 99 ], "text": "Turn left", "time": 68248, "street_name": "" }, { "distance": 395.896, "sign": 2, "interval": [ 99, 109 ], "text": "Turn right onto Rua Itapaiúna", "time": 76246, "street_name": "Rua Itapaiúna" }, { "distance": 145.297, "sign": -7, "interval": [ 109, 113 ], "text": "Keep left onto Rua Itapaiuva", "time": 29060, "street_name": "Rua Itapaiuva" }, { "distance": 67.87, "sign": -7, "interval": [ 113, 119 ], "text": "Keep left", "time": 14378, "street_name": "" }, { "distance": 861.804, "sign": 2, "interval": [ 119, 140 ], "text": "Turn right onto Calçada Compartilhada Avenida Maj. Sylvio Magalhães Padilha", "time": 172361, "street_name": "Calçada Compartilhada Avenida Maj. Sylvio Magalhães Padilha" }, { "distance": 456.946, "sign": 2, "interval": [ 140, 154 ], "text": "Turn right onto Calçada Partilhada Ponte Laguna", "time": 91019, "street_name": "Calçada Partilhada Ponte Laguna" }, { "distance": 30.577, "sign": -2, "interval": [ 154, 156 ], "text": "Turn left onto Acesso à Ciclovia do Rio Pinheiros (Margem Oeste)", "time": 6115, "street_name": "Acesso à Ciclovia do Rio Pinheiros (Margem Oeste)" }, { "distance": 2208.084, "sign": -2, "interval": [ 156, 195 ], "text": "Turn left onto Ciclovia do Rio Pinheiros (Margem Oeste)", "time": 440440, "street_name": "Ciclovia do Rio Pinheiros (Margem Oeste)" }, { "distance": 836.842, "sign": -7, "interval": [ 195, 203 ], "text": "Keep left", "time": 251053, "street_name": "" }, { "distance": 0.0, "sign": 4, "last_heading": 163.5622617759961, "interval": [ 203, 203 ], "text": "Arrive at destination", "time": 0, "street_name": "" } ], "legs": [ ], "details": { }, "ascend": 177.982421875, "descend": 199.6439208984375, "snapped_waypoints": { "type": "LineString", "coordinates": [ [ -46.725951, -23.655885, 752.99 ], [ -46.721216, -23.655826, 731.33 ] ] } } ] }, "geometry": null },
{ "type": "Feature", "properties": { "hints": { "visited_nodes.sum": 168, "visited_nodes.average": 168.0 }, "info": { "copyrights": [ "GraphHopper", "OpenStreetMap contributors" ], "took": 1, "road_data_timestamp": "2024-09-03T15:00:00Z" }, "paths": [ { "distance": 4243.497, "weight": 2502.066443, "time": 960156, "transfers": 0, "points_encoded": false, "bbox": [ -46.719895, -23.670268, -46.701309, -23.654304 ], "points": { "type": "LineString", "coordinates": [ [ -46.702397, -23.670268, 730.68 ], [ -46.702531, -23.670115, 731.55 ], [ -46.701836, -23.669608, 731.14 ], [ -46.701425, -23.670081, 731.54 ], [ -46.701309, -23.670002, 731.63 ], [ -46.70294, -23.668161, 729.82 ], [ -46.702975, -23.66815, 729.86 ], [ -46.703036, -23.668163, 729.9 ], [ -46.703172, -23.668211, 729.75 ], [ -46.703214, -23.668253, 729.69 ], [ -46.703232, -23.668313, 729.65 ], [ -46.703747, -23.668668, 729.38 ], [ -46.704504, -23.667545, 730.95 ], [ -46.705071, -23.66636, 731.97 ], [ -46.706017, -23.664182, 730.63 ], [ -46.706217, -23.663695, 731.03 ], [ -46.706991, -23.663961, 731.93 ], [ -46.707251, -23.663343, 731.8 ], [ -46.70731, -23.663252, 731.85 ], [ -46.707435, -23.663146, 731.9 ], [ -46.707524, -23.66314, 731.91 ], [ -46.707611, -23.663152, 731.92 ], [ -46.707838, -23.663341, 731.56 ], [ -46.708169, -23.663036, 732.55 ], [ -46.708232, -23.663017, 732.58 ], [ -46.708308, -23.663011, 732.62 ], [ -46.708384, -23.663032, 732.65 ], [ -46.709416, -23.663703, 733.03 ], [ -46.709579, -23.66354, 732.81 ], [ -46.709822, -23.663642, 732.39 ], [ -46.709876, -23.663583, 732.26 ], [ -46.7099, -23.663578, 732.23 ], [ -46.710707, -23.663567, 730.55 ], [ -46.710911, -23.663627, 730.73 ], [ -46.711514, -23.6625, 724.69 ], [ -46.711815, -23.662117, 725.34 ], [ -46.712298, -23.661577, 726.31 ], [ -46.713843, -23.660161, 729.09 ], [ -46.714576, -23.659518, 730.38 ], [ -46.716195, -23.658457, 730.05 ], [ -46.718016, -23.65738, 728.15 ], [ -46.718478, -23.657086, 727.65 ], [ -46.719145, -23.656572, 727.11 ], [ -46.719808, -23.655902, 728.48 ], [ -46.719895, -23.655716, 728.79 ], [ -46.719682, -23.655922, 728.48 ], [ -46.719699, -23.655937, 728.49 ], [ -46.719145, -23.656474, 728.04 ], [ -46.719159, -23.656486, 728.04 ], [ -46.7193, -23.65635, 727.9 ], [ -46.719176, -23.65626, 728.48 ], [ -46.719169, -23.656224, 728.59 ], [ -46.719073, -23.656166, 729.01 ], [ -46.718759, -23.655906, 730.54 ], [ -46.718668, -23.655842, 730.96 ], [ -46.718188, -23.655642, 732.91 ], [ -46.718139, -23.655599, 733.16 ], [ -46.717932, -23.655499, 733.51 ], [ -46.717961, -23.655455, 733.62 ], [ -46.717551, -23.655316, 733.42 ], [ -46.717197, -23.65524, 732.7 ], [ -46.716955, -23.655206, 732.21 ], [ -46.716438, -23.655149, 731.75 ], [ -46.712889, -23.654695, 739.39 ], [ -46.71155, -23.654537, 742.27 ], [ -46.709969, -23.654368, 743.93 ], [ -46.709565, -23.654304, 744.21 ] ] }, "instructions": [ { "distance": 21.778, "heading": 321.13, "sign": 0, "interval": [ 0, 1 ], "text": "Continue onto Rua Galeno de Castro", "time": 4356, "street_name": "Rua Galeno de Castro" }, { "distance": 90.446, "sign": 2, "interval": [ 1, 2 ], "text": "Turn right onto Rua Maestro Joaquim Capocchi", "time": 18089, "street_name": "Rua Maestro Joaquim Capocchi" }, { "distance": 67.196, "sign": 2, "interval": [ 2, 3 ], "text": "Turn right onto Avenida Engenheiro Eusébio Stevaux", "time": 13439, "street_name": "Avenida Engenheiro Eusébio Stevaux" }, { "distance": 14.707, "sign": -2, "interval": [ 3, 4 ], "text": "Turn left", "time": 4412, "street_name": "" }, { "distance": 301.892, "sign": -2, "interval": [ 4, 10 ], "text": "Turn left onto Avenida Engenheiro Eusébio Stevaux", "time": 60379, "street_name": "Avenida Engenheiro Eusébio Stevaux" }, { "distance": 65.651, "sign": 1, "interval": [ 10, 11 ], "text": "Turn slight right onto Rua Moacir Padilha", "time": 13130, "street_name": "Rua Moacir Padilha" }, { "distance": 609.137, "sign": 2, "interval": [ 11, 15 ], "text": "Turn right onto Rua Galeno de Castro", "time": 121828, "street_name": "Rua Galeno de Castro" }, { "distance": 84.169, "sign": -2, "interval": [ 15, 16 ], "text": "Turn left onto Rua Luís Alves de Carvalho", "time": 16834, "street_name": "Rua Luís Alves de Carvalho" }, { "distance": 151.976, "sign": 2, "interval": [ 16, 22 ], "text": "Turn right onto Rua Cristiano Rolim de Freitas", "time": 30394, "street_name": "Rua Cristiano Rolim de Freitas" }, { "distance": 199.317, "sign": 2, "interval": [ 22, 27 ], "text": "Turn right onto Rua Bruges", "time": 39864, "street_name": "Rua Bruges" }, { "distance": 51.81, "sign": 2, "interval": [ 27, 29 ], "text": "Turn right", "time": 46629, "street_name": "" }, { "distance": 115.14, "sign": 2, "interval": [ 29, 33 ], "text": "Turn right", "time": 90509, "street_name": "" }, { "distance": 1288.472, "sign": 2, "interval": [ 33, 44 ], "text": "Turn right onto Ciclovia do Rio Pinheiros", "time": 257694, "street_name": "Ciclovia do Rio Pinheiros" }, { "distance": 286.19, "sign": 3, "interval": [ 44, 56 ], "text": "Turn sharp right onto Acesso a Ciclovia do Rio Pinheiros", "time": 60511, "street_name": "Acesso a Ciclovia do Rio Pinheiros" }, { "distance": 29.638, "sign": 1, "interval": [ 56, 58 ], "text": "Turn slight right", "time": 8891, "street_name": "" }, { "distance": 865.979, "sign": 2, "interval": [ 58, 66 ], "text": "Turn right onto Avenida Padre José Maria", "time": 173197, "street_name": "Avenida Padre José Maria" }, { "distance": 0.0, "sign": 4, "last_heading": 80.13960680494824, "interval": [ 66, 66 ], "text": "Arrive at destination", "time": 0, "street_name": "" } ], "legs": [ ], "details": { }, "ascend": 33.45751953125, "descend": 19.926025390625, "snapped_waypoints": { "type": "LineString", "coordinates": [ [ -46.702397, -23.670268, 730.68 ], [ -46.709565, -23.654304, 744.21 ] ] } } ] }, "geometry": null },
{ "type": "Feature", "properties": { "hints": { "visited_nodes.sum": 44, "visited_nodes.average": 44.0 }, "info": { "copyrights": [ "GraphHopper", "OpenStreetMap contributors" ], "took": 1, "road_data_timestamp": "2024-09-03T15:00:00Z" }, "paths": [ { "distance": 1280.415, "weight": 286.124599, "time": 266316, "transfers": 0, "points_encoded": false, "bbox": [ -46.707645, -23.656225, -46.702722, -23.649668 ], "points": { "type": "LineString", "coordinates": [ [ -46.707645, -23.656201, 743.41 ], [ -46.707573, -23.656181, 743.49 ], [ -46.707558, -23.656225, 743.46 ], [ -46.706007, -23.655844, 747.45 ], [ -46.70615, -23.655091, 751.61 ], [ -46.70626, -23.654444, 755.18 ], [ -46.705806, -23.654219, 756.68 ], [ -46.70512, -23.653945, 756.59 ], [ -46.704029, -23.653675, 755.59 ], [ -46.702722, -23.65337, 755.07 ], [ -46.704085, -23.65232, 761.43 ], [ -46.705145, -23.651478, 761.2 ], [ -46.704493, -23.650561, 762.16 ], [ -46.704262, -23.650276, 762.25 ], [ -46.704186, -23.650169, 762.25 ], [ -46.703978, -23.649834, 762.4 ], [ -46.703859, -23.649668, 762.53 ] ] }, "instructions": [ { "distance": 7.667, "heading": 72.79, "sign": 0, "interval": [ 0, 1 ], "text": "Continue", "time": 6900, "street_name": "" }, { "distance": 5.118, "sign": 2, "interval": [ 1, 2 ], "text": "Turn right onto Rua Susana Rodrigues", "time": 1024, "street_name": "Rua Susana Rodrigues" }, { "distance": 163.586, "sign": -2, "interval": [ 2, 3 ], "text": "Turn left onto Rua General Roberto Alves de Carvalho Filho", "time": 32717, "street_name": "Rua General Roberto Alves de Carvalho Filho" }, { "distance": 158.017, "sign": -2, "interval": [ 3, 5 ], "text": "Turn left onto Rua Senador Dantas", "time": 35115, "street_name": "Rua Senador Dantas" }, { "distance": 381.27, "sign": 2, "interval": [ 5, 9 ], "text": "Turn right onto Rua Desembargador Bandeira de Melo", "time": 76254, "street_name": "Rua Desembargador Bandeira de Melo" }, { "distance": 324.431, "sign": -3, "interval": [ 9, 11 ], "text": "Turn sharp left onto Rua Promotor Gabriel Nettuzzi Perez", "time": 66240, "street_name": "Rua Promotor Gabriel Nettuzzi Perez" }, { "distance": 240.326, "sign": 2, "interval": [ 11, 16 ], "text": "Turn right onto Avenida Adolfo Pinheiro", "time": 48066, "street_name": "Avenida Adolfo Pinheiro" }, { "distance": 0.0, "sign": 4, "last_heading": 33.41489861202962, "interval": [ 16, 16 ], "text": "Arrive at destination", "time": 0, "street_name": "" } ], "legs": [ ], "details": { }, "ascend": 21.066162109375, "descend": 1.945068359375, "snapped_waypoints": { "type": "LineString", "coordinates": [ [ -46.707645, -23.656201, 743.41 ], [ -46.703859, -23.649668, 762.53 ] ] } } ] }, "geometry": null },
{ "type": "Feature", "properties": { "hints": { "visited_nodes.sum": 54, "visited_nodes.average": 54.0 }, "info": { "copyrights": [ "GraphHopper", "OpenStreetMap contributors" ], "took": 1, "road_data_timestamp": "2024-09-03T15:00:00Z" }, "paths": [ { "distance": 2182.6, "weight": 382.616164, "time": 436179, "transfers": 0, "points_encoded": false, "bbox": [ -46.707504, -23.649495, -46.697099, -23.641202 ], "points": { "type": "LineString", "coordinates": [ [ -46.706731, -23.647351, 757.98 ], [ -46.707056, -23.647799, 758.2 ], [ -46.707504, -23.648453, 757.76 ], [ -46.707055, -23.648715, 758.78 ], [ -46.707033, -23.648745, 758.85 ], [ -46.707033, -23.648808, 758.99 ], [ -46.707172, -23.649038, 759.54 ], [ -46.707211, -23.649146, 759.77 ], [ -46.70721, -23.649181, 759.85 ], [ -46.707126, -23.649495, 760.05 ], [ -46.706574, -23.649371, 762.75 ], [ -46.706301, -23.64905, 764.08 ], [ -46.705469, -23.64782, 763.36 ], [ -46.704336, -23.646186, 760.78 ], [ -46.703208, -23.646845, 763.76 ], [ -46.702611, -23.647211, 764.12 ], [ -46.702259, -23.647412, 765.29 ], [ -46.701135, -23.648079, 775.85 ], [ -46.699685, -23.645983, 779.98 ], [ -46.699083, -23.645094, 775.66 ], [ -46.698495, -23.644288, 770.5 ], [ -46.69805, -23.643629, 767.13 ], [ -46.697331, -23.642599, 767.02 ], [ -46.697099, -23.642283, 767.47 ], [ -46.698134, -23.641652, 762.89 ], [ -46.69881, -23.641262, 760.78 ], [ -46.698928, -23.641202, 760.48 ], [ -46.699103, -23.641476, 760.37 ] ] }, "instructions": [ { "distance": 145.614, "heading": 213.72, "sign": 0, "interval": [ 0, 2 ], "text": "Continue onto Rua Doutor Carlos da Silva Araújo", "time": 29123, "street_name": "Rua Doutor Carlos da Silva Araújo" }, { "distance": 146.998, "sign": -2, "interval": [ 2, 9 ], "text": "Turn left onto Rua João de Gênova", "time": 29400, "street_name": "Rua João de Gênova" }, { "distance": 58.054, "sign": -2, "interval": [ 9, 10 ], "text": "Turn left onto Rua Cerqueira César", "time": 12557, "street_name": "Rua Cerqueira César" }, { "distance": 421.467, "sign": -7, "interval": [ 10, 13 ], "text": "Keep left onto Rua Coronel Luís Barroso", "time": 84293, "street_name": "Rua Coronel Luís Barroso" }, { "distance": 388.598, "sign": 2, "interval": [ 13, 17 ], "text": "Turn right onto Rua Conde de Itu", "time": 84560, "street_name": "Rua Conde de Itu" }, { "distance": 764.782, "sign": -2, "interval": [ 17, 23 ], "text": "Turn left onto Rua São Benedito", "time": 147309, "street_name": "Rua São Benedito" }, { "distance": 221.855, "sign": -2, "interval": [ 23, 26 ], "text": "Turn left onto Rua da Fraternidade", "time": 41891, "street_name": "Rua da Fraternidade" }, { "distance": 35.232, "sign": -2, "interval": [ 26, 27 ], "text": "Turn left onto Avenida Santo Amaro", "time": 7046, "street_name": "Avenida Santo Amaro" }, { "distance": 0.0, "sign": 4, "last_heading": 210.3270770145739, "interval": [ 27, 27 ], "text": "Arrive at destination", "time": 0, "street_name": "" } ], "legs": [ ], "details": { }, "ascend": 28.56658935546875, "descend": 26.17462158203125, "snapped_waypoints": { "type": "LineString", "coordinates": [ [ -46.706731, -23.647351, 757.98 ], [ -46.699103, -23.641476, 760.37 ] ] } } ] }, "geometry": null },
{ "type": "Feature", "properties": { "hints": { "visited_nodes.sum": 44, "visited_nodes.average": 44.0 }, "info": { "copyrights": [ "GraphHopper", "OpenStreetMap contributors" ], "took": 2, "road_data_timestamp": "2024-09-03T15:00:00Z" }, "paths": [ { "distance": 1014.658, "weight": 205.752997, "time": 217767, "transfers": 0, "points_encoded": false, "bbox": [ -46.695238, -23.638126, -46.692058, -23.632565 ], "points": { "type": "LineString", "coordinates": [ [ -46.692662, -23.638126, 777.11 ], [ -46.692058, -23.637251, 780.4 ], [ -46.693163, -23.636626, 776.33 ], [ -46.693392, -23.636483, 776.32 ], [ -46.694334, -23.635936, 771.78 ], [ -46.694997, -23.635544, 777.09 ], [ -46.695104, -23.635455, 776.63 ], [ -46.695238, -23.635374, 776.29 ], [ -46.694762, -23.634677, 762.36 ], [ -46.694263, -23.633978, 760.39 ], [ -46.693287, -23.632565, 751.16 ], [ -46.692612, -23.632969, 757.03 ], [ -46.692998, -23.633375, 757.83 ] ] }, "instructions": [ { "distance": 115.098, "heading": 32.31, "sign": 0, "interval": [ 0, 1 ], "text": "Continue onto Rua Comendador Elias Zarzur", "time": 41435, "street_name": "Rua Comendador Elias Zarzur" }, { "distance": 385.919, "sign": -2, "interval": [ 1, 7 ], "text": "Turn left onto Rua Américo Brasiliense", "time": 76726, "street_name": "Rua Américo Brasiliense" }, { "distance": 371.53, "sign": 2, "interval": [ 7, 10 ], "text": "Turn right onto Rua do Estilo Barroco", "time": 69354, "street_name": "Rua do Estilo Barroco" }, { "distance": 82.306, "sign": 2, "interval": [ 10, 11 ], "text": "Turn right onto Rua Bela Vista", "time": 18291, "street_name": "Rua Bela Vista" }, { "distance": 59.805, "sign": 2, "interval": [ 11, 12 ], "text": "Turn right onto Avenida Santo Amaro", "time": 11961, "street_name": "Avenida Santo Amaro" }, { "distance": 0.0, "sign": 4, "last_heading": 221.01273989376375, "interval": [ 12, 12 ], "text": "Arrive at destination", "time": 0, "street_name": "" } ], "legs": [ ], "details": { }, "ascend": 15.29705810546875, "descend": 34.5791015625, "snapped_waypoints": { "type": "LineString", "coordinates": [ [ -46.692662, -23.638126, 777.11 ], [ -46.692998, -23.633375, 757.83 ] ] } } ] }, "geometry": null },
{ "type": "Feature", "properties": { "hints": { "visited_nodes.sum": 84, "visited_nodes.average": 84.0 }, "info": { "copyrights": [ "GraphHopper", "OpenStreetMap contributors" ], "took": 1, "road_data_timestamp": "2024-09-03T15:00:00Z" }, "paths": [ { "distance": 1990.287, "weight": 441.980534, "time": 406779, "transfers": 0, "points_encoded": false, "bbox": [ -46.690453, -23.62729, -46.687064, -23.615889 ], "points": { "type": "LineString", "coordinates": [ [ -46.69, -23.615889, 729.0 ], [ -46.690012, -23.615944, 730.1 ], [ -46.687261, -23.617797, 737.67 ], [ -46.688537, -23.619395, 738.94 ], [ -46.689302, -23.620319, 741.26 ], [ -46.68986, -23.621122, 741.87 ], [ -46.689906, -23.621211, 741.93 ], [ -46.690081, -23.621745, 740.83 ], [ -46.690347, -23.622457, 739.19 ], [ -46.690453, -23.622615, 739.24 ], [ -46.689979, -23.622905, 740.3 ], [ -46.689257, -23.623394, 741.2 ], [ -46.689215, -23.623447, 741.28 ], [ -46.689185, -23.623586, 741.4 ], [ -46.688415, -23.623946, 741.91 ], [ -46.688269, -23.623691, 742.29 ], [ -46.687803, -23.623841, 744.56 ], [ -46.687064, -23.624103, 744.76 ], [ -46.687522, -23.624852, 737.19 ], [ -46.687211, -23.625056, 738.29 ], [ -46.687805, -23.6259, 732.74 ], [ -46.68817, -23.625712, 733.01 ], [ -46.68842, -23.62569, 733.39 ], [ -46.68855, -23.625705, 733.59 ], [ -46.688598, -23.625726, 733.67 ], [ -46.688615, -23.625748, 733.72 ], [ -46.688622, -23.62577, 733.75 ], [ -46.688618, -23.625802, 733.81 ], [ -46.6886, -23.62584, 733.7 ], [ -46.688505, -23.625868, 733.64 ], [ -46.688217, -23.625995, 733.45 ], [ -46.687802, -23.626247, 733.53 ], [ -46.687697, -23.626393, 734.06 ], [ -46.687669, -23.626475, 734.32 ], [ -46.687648, -23.626649, 734.61 ], [ -46.688081, -23.627256, 735.33 ], [ -46.68803, -23.62729, 735.37 ], [ -46.688011, -23.627263, 735.1 ] ] }, "instructions": [ { "distance": 6.298, "heading": 191.53, "sign": 0, "interval": [ 0, 1 ], "text": "Continue onto Rua Gabriel de Lara", "time": 4534, "street_name": "Rua Gabriel de Lara" }, { "distance": 347.961, "sign": -2, "interval": [ 1, 2 ], "text": "Turn left onto Rua Bartolomeu Feio", "time": 69592, "street_name": "Rua Bartolomeu Feio" }, { "distance": 632.345, "sign": 2, "interval": [ 2, 9 ], "text": "Turn right onto Rua Pascoal Pais", "time": 126470, "street_name": "Rua Pascoal Pais" }, { "distance": 172.592, "sign": -2, "interval": [ 9, 13 ], "text": "Turn left onto Rua Jataituba", "time": 34518, "street_name": "Rua Jataituba" }, { "distance": 87.991, "sign": -2, "interval": [ 13, 14 ], "text": "Turn left onto Rua Jataituba", "time": 17598, "street_name": "Rua Jataituba" }, { "distance": 32.002, "sign": -2, "interval": [ 14, 15 ], "text": "Turn left onto Rua das Margaridas", "time": 6400, "street_name": "Rua das Margaridas" }, { "distance": 131.156, "sign": 2, "interval": [ 15, 17 ], "text": "Turn right onto Rua Pássaro e Flores", "time": 27351, "street_name": "Rua Pássaro e Flores" }, { "distance": 95.812, "sign": 2, "interval": [ 17, 18 ], "text": "Turn right onto Rua Guido Caloi", "time": 17420, "street_name": "Rua Guido Caloi" }, { "distance": 38.961, "sign": -2, "interval": [ 18, 19 ], "text": "Turn left onto Rua das Crisandálias", "time": 7792, "street_name": "Rua das Crisandálias" }, { "distance": 111.898, "sign": 2, "interval": [ 19, 20 ], "text": "Turn right onto Rua João de Lacerda Soares", "time": 21431, "street_name": "Rua João de Lacerda Soares" }, { "distance": 42.609, "sign": 2, "interval": [ 20, 21 ], "text": "Turn right onto Avenida Roque Petroni Júnior", "time": 8522, "street_name": "Avenida Roque Petroni Júnior" }, { "distance": 58.082, "sign": -7, "interval": [ 21, 28 ], "text": "Keep left and drive toward Diadema", "time": 11616, "street_destination": "Diadema", "street_name": "" }, { "distance": 93.485, "sign": -2, "interval": [ 28, 31 ], "text": "Turn left onto Avenida Roque Petroni Júnior", "time": 18697, "street_name": "Avenida Roque Petroni Júnior" }, { "distance": 48.509, "sign": 7, "interval": [ 31, 34 ], "text": "Keep right", "time": 9702, "street_name": "" }, { "distance": 80.56, "sign": 1, "interval": [ 34, 35 ], "text": "Turn slight right onto Avenida Santo Amaro", "time": 16112, "street_name": "Avenida Santo Amaro" }, { "distance": 6.45, "sign": -2, "interval": [ 35, 36 ], "text": "Turn left", "time": 5805, "street_name": "" }, { "distance": 3.576, "sign": -2, "interval": [ 36, 37 ], "text": "Turn left", "time": 3219, "street_name": "" }, { "distance": 0.0, "sign": 4, "last_heading": 32.79610419328832, "interval": [ 37, 37 ], "text": "Arrive at destination", "time": 0, "street_name": "" } ], "legs": [ ], "details": { }, "ascend": 22.93597412109375, "descend": 16.84100341796875, "snapped_waypoints": { "type": "LineString", "coordinates": [ [ -46.69, -23.615889, 729.0 ], [ -46.688011, -23.627263, 735.1 ] ] } } ] }, "geometry": null },
{ "type": "Feature", "properties": { "hints": { "visited_nodes.sum": 84, "visited_nodes.average": 84.0 }, "info": { "copyrights": [ "GraphHopper", "OpenStreetMap contributors" ], "took": 1, "road_data_timestamp": "2024-09-03T15:00:00Z" }, "paths": [ { "distance": 1647.351, "weight": 307.604298, "time": 346517, "transfers": 0, "points_encoded": false, "bbox": [ -46.669718, -23.610279, -46.659929, -23.606262 ], "points": { "type": "LineString", "coordinates": [ [ -46.660301, -23.608045, 766.82 ], [ -46.659929, -23.60765, 764.63 ], [ -46.660767, -23.606958, 761.11 ], [ -46.661646, -23.606262, 760.99 ], [ -46.662384, -23.607066, 763.17 ], [ -46.663249, -23.606377, 756.6 ], [ -46.664738, -23.607955, 760.01 ], [ -46.665479, -23.608751, 754.88 ], [ -46.666223, -23.60954, 762.2 ], [ -46.668225, -23.607938, 757.46 ], [ -46.669718, -23.60952, 756.41 ], [ -46.668786, -23.610263, 756.08 ], [ -46.6688, -23.610279, 756.09 ], [ -46.668871, -23.610219, 756.14 ], [ -46.668879, -23.610227, 756.14 ], [ -46.668987, -23.610141, 756.18 ] ] }, "instructions": [ { "distance": 58.113, "heading": 41.33, "sign": 0, "interval": [ 0, 1 ], "text": "Continue onto Alameda dos Nhambiquaras", "time": 10654, "street_name": "Alameda dos Nhambiquaras" }, { "distance": 233.319, "sign": -2, "interval": [ 1, 3 ], "text": "Turn left onto Avenida Jurema", "time": 45963, "street_name": "Avenida Jurema" }, { "distance": 116.968, "sign": -2, "interval": [ 3, 4 ], "text": "Turn left onto Alameda dos Jurupis", "time": 24809, "street_name": "Alameda dos Jurupis" }, { "distance": 117.013, "sign": 2, "interval": [ 4, 5 ], "text": "Turn right onto Avenida Jandira", "time": 21617, "street_name": "Avenida Jandira" }, { "distance": 464.623, "sign": -2, "interval": [ 5, 8 ], "text": "Turn left onto Rua Juquis", "time": 93604, "street_name": "Rua Juquis" }, { "distance": 270.984, "sign": 2, "interval": [ 8, 9 ], "text": "Turn right onto Avenida Moaci", "time": 53139, "street_name": "Avenida Moaci" }, { "distance": 232.624, "sign": -2, "interval": [ 9, 10 ], "text": "Turn left onto Alameda dos Arapanés", "time": 46525, "street_name": "Alameda dos Arapanés" }, { "distance": 125.901, "sign": -2, "interval": [ 10, 11 ], "text": "Turn left onto Avenida dos Eucaliptos", "time": 25181, "street_name": "Avenida dos Eucaliptos" }, { "distance": 13.173, "sign": 2, "interval": [ 11, 14 ], "text": "Turn right", "time": 11855, "street_name": "" }, { "distance": 14.633, "sign": 2, "interval": [ 14, 15 ], "text": "Turn right", "time": 13170, "street_name": "" }, { "distance": 0.0, "sign": 4, "last_heading": 310.93846583954644, "interval": [ 15, 15 ], "text": "Arrive at destination", "time": 0, "street_name": "" } ], "legs": [ ], "details": { }, "ascend": 16.905029296875, "descend": 27.552001953125, "snapped_waypoints": { "type": "LineString", "coordinates": [ [ -46.660301, -23.608045, 766.82 ], [ -46.668987, -23.610141, 756.18 ] ] } } ] }, "geometry": null },
{ "type": "Feature", "properties": { "hints": { "visited_nodes.sum": 74, "visited_nodes.average": 74.0 }, "info": { "copyrights": [ "GraphHopper", "OpenStreetMap contributors" ], "took": 1, "road_data_timestamp": "2024-09-03T15:00:00Z" }, "paths": [ { "distance": 1003.051, "weight": 217.934915, "time": 237476, "transfers": 0, "points_encoded": false, "bbox": [ -46.661971, -23.608045, -46.659929, -23.602602 ], "points": { "type": "LineString", "coordinates": [ [ -46.660301, -23.608045, 766.82 ], [ -46.659929, -23.60765, 764.63 ], [ -46.660767, -23.606958, 761.11 ], [ -46.661646, -23.606262, 760.99 ], [ -46.661089, -23.605681, 768.14 ], [ -46.66015, -23.604692, 759.94 ], [ -46.661006, -23.604004, 762.16 ], [ -46.660267, -23.603216, 767.27 ], [ -46.661039, -23.602602, 765.6 ], [ -46.661704, -23.603313, 757.48 ], [ -46.66184, -23.603203, 756.64 ], [ -46.661971, -23.603341, 756.4 ] ] }, "instructions": [ { "distance": 58.113, "heading": 41.33, "sign": 0, "interval": [ 0, 1 ], "text": "Continue onto Alameda dos Nhambiquaras", "time": 10654, "street_name": "Alameda dos Nhambiquaras" }, { "distance": 233.319, "sign": -2, "interval": [ 1, 3 ], "text": "Turn left onto Avenida Jurema", "time": 45963, "street_name": "Avenida Jurema" }, { "distance": 232.392, "sign": 2, "interval": [ 3, 5 ], "text": "Turn right onto Alameda dos Jurupis", "time": 48883, "street_name": "Alameda dos Jurupis" }, { "distance": 116.061, "sign": -2, "interval": [ 5, 6 ], "text": "Turn left onto Avenida Divino Salvador", "time": 23212, "street_name": "Avenida Divino Salvador" }, { "distance": 115.61, "sign": 2, "interval": [ 6, 7 ], "text": "Turn right onto Alameda Iraé", "time": 25716, "street_name": "Alameda Iraé" }, { "distance": 104.165, "sign": -2, "interval": [ 7, 8 ], "text": "Turn left onto Praça Nossa Senhora Aparecida", "time": 20193, "street_name": "Praça Nossa Senhora Aparecida" }, { "distance": 104.479, "sign": -2, "interval": [ 8, 9 ], "text": "Turn left onto Avenida Ibirapuera", "time": 28494, "street_name": "Avenida Ibirapuera" }, { "distance": 18.525, "sign": 2, "interval": [ 9, 10 ], "text": "Turn right", "time": 16013, "street_name": "" }, { "distance": 20.386, "sign": -2, "interval": [ 10, 11 ], "text": "Turn left", "time": 18348, "street_name": "" }, { "distance": 0.0, "sign": 4, "last_heading": 221.02992862761766, "interval": [ 11, 11 ], "text": "Arrive at destination", "time": 0, "street_name": "" } ], "legs": [ ], "details": { }, "ascend": 15.2994384765625, "descend": 25.721435546875, "snapped_waypoints": { "type": "LineString", "coordinates": [ [ -46.660301, -23.608045, 766.82 ], [ -46.661971, -23.603341, 756.4 ] ] } } ] }, "geometry": null },
{ "type": "Feature", "properties": { "hints": { "visited_nodes.sum": 76, "visited_nodes.average": 76.0 }, "info": { "copyrights": [ "GraphHopper", "OpenStreetMap contributors" ], "took": 2, "road_data_timestamp": "2024-09-03T15:00:00Z" }, "paths": [ { "distance": 1151.138, "weight": 258.851463, "time": 293054, "transfers": 0, "points_encoded": false, "bbox": [ -46.645369, -23.598408, -46.641975, -23.590837 ], "points": { "type": "LineString", "coordinates": [ [ -46.642397, -23.59087, 785.7 ], [ -46.642193, -23.590837, 785.53 ], [ -46.642157, -23.590916, 786.21 ], [ -46.642091, -23.591183, 788.46 ], [ -46.642084, -23.591236, 788.9 ], [ -46.642086, -23.591313, 789.53 ], [ -46.641975, -23.591326, 790.0 ], [ -46.64216, -23.593064, 791.01 ], [ -46.642261, -23.593947, 783.91 ], [ -46.642369, -23.595002, 779.66 ], [ -46.642472, -23.595768, 781.8 ], [ -46.64261, -23.59708, 793.71 ], [ -46.642764, -23.598408, 796.16 ], [ -46.645369, -23.598203, 792.36 ], [ -46.645365, -23.598159, 792.83 ] ] }, "instructions": [ { "distance": 21.12, "heading": 79.96, "sign": 0, "interval": [ 0, 1 ], "text": "Continue onto Viela Santa Catarina", "time": 19008, "street_name": "Viela Santa Catarina" }, { "distance": 54.616, "sign": 2, "interval": [ 1, 5 ], "text": "Turn right onto Viela São Paulo", "time": 54616, "street_name": "Viela São Paulo" }, { "distance": 11.452, "sign": -2, "interval": [ 5, 6 ], "text": "Turn left onto Rua Doutor Mário Cardim", "time": 2545, "street_name": "Rua Doutor Mário Cardim" }, { "distance": 792.563, "sign": 2, "interval": [ 6, 12 ], "text": "Turn right onto Rua Botucatu", "time": 162607, "street_name": "Rua Botucatu" }, { "distance": 266.51, "sign": 2, "interval": [ 12, 13 ], "text": "Turn right onto Rua Pedro de Toledo", "time": 53303, "street_name": "Rua Pedro de Toledo" }, { "distance": 4.877, "sign": 2, "interval": [ 13, 14 ], "text": "Turn right onto Rua dos Otonis", "time": 975, "street_name": "Rua dos Otonis" }, { "distance": 0.0, "sign": 4, "last_heading": 4.818575057050223, "interval": [ 14, 14 ], "text": "Arrive at destination", "time": 0, "street_name": "" } ], "legs": [ ], "details": { }, "ascend": 24.7669677734375, "descend": 17.63995361328125, "snapped_waypoints": { "type": "LineString", "coordinates": [ [ -46.642397, -23.59087, 785.7 ], [ -46.645365, -23.598159, 792.83 ] ] } } ] }, "geometry": null },
{ "type": "Feature", "properties": { "hints": { "visited_nodes.sum": 88, "visited_nodes.average": 88.0 }, "info": { "copyrights": [ "GraphHopper", "OpenStreetMap contributors" ], "took": 2, "road_data_timestamp": "2024-09-03T15:00:00Z" }, "paths": [ { "distance": 1421.466, "weight": 343.22058, "time": 388910, "transfers": 0, "points_encoded": false, "bbox": [ -46.642397, -23.598472, -46.636648, -23.590837 ], "points": { "type": "LineString", "coordinates": [ [ -46.642397, -23.59087, 785.7 ], [ -46.642193, -23.590837, 785.53 ], [ -46.642157, -23.590916, 786.21 ], [ -46.642091, -23.591183, 788.46 ], [ -46.642084, -23.591236, 788.9 ], [ -46.642086, -23.591313, 789.53 ], [ -46.641321, -23.591427, 789.5 ], [ -46.6413, -23.59144, 789.47 ], [ -46.640686, -23.591537, 789.76 ], [ -46.640678, -23.5916, 789.91 ], [ -46.640712, -23.592041, 790.97 ], [ -46.639476, -23.592143, 795.08 ], [ -46.639383, -23.59216, 795.51 ], [ -46.639463, -23.592688, 794.44 ], [ -46.638479, -23.592776, 795.01 ], [ -46.638355, -23.592791, 795.35 ], [ -46.638151, -23.592837, 795.9 ], [ -46.638201, -23.593179, 794.45 ], [ -46.638188, -23.593218, 794.3 ], [ -46.638135, -23.593272, 794.45 ], [ -46.638021, -23.593359, 794.95 ], [ -46.637975, -23.593418, 795.19 ], [ -46.637954, -23.593468, 795.21 ], [ -46.63791, -23.594992, 795.94 ], [ -46.636689, -23.594992, 803.47 ], [ -46.636718, -23.597313, 809.23 ], [ -46.636687, -23.597352, 809.16 ], [ -46.636648, -23.597481, 808.94 ], [ -46.636666, -23.59839, 807.53 ], [ -46.63682, -23.598385, 807.96 ], [ -46.636828, -23.598464, 807.71 ], [ -46.636868, -23.598471, 807.65 ], [ -46.637177, -23.598472, 807.5 ] ] }, "instructions": [ { "distance": 21.12, "heading": 79.96, "sign": 0, "interval": [ 0, 1 ], "text": "Continue onto Viela Santa Catarina", "time": 19008, "street_name": "Viela Santa Catarina" }, { "distance": 54.616, "sign": 2, "interval": [ 1, 5 ], "text": "Turn right onto Viela São Paulo", "time": 54616, "street_name": "Viela São Paulo" }, { "distance": 78.964, "sign": -2, "interval": [ 5, 6 ], "text": "Turn left onto Rua Doutor Mário Cardim", "time": 16047, "street_name": "Rua Doutor Mário Cardim" }, { "distance": 66.166, "sign": 7, "interval": [ 6, 8 ], "text": "Keep right onto Rua Doutor Mário Cardim", "time": 13233, "street_name": "Rua Doutor Mário Cardim" }, { "distance": 56.169, "sign": 2, "interval": [ 8, 10 ], "text": "Turn right onto Rua Rio Grande", "time": 11234, "street_name": "Rua Rio Grande" }, { "distance": 136.272, "sign": -2, "interval": [ 10, 12 ], "text": "Turn left onto Rua Gandavo", "time": 29202, "street_name": "Rua Gandavo" }, { "distance": 59.281, "sign": 2, "interval": [ 12, 13 ], "text": "Turn right onto Rua Coronel Lisboa", "time": 11856, "street_name": "Rua Coronel Lisboa" }, { "distance": 100.755, "sign": -2, "interval": [ 13, 14 ], "text": "Turn left onto Rua Madre Cabrini", "time": 20151, "street_name": "Rua Madre Cabrini" }, { "distance": 34.14, "sign": 0, "interval": [ 14, 16 ], "text": "Continue onto Praça da Bíblia", "time": 6828, "street_name": "Praça da Bíblia" }, { "distance": 249.705, "sign": 2, "interval": [ 16, 23 ], "text": "Turn right onto Rua Nuporanga", "time": 49160, "street_name": "Rua Nuporanga" }, { "distance": 124.587, "sign": -2, "interval": [ 23, 24 ], "text": "Turn left onto Rua Cunha", "time": 27549, "street_name": "Rua Cunha" }, { "distance": 379.604, "sign": 2, "interval": [ 24, 28 ], "text": "Turn right onto Rua Domingos de Morais", "time": 77504, "street_name": "Rua Domingos de Morais" }, { "distance": 15.667, "sign": 2, "interval": [ 28, 29 ], "text": "Turn right", "time": 12544, "street_name": "" }, { "distance": 44.42, "sign": -2, "interval": [ 29, 32 ], "text": "Turn left", "time": 39978, "street_name": "" }, { "distance": 0.0, "sign": 4, "last_heading": 269.8000961491533, "interval": [ 32, 32 ], "text": "Arrive at destination", "time": 0, "street_name": "" } ], "legs": [ ], "details": { }, "ascend": 27.389892578125, "descend": 5.5948486328125, "snapped_waypoints": { "type": "LineString", "coordinates": [ [ -46.642397, -23.59087, 785.7 ], [ -46.637177, -23.598472, 807.5 ] ] } } ] }, "geometry": null },
{ "type": "Feature", "properties": { "hints": { "visited_nodes.sum": 60, "visited_nodes.average": 60.0 }, "info": { "copyrights": [ "GraphHopper", "OpenStreetMap contributors" ], "took": 2, "road_data_timestamp": "2024-09-03T15:00:00Z" }, "paths": [ { "distance": 1226.38, "weight": 248.671497, "time": 252251, "transfers": 0, "points_encoded": false, "bbox": [ -46.631645, -23.599727, -46.629036, -23.592646 ], "points": { "type": "LineString", "coordinates": [ [ -46.631307, -23.598981, 791.07 ], [ -46.631645, -23.598927, 792.68 ], [ -46.631632, -23.599715, 780.53 ], [ -46.630845, -23.599727, 782.39 ], [ -46.630609, -23.598421, 791.81 ], [ -46.630378, -23.597108, 790.71 ], [ -46.630377, -23.597053, 790.5 ], [ -46.630392, -23.596551, 788.86 ], [ -46.63043, -23.596225, 787.42 ], [ -46.630529, -23.5958, 785.53 ], [ -46.630662, -23.595471, 784.58 ], [ -46.63076, -23.595112, 783.55 ], [ -46.630778, -23.59502, 783.36 ], [ -46.630848, -23.594905, 783.56 ], [ -46.630861, -23.59454, 779.97 ], [ -46.630853, -23.594488, 779.21 ], [ -46.630815, -23.594413, 778.07 ], [ -46.630603, -23.594237, 773.12 ], [ -46.630516, -23.594174, 771.3 ], [ -46.630433, -23.594141, 771.06 ], [ -46.630184, -23.594125, 770.42 ], [ -46.629743, -23.594131, 769.29 ], [ -46.629237, -23.59419, 768.0 ], [ -46.629132, -23.594157, 769.02 ], [ -46.629089, -23.594131, 769.5 ], [ -46.629055, -23.594084, 769.99 ], [ -46.629036, -23.594016, 770.69 ], [ -46.6292, -23.593793, 772.13 ], [ -46.629492, -23.593421, 776.32 ], [ -46.629587, -23.593311, 777.6 ], [ -46.629691, -23.593209, 779.1 ], [ -46.629919, -23.593038, 781.63 ], [ -46.630498, -23.592646, 784.02 ] ] }, "instructions": [ { "distance": 35.001, "heading": 279.89, "sign": 0, "interval": [ 0, 1 ], "text": "Continue onto Rua Trabiju", "time": 7000, "street_name": "Rua Trabiju" }, { "distance": 88.482, "sign": -2, "interval": [ 1, 2 ], "text": "Turn left onto Rua Professor Tranquilli", "time": 16087, "street_name": "Rua Professor Tranquilli" }, { "distance": 80.142, "sign": -2, "interval": [ 2, 3 ], "text": "Turn left onto Rua Loefgren", "time": 16028, "street_name": "Rua Loefgren" }, { "distance": 776.14, "sign": -2, "interval": [ 3, 22 ], "text": "Turn left onto Rua Bitencourt Sampaio", "time": 155153, "street_name": "Rua Bitencourt Sampaio" }, { "distance": 30.752, "sign": -7, "interval": [ 22, 26 ], "text": "Keep left onto Rua Doutor Barros Cruz", "time": 7299, "street_name": "Rua Doutor Barros Cruz" }, { "distance": 215.864, "sign": -2, "interval": [ 26, 32 ], "text": "Turn left onto Rua Vergueiro", "time": 50684, "street_name": "Rua Vergueiro" }, { "distance": 0.0, "sign": 4, "last_heading": 306.4464767257208, "interval": [ 32, 32 ], "text": "Arrive at destination", "time": 0, "street_name": "" } ], "legs": [ ], "details": { }, "ascend": 29.4415283203125, "descend": 36.488037109375, "snapped_waypoints": { "type": "LineString", "coordinates": [ [ -46.631307, -23.598981, 791.07 ], [ -46.630498, -23.592646, 784.02 ] ] } } ] }, "geometry": null },
{ "type": "Feature", "properties": { "hints": { "visited_nodes.sum": 60, "visited_nodes.average": 60.0 }, "info": { "copyrights": [ "GraphHopper", "OpenStreetMap contributors" ], "took": 1, "road_data_timestamp": "2024-09-03T15:00:00Z" }, "paths": [ { "distance": 1006.384, "weight": 292.981112, "time": 284761, "transfers": 0, "points_encoded": false, "bbox": [ -46.651801, -23.601478, -46.645716, -23.597652 ], "points": { "type": "LineString", "coordinates": [ [ -46.645716, -23.601478, 779.44 ], [ -46.64686, -23.601458, 776.56 ], [ -46.64686, -23.60142, 776.32 ], [ -46.646897, -23.60142, 776.15 ], [ -46.646857, -23.600385, 771.61 ], [ -46.64737, -23.600273, 771.86 ], [ -46.648206, -23.600049, 769.0 ], [ -46.648095, -23.599156, 768.97 ], [ -46.647975, -23.59798, 779.9 ], [ -46.649278, -23.597859, 773.13 ], [ -46.650351, -23.597773, 764.14 ], [ -46.651029, -23.597711, 766.14 ], [ -46.651801, -23.597652, 768.23 ] ] }, "instructions": [ { "distance": 116.671, "heading": 271.07, "sign": 0, "interval": [ 0, 1 ], "text": "Continue", "time": 105004, "street_name": "" }, { "distance": 4.178, "sign": 2, "interval": [ 1, 2 ], "text": "Turn right", "time": 3760, "street_name": "" }, { "distance": 3.785, "sign": -2, "interval": [ 2, 3 ], "text": "Turn left onto Avenida 11 de Junho", "time": 757, "street_name": "Avenida 11 de Junho" }, { "distance": 115.282, "sign": 2, "interval": [ 3, 4 ], "text": "Turn right onto Rua Leandro Dupré", "time": 21199, "street_name": "Rua Leandro Dupré" }, { "distance": 142.539, "sign": -2, "interval": [ 4, 6 ], "text": "Turn left onto Rua Agostinho Rodrigues Filho", "time": 28324, "street_name": "Rua Agostinho Rodrigues Filho" }, { "distance": 231.723, "sign": 2, "interval": [ 6, 8 ], "text": "Turn right onto Rua Doutor Bacelar", "time": 51449, "street_name": "Rua Doutor Bacelar" }, { "distance": 392.207, "sign": -2, "interval": [ 8, 12 ], "text": "Turn left onto Rua Pedro de Toledo", "time": 74268, "street_name": "Rua Pedro de Toledo" }, { "distance": 0.0, "sign": 4, "last_heading": 275.0483895525517, "interval": [ 12, 12 ], "text": "Arrive at destination", "time": 0, "street_name": "" } ], "legs": [ ], "details": { }, "ascend": 15.95050048828125, "descend": 27.16094970703125, "snapped_waypoints": { "type": "LineString", "coordinates": [ [ -46.645716, -23.601478, 779.44 ], [ -46.651801, -23.597652, 768.23 ] ] } } ] }, "geometry": null },
{ "type": "Feature", "properties": { "hints": { "visited_nodes.sum": 62, "visited_nodes.average": 62.0 }, "info": { "copyrights": [ "GraphHopper", "OpenStreetMap contributors" ], "took": 1, "road_data_timestamp": "2024-09-03T15:00:00Z" }, "paths": [ { "distance": 2046.418, "weight": 555.885193, "time": 437727, "transfers": 0, "points_encoded": false, "bbox": [ -46.634164, -23.53624, -46.625551, -23.527344 ], "points": { "type": "LineString", "coordinates": [ [ -46.626432, -23.528349, 727.07 ], [ -46.626692, -23.527828, 726.72 ], [ -46.625617, -23.527344, 726.6 ], [ -46.625639, -23.528301, 726.87 ], [ -46.625551, -23.528305, 727.08 ], [ -46.625597, -23.530064, 728.24 ], [ -46.625713, -23.530086, 728.07 ], [ -46.625736, -23.531297, 727.62 ], [ -46.62578, -23.531632, 727.42 ], [ -46.625997, -23.532081, 727.67 ], [ -46.626451, -23.53316, 730.66 ], [ -46.626693, -23.533775, 731.82 ], [ -46.627847, -23.533492, 737.47 ], [ -46.62932, -23.5331, 739.66 ], [ -46.629392, -23.533093, 739.86 ], [ -46.629453, -23.533096, 740.02 ], [ -46.629664, -23.533168, 740.3 ], [ -46.629748, -23.533171, 740.4 ], [ -46.63285, -23.532402, 743.97 ], [ -46.633274, -23.533712, 750.3 ], [ -46.633665, -23.534906, 744.6 ], [ -46.633804, -23.535289, 746.07 ], [ -46.633948, -23.535766, 749.14 ], [ -46.634026, -23.536105, 752.33 ], [ -46.634113, -23.536075, 752.1 ], [ -46.634164, -23.53624, 752.85 ] ] }, "instructions": [ { "distance": 63.724, "heading": 335.41, "sign": 0, "interval": [ 0, 1 ], "text": "Continue onto Rua Victor Airosa", "time": 12745, "street_name": "Rua Victor Airosa" }, { "distance": 122.07, "sign": 2, "interval": [ 1, 2 ], "text": "Turn right onto Rua Tapajós", "time": 24414, "street_name": "Rua Tapajós" }, { "distance": 106.359, "sign": 3, "interval": [ 2, 3 ], "text": "Turn sharp right onto Avenida Cruzeiro do Sul", "time": 21272, "street_name": "Avenida Cruzeiro do Sul" }, { "distance": 9.027, "sign": -2, "interval": [ 3, 4 ], "text": "Turn left", "time": 2708, "street_name": "" }, { "distance": 195.624, "sign": 2, "interval": [ 4, 5 ], "text": "Turn right onto Ciclovia Avenida Cruzeiro do Sul", "time": 39125, "street_name": "Ciclovia Avenida Cruzeiro do Sul" }, { "distance": 12.119, "sign": 2, "interval": [ 5, 6 ], "text": "Turn right onto Rua Vidal de Negreiros", "time": 2424, "street_name": "Rua Vidal de Negreiros" }, { "distance": 428.166, "sign": -2, "interval": [ 6, 11 ], "text": "Turn left onto Avenida Cruzeiro do Sul", "time": 85633, "street_name": "Avenida Cruzeiro do Sul" }, { "distance": 651.22, "sign": 2, "interval": [ 11, 18 ], "text": "Turn right onto Rua João Teodoro", "time": 133519, "street_name": "Rua João Teodoro" }, { "distance": 429.548, "sign": -2, "interval": [ 18, 23 ], "text": "Turn left onto Avenida Tiradentes", "time": 90182, "street_name": "Avenida Tiradentes" }, { "distance": 9.478, "sign": 2, "interval": [ 23, 24 ], "text": "Turn right", "time": 8530, "street_name": "" }, { "distance": 19.083, "sign": -2, "interval": [ 24, 25 ], "text": "Turn left", "time": 17175, "street_name": "" }, { "distance": 0.0, "sign": 4, "last_heading": 195.79686733005622, "interval": [ 25, 25 ], "text": "Arrive at destination", "time": 0, "street_name": "" } ], "legs": [ ], "details": { }, "ascend": 34.4520263671875, "descend": 8.6715087890625, "snapped_waypoints": { "type": "LineString", "coordinates": [ [ -46.626432, -23.528349, 727.07 ], [ -46.634164, -23.53624, 752.85 ] ] } } ] }, "geometry": null },
{ "type": "Feature", "properties": { "hints": { "visited_nodes.sum": 62, "visited_nodes.average": 62.0 }, "info": { "copyrights": [ "GraphHopper", "OpenStreetMap contributors" ], "took": 2, "road_data_timestamp": "2024-09-03T15:00:00Z" }, "paths": [ { "distance": 1215.018, "weight": 286.439542, "time": 300578, "transfers": 0, "points_encoded": false, "bbox": [ -46.643043, -23.549644, -46.636112, -23.543635 ], "points": { "type": "LineString", "coordinates": [ [ -46.636112, -23.549611, 780.62 ], [ -46.636268, -23.54958, 776.98 ], [ -46.636309, -23.549644, 776.61 ], [ -46.636982, -23.549525, 773.8 ], [ -46.637457, -23.549428, 769.52 ], [ -46.63752, -23.549315, 770.47 ], [ -46.637547, -23.549132, 772.47 ], [ -46.637553, -23.548901, 774.77 ], [ -46.637546, -23.548826, 774.11 ], [ -46.637525, -23.548758, 773.47 ], [ -46.637513, -23.548723, 773.36 ], [ -46.63689, -23.54758, 768.69 ], [ -46.636909, -23.547438, 767.55 ], [ -46.636943, -23.547363, 766.9 ], [ -46.637033, -23.547233, 766.14 ], [ -46.638298, -23.546288, 766.54 ], [ -46.63877, -23.545925, 771.88 ], [ -46.639315, -23.545535, 773.11 ], [ -46.639376, -23.545531, 773.21 ], [ -46.639428, -23.545597, 774.06 ], [ -46.640812, -23.544497, 778.7 ], [ -46.64188, -23.543635, 768.13 ], [ -46.642605, -23.544203, 764.31 ], [ -46.643043, -23.544563, 766.33 ] ] }, "instructions": [ { "distance": 16.735, "heading": 282.38, "sign": 0, "interval": [ 0, 1 ], "text": "Continue", "time": 13692, "street_name": "" }, { "distance": 8.318, "sign": -2, "interval": [ 1, 2 ], "text": "Turn left onto Rua Senador Paulo Egídio", "time": 6806, "street_name": "Rua Senador Paulo Egídio" }, { "distance": 119.768, "sign": 2, "interval": [ 2, 4 ], "text": "Turn right onto Largo São Francisco", "time": 22443, "street_name": "Largo São Francisco" }, { "distance": 223.137, "sign": 2, "interval": [ 4, 11 ], "text": "Turn right onto Rua Líbero Badaró", "time": 46148, "street_name": "Rua Líbero Badaró" }, { "distance": 271.528, "sign": -7, "interval": [ 11, 16 ], "text": "Keep left onto Viaduto do Chá", "time": 63433, "street_name": "Viaduto do Chá" }, { "distance": 70.517, "sign": 7, "interval": [ 16, 17 ], "text": "Keep right onto Praça Ramos de Azevedo", "time": 14301, "street_name": "Praça Ramos de Azevedo" }, { "distance": 6.212, "sign": -1, "interval": [ 17, 18 ], "text": "Turn slight left onto Rua Conselheiro Crispiniano", "time": 1398, "street_name": "Rua Conselheiro Crispiniano" }, { "distance": 9.031, "sign": -2, "interval": [ 18, 19 ], "text": "Turn left onto Rua Conselheiro Crispiniano", "time": 2540, "street_name": "Rua Conselheiro Crispiniano" }, { "distance": 332.435, "sign": 2, "interval": [ 19, 21 ], "text": "Turn right onto Rua Barão de Itapetininga", "time": 97761, "street_name": "Rua Barão de Itapetininga" }, { "distance": 157.337, "sign": -2, "interval": [ 21, 23 ], "text": "Turn left onto Praça da República", "time": 32056, "street_name": "Praça da República" }, { "distance": 0.0, "sign": 4, "last_heading": 228.47837996431838, "interval": [ 23, 23 ], "text": "Arrive at destination", "time": 0, "street_name": "" } ], "legs": [ ], "details": { }, "ascend": 20.8194580078125, "descend": 35.1044921875, "snapped_waypoints": { "type": "LineString", "coordinates": [ [ -46.636112, -23.549611, 780.62 ], [ -46.643043, -23.544563, 766.33 ] ] } } ] }, "geometry": null },
{ "type": "Feature", "properties": { "hints": { "visited_nodes.sum": 102, "visited_nodes.average": 102.0 }, "info": { "copyrights": [ "GraphHopper", "OpenStreetMap contributors" ], "took": 2, "road_data_timestamp": "2024-09-03T15:00:00Z" }, "paths": [ { "distance": 1206.511, "weight": 359.420778, "time": 353634, "transfers": 0, "points_encoded": false, "bbox": [ -46.662832, -23.558784, -46.65535, -23.553993 ], "points": { "type": "LineString", "coordinates": [ [ -46.655556, -23.558784, 820.37 ], [ -46.655399, -23.558442, 819.95 ], [ -46.655367, -23.558301, 819.76 ], [ -46.65535, -23.558107, 819.54 ], [ -46.655389, -23.55811, 819.82 ], [ -46.655413, -23.558288, 819.99 ], [ -46.656078, -23.55787, 825.6 ], [ -46.657203, -23.557152, 825.99 ], [ -46.657375, -23.557023, 825.42 ], [ -46.658151, -23.556343, 823.38 ], [ -46.659176, -23.555446, 838.16 ], [ -46.660794, -23.554033, 826.31 ], [ -46.660998, -23.553993, 826.8 ], [ -46.662791, -23.555468, 827.81 ], [ -46.662832, -23.555427, 828.19 ], [ -46.662387, -23.555063, 830.09 ], [ -46.66238, -23.55507, 830.07 ], [ -46.662427, -23.55511, 829.94 ], [ -46.662339, -23.555195, 830.0 ], [ -46.66219, -23.555069, 830.13 ], [ -46.662185, -23.555074, 830.03 ] ] }, "instructions": [ { "distance": 78.934, "heading": 22.94, "sign": 0, "interval": [ 0, 3 ], "text": "Continue", "time": 71041, "street_name": "" }, { "distance": 4.01, "sign": -2, "interval": [ 3, 4 ], "text": "Turn left", "time": 3609, "street_name": "" }, { "distance": 19.915, "sign": -2, "interval": [ 4, 5 ], "text": "Turn left onto Rua Peixoto Gomide", "time": 3983, "street_name": "Rua Peixoto Gomide" }, { "distance": 82.326, "sign": 3, "interval": [ 5, 6 ], "text": "Turn sharp right onto Rua Antônio Carlos", "time": 18295, "street_name": "Rua Antônio Carlos" }, { "distance": 666.522, "sign": 0, "interval": [ 6, 12 ], "text": "Continue onto Rua Antônio Carlos", "time": 138282, "street_name": "Rua Antônio Carlos" }, { "distance": 245.617, "sign": -2, "interval": [ 12, 13 ], "text": "Turn left onto Rua da Consolação", "time": 49124, "street_name": "Rua da Consolação" }, { "distance": 6.18, "sign": 2, "interval": [ 13, 14 ], "text": "Turn right", "time": 1854, "street_name": "" }, { "distance": 60.906, "sign": 2, "interval": [ 14, 15 ], "text": "Turn right", "time": 54815, "street_name": "" }, { "distance": 20.671, "sign": 2, "interval": [ 15, 18 ], "text": "Turn right", "time": 6202, "street_name": "" }, { "distance": 20.671, "sign": -2, "interval": [ 18, 19 ], "text": "Turn left onto Paulista", "time": 6201, "street_name": "Paulista" }, { "distance": 0.76, "sign": 2, "interval": [ 19, 20 ], "text": "Turn right onto Paulista", "time": 228, "street_name": "Paulista" }, { "distance": 0.0, "sign": 4, "last_heading": 138.00261453521009, "interval": [ 20, 20 ], "text": "Arrive at destination", "time": 0, "street_name": "" } ], "legs": [ ], "details": { }, "ascend": 25.68701171875, "descend": 16.03045654296875, "snapped_waypoints": { "type": "LineString", "coordinates": [ [ -46.655556, -23.558784, 820.37 ], [ -46.662185, -23.555074, 830.03 ] ] } } ] }, "geometry": null },
{ "type": "Feature", "properties": { "hints": { "visited_nodes.sum": 30, "visited_nodes.average": 30.0 }, "info": { "copyrights": [ "GraphHopper", "OpenStreetMap contributors" ], "took": 1, "road_data_timestamp": "2024-09-03T15:00:00Z" }, "paths": [ { "distance": 835.1, "weight": 293.496168, "time": 169965, "transfers": 0, "points_encoded": false, "bbox": [ -46.694449, -23.570463, -46.692927, -23.56652 ], "points": { "type": "LineString", "coordinates": [ [ -46.69394, -23.56932, 737.27 ], [ -46.693984, -23.569332, 737.48 ], [ -46.69413, -23.569411, 737.95 ], [ -46.694287, -23.569543, 738.42 ], [ -46.694387, -23.570289, 736.21 ], [ -46.694389, -23.570369, 735.98 ], [ -46.694381, -23.570411, 735.85 ], [ -46.694354, -23.570449, 735.72 ], [ -46.694317, -23.570463, 735.61 ], [ -46.694259, -23.570457, 735.45 ], [ -46.694203, -23.570409, 735.24 ], [ -46.693455, -23.569547, 732.01 ], [ -46.69343, -23.569506, 731.88 ], [ -46.693416, -23.569423, 731.63 ], [ -46.693438, -23.56933, 731.35 ], [ -46.693466, -23.569301, 736.1 ], [ -46.693489, -23.569288, 736.09 ], [ -46.693286, -23.567668, 740.73 ], [ -46.692927, -23.567756, 739.6 ], [ -46.693098, -23.567573, 740.54 ], [ -46.693247, -23.567414, 741.07 ], [ -46.693423, -23.567297, 741.58 ], [ -46.693543, -23.567247, 741.87 ], [ -46.693618, -23.5672, 741.77 ], [ -46.693767, -23.567131, 741.28 ], [ -46.694045, -23.566945, 740.45 ], [ -46.694163, -23.566828, 740.03 ], [ -46.694256, -23.566703, 739.64 ], [ -46.694343, -23.566568, 739.22 ], [ -46.694365, -23.56652, 739.13 ], [ -46.694449, -23.566586, 739.19 ], [ -46.69437, -23.566712, 739.41 ], [ -46.694231, -23.566892, 739.99 ], [ -46.694099, -23.567039, 740.53 ], [ -46.693964, -23.567129, 740.8 ] ] }, "instructions": [ { "distance": 43.743, "heading": 253.59, "sign": 0, "interval": [ 0, 3 ], "text": "Continue onto Rua dos Cariris", "time": 8749, "street_name": "Rua dos Cariris" }, { "distance": 276.95, "sign": -1, "interval": [ 3, 16 ], "text": "Turn slight left onto Rua dos Cariris", "time": 55390, "street_name": "Rua dos Cariris" }, { "distance": 181.455, "sign": 2, "interval": [ 16, 17 ], "text": "Turn right onto Rua Cláudio Soares", "time": 37511, "street_name": "Rua Cláudio Soares" }, { "distance": 37.919, "sign": 2, "interval": [ 17, 18 ], "text": "Turn right onto Praça João Nassar", "time": 7584, "street_name": "Praça João Nassar" }, { "distance": 26.8, "sign": -3, "interval": [ 18, 19 ], "text": "Turn sharp left onto Ciclovia da Avenida Faria Lima", "time": 5956, "street_name": "Ciclovia da Avenida Faria Lima" }, { "distance": 178.117, "sign": 0, "interval": [ 19, 29 ], "text": "Continue onto Ciclovia da Avenida Faria Lima", "time": 35624, "street_name": "Ciclovia da Avenida Faria Lima" }, { "distance": 11.284, "sign": -3, "interval": [ 29, 30 ], "text": "Turn sharp left", "time": 3385, "street_name": "" }, { "distance": 78.832, "sign": -2, "interval": [ 30, 34 ], "text": "Turn left onto Avenida Brigadeiro Faria Lima", "time": 15766, "street_name": "Avenida Brigadeiro Faria Lima" }, { "distance": 0.0, "sign": 4, "last_heading": 126.21114311141773, "interval": [ 34, 34 ], "text": "Arrive at destination", "time": 0, "street_name": "" } ], "legs": [ ], "details": { }, "ascend": 14.47979736328125, "descend": 10.94677734375, "snapped_waypoints": { "type": "LineString", "coordinates": [ [ -46.69394, -23.56932, 737.27 ], [ -46.693964, -23.567129, 740.8 ] ] } } ] }, "geometry": null },
{ "type": "Feature", "properties": { "hints": { "visited_nodes.sum": 48, "visited_nodes.average": 48.0 }, "info": { "copyrights": [ "GraphHopper", "OpenStreetMap contributors" ], "took": 1, "road_data_timestamp": "2024-09-03T15:00:00Z" }, "paths": [ { "distance": 1949.345, "weight": 521.402724, "time": 417341, "transfers": 0, "points_encoded": false, "bbox": [ -46.701722, -23.570463, -46.692927, -23.56499 ], "points": { "type": "LineString", "coordinates": [ [ -46.69394, -23.56932, 737.27 ], [ -46.693984, -23.569332, 737.48 ], [ -46.69413, -23.569411, 737.95 ], [ -46.694287, -23.569543, 738.42 ], [ -46.694387, -23.570289, 736.21 ], [ -46.694389, -23.570369, 735.98 ], [ -46.694381, -23.570411, 735.85 ], [ -46.694354, -23.570449, 735.72 ], [ -46.694317, -23.570463, 735.61 ], [ -46.694259, -23.570457, 735.45 ], [ -46.694203, -23.570409, 735.24 ], [ -46.693455, -23.569547, 732.01 ], [ -46.69343, -23.569506, 731.88 ], [ -46.693416, -23.569423, 731.63 ], [ -46.693438, -23.56933, 731.35 ], [ -46.693466, -23.569301, 736.1 ], [ -46.693489, -23.569288, 736.09 ], [ -46.693286, -23.567668, 740.73 ], [ -46.692927, -23.567756, 739.6 ], [ -46.693098, -23.567573, 740.54 ], [ -46.693247, -23.567414, 741.07 ], [ -46.693423, -23.567297, 741.58 ], [ -46.693543, -23.567247, 741.87 ], [ -46.693618, -23.5672, 741.77 ], [ -46.693767, -23.567131, 741.28 ], [ -46.694045, -23.566945, 740.45 ], [ -46.694163, -23.566828, 740.03 ], [ -46.694256, -23.566703, 739.64 ], [ -46.694343, -23.566568, 739.22 ], [ -46.694411, -23.566423, 739.32 ], [ -46.694483, -23.566186, 739.77 ], [ -46.694529, -23.565968, 740.17 ], [ -46.694585, -23.56499, 739.57 ], [ -46.695308, -23.565035, 737.81 ], [ -46.695427, -23.56505, 737.51 ], [ -46.695505, -23.565075, 737.31 ], [ -46.695581, -23.565128, 737.17 ], [ -46.695682, -23.565183, 736.99 ], [ -46.695831, -23.565235, 736.75 ], [ -46.69651, -23.5653, 735.76 ], [ -46.697893, -23.565385, 735.38 ], [ -46.698133, -23.565391, 735.32 ], [ -46.698271, -23.565381, 734.4 ], [ -46.699165, -23.565282, 730.28 ], [ -46.700111, -23.565157, 728.33 ], [ -46.700172, -23.566021, 729.23 ], [ -46.700287, -23.567464, 733.4 ], [ -46.700301, -23.567592, 733.77 ], [ -46.700334, -23.567746, 734.22 ], [ -46.700976, -23.567449, 728.55 ], [ -46.701186, -23.567342, 726.38 ], [ -46.701443, -23.567031, 727.11 ], [ -46.701722, -23.567111, 727.76 ] ] }, "instructions": [ { "distance": 43.743, "heading": 253.59, "sign": 0, "interval": [ 0, 3 ], "text": "Continue onto Rua dos Cariris", "time": 8749, "street_name": "Rua dos Cariris" }, { "distance": 276.95, "sign": -1, "interval": [ 3, 16 ], "text": "Turn slight left onto Rua dos Cariris", "time": 55390, "street_name": "Rua dos Cariris" }, { "distance": 181.455, "sign": 2, "interval": [ 16, 17 ], "text": "Turn right onto Rua Cláudio Soares", "time": 37511, "street_name": "Rua Cláudio Soares" }, { "distance": 37.919, "sign": 2, "interval": [ 17, 18 ], "text": "Turn right onto Praça João Nassar", "time": 7584, "street_name": "Praça João Nassar" }, { "distance": 26.8, "sign": -3, "interval": [ 18, 19 ], "text": "Turn sharp left onto Ciclovia da Avenida Faria Lima", "time": 5956, "street_name": "Ciclovia da Avenida Faria Lima" }, { "distance": 350.853, "sign": 0, "interval": [ 19, 32 ], "text": "Continue onto Ciclovia da Avenida Faria Lima", "time": 70171, "street_name": "Ciclovia da Avenida Faria Lima" }, { "distance": 571.271, "sign": -2, "interval": [ 32, 44 ], "text": "Turn left onto Rua Cristóvão Gonçalves", "time": 113221, "street_name": "Rua Cristóvão Gonçalves" }, { "distance": 288.995, "sign": -2, "interval": [ 44, 48 ], "text": "Turn left onto Rua Eugênio de Medeiros", "time": 57799, "street_name": "Rua Eugênio de Medeiros" }, { "distance": 98.149, "sign": 3, "interval": [ 48, 50 ], "text": "Turn sharp right onto Rua Capri", "time": 17845, "street_name": "Rua Capri" }, { "distance": 43.429, "sign": 1, "interval": [ 50, 51 ], "text": "Turn slight right", "time": 34180, "street_name": "" }, { "distance": 29.782, "sign": -2, "interval": [ 51, 52 ], "text": "Turn left", "time": 8935, "street_name": "" }, { "distance": 0.0, "sign": 4, "last_heading": 251.30501852233036, "interval": [ 52, 52 ], "text": "Arrive at destination", "time": 0, "street_name": "" } ], "legs": [ ], "details": { }, "ascend": 22.9698486328125, "descend": 32.476806640625, "snapped_waypoints": { "type": "LineString", "coordinates": [ [ -46.69394, -23.56932, 737.27 ], [ -46.701722, -23.567111, 727.76 ] ] } } ] }, "geometry": null },
{ "type": "Feature", "properties": { "hints": { "visited_nodes.sum": 52, "visited_nodes.average": 52.0 }, "info": { "copyrights": [ "GraphHopper", "OpenStreetMap contributors" ], "took": 1, "road_data_timestamp": "2024-09-03T15:00:00Z" }, "paths": [ { "distance": 1531.815, "weight": 333.527297, "time": 341084, "transfers": 0, "points_encoded": false, "bbox": [ -46.719661, -23.572064, -46.707818, -23.566612 ], "points": { "type": "LineString", "coordinates": [ [ -46.719661, -23.567578, 774.57 ], [ -46.719604, -23.567512, 771.69 ], [ -46.719542, -23.567454, 771.03 ], [ -46.719381, -23.567347, 768.35 ], [ -46.719261, -23.567307, 766.68 ], [ -46.71888, -23.566971, 759.44 ], [ -46.718651, -23.566816, 756.27 ], [ -46.718697, -23.566742, 756.09 ], [ -46.718597, -23.566679, 754.64 ], [ -46.718467, -23.566612, 754.37 ], [ -46.718446, -23.566632, 754.29 ], [ -46.718418, -23.566644, 754.2 ], [ -46.718387, -23.566648, 754.11 ], [ -46.718357, -23.566642, 754.03 ], [ -46.71833, -23.566627, 753.98 ], [ -46.717963, -23.566986, 752.19 ], [ -46.717702, -23.567271, 750.55 ], [ -46.717652, -23.567341, 750.18 ], [ -46.717591, -23.567582, 749.1 ], [ -46.717525, -23.56817, 746.5 ], [ -46.717472, -23.568419, 745.39 ], [ -46.717434, -23.568432, 744.86 ], [ -46.715592, -23.569004, 729.53 ], [ -46.715531, -23.569037, 729.55 ], [ -46.715467, -23.569089, 729.58 ], [ -46.715384, -23.569181, 729.84 ], [ -46.71532, -23.569284, 730.24 ], [ -46.715173, -23.569244, 730.04 ], [ -46.715058, -23.569243, 729.9 ], [ -46.714973, -23.569261, 729.78 ], [ -46.711604, -23.570338, 729.56 ], [ -46.707818, -23.571539, 730.45 ], [ -46.708024, -23.572064, 732.34 ] ] }, "instructions": [ { "distance": 52.346, "heading": 38.06, "sign": 0, "interval": [ 0, 4 ], "text": "Continue onto Rua Emílio Ribas", "time": 14792, "street_name": "Rua Emílio Ribas" }, { "distance": 93.092, "sign": -7, "interval": [ 4, 7 ], "text": "Keep left onto Rua Emílio Ribas", "time": 26122, "street_name": "Rua Emílio Ribas" }, { "distance": 27.717, "sign": 2, "interval": [ 7, 9 ], "text": "Turn right onto Rua Emílio Ribas", "time": 12745, "street_name": "Rua Emílio Ribas" }, { "distance": 15.831, "sign": 2, "interval": [ 9, 14 ], "text": "Turn right", "time": 4749, "street_name": "" }, { "distance": 226.942, "sign": 2, "interval": [ 14, 20 ], "text": "Turn right onto Rua Henrique da Rocha Lima", "time": 61893, "street_name": "Rua Henrique da Rocha Lima" }, { "distance": 4.206, "sign": -2, "interval": [ 20, 21 ], "text": "Turn left onto Rua Henrique da Rocha Lima", "time": 1262, "street_name": "Rua Henrique da Rocha Lima" }, { "distance": 198.874, "sign": 0, "interval": [ 21, 22 ], "text": "Continue onto Avenida Vital Brasil", "time": 36159, "street_name": "Avenida Vital Brasil" }, { "distance": 29.239, "sign": 7, "interval": [ 22, 25 ], "text": "Keep right onto Avenida Vital Brasil", "time": 5848, "street_name": "Avenida Vital Brasil" }, { "distance": 13.137, "sign": 0, "interval": [ 25, 26 ], "text": "Continue onto Rua Henrique da Rocha Lima", "time": 2627, "street_name": "Rua Henrique da Rocha Lima" }, { "distance": 808.341, "sign": -2, "interval": [ 26, 31 ], "text": "Turn left onto Avenida Vital Brasil", "time": 162469, "street_name": "Avenida Vital Brasil" }, { "distance": 62.09, "sign": 2, "interval": [ 31, 32 ], "text": "Turn right onto Rua Pirajussara", "time": 12418, "street_name": "Rua Pirajussara" }, { "distance": 0.0, "sign": 4, "last_heading": 199.8190310518746, "interval": [ 32, 32 ], "text": "Arrive at destination", "time": 0, "street_name": "" } ], "legs": [ ], "details": { }, "ascend": 6.54400634765625, "descend": 48.77496337890625, "snapped_waypoints": { "type": "LineString", "coordinates": [ [ -46.719661, -23.567578, 774.57 ], [ -46.708024, -23.572064, 732.34 ] ] } } ] }, "geometry": null },
{ "type": "Feature", "properties": { "hints": { "visited_nodes.sum": 20, "visited_nodes.average": 20.0 }, "info": { "copyrights": [ "GraphHopper", "OpenStreetMap contributors" ], "took": 1, "road_data_timestamp": "2024-09-03T15:00:00Z" }, "paths": [ { "distance": 530.496, "weight": 93.801917, "time": 103794, "transfers": 0, "points_encoded": false, "bbox": [ -46.685355, -23.566272, -46.683421, -23.563049 ], "points": { "type": "LineString", "coordinates": [ [ -46.68385, -23.563049, 750.72 ], [ -46.683421, -23.563647, 749.04 ], [ -46.685355, -23.564796, 748.83 ], [ -46.684691, -23.56576, 744.35 ], [ -46.684359, -23.566272, 742.63 ], [ -46.684156, -23.566186, 743.01 ] ] }, "instructions": [ { "distance": 79.6, "heading": 146.67, "sign": 0, "interval": [ 0, 1 ], "text": "Continue onto Rua Doutor Virgílio de Carvalho Pinto", "time": 15920, "street_name": "Rua Doutor Virgílio de Carvalho Pinto" }, { "distance": 234.944, "sign": 2, "interval": [ 1, 2 ], "text": "Turn right onto Rua Artur de Azevedo", "time": 46989, "street_name": "Rua Artur de Azevedo" }, { "distance": 193.117, "sign": -2, "interval": [ 2, 4 ], "text": "Turn left onto Rua Fradique Coutinho", "time": 36318, "street_name": "Rua Fradique Coutinho" }, { "distance": 22.835, "sign": -2, "interval": [ 4, 5 ], "text": "Turn left onto Rua dos Pinheiros", "time": 4567, "street_name": "Rua dos Pinheiros" }, { "distance": 0.0, "sign": 4, "last_heading": 65.27708159925469, "interval": [ 5, 5 ], "text": "Arrive at destination", "time": 0, "street_name": "" } ], "legs": [ ], "details": { }, "ascend": 1.345947265625, "descend": 9.05499267578125, "snapped_waypoints": { "type": "LineString", "coordinates": [ [ -46.68385, -23.563049, 750.72 ], [ -46.684156, -23.566186, 743.01 ] ] } } ] }, "geometry": null },
{ "type": "Feature", "properties": { "hints": { "visited_nodes.sum": 90, "visited_nodes.average": 90.0 }, "info": { "copyrights": [ "GraphHopper", "OpenStreetMap contributors" ], "took": 2, "road_data_timestamp": "2024-09-03T15:00:00Z" }, "paths": [ { "distance": 1629.936, "weight": 385.681355, "time": 387582, "transfers": 0, "points_encoded": false, "bbox": [ -46.657497, -23.558784, -46.652189, -23.548946 ], "points": { "type": "LineString", "coordinates": [ [ -46.655556, -23.558784, 820.37 ], [ -46.655399, -23.558442, 819.95 ], [ -46.655367, -23.558301, 819.76 ], [ -46.65535, -23.558107, 819.54 ], [ -46.655389, -23.55811, 819.82 ], [ -46.655413, -23.558288, 819.99 ], [ -46.656078, -23.55787, 825.6 ], [ -46.657203, -23.557152, 825.99 ], [ -46.657289, -23.557091, 825.74 ], [ -46.656666, -23.55629, 821.34 ], [ -46.657497, -23.555554, 822.09 ], [ -46.65676, -23.554862, 812.32 ], [ -46.656391, -23.554538, 812.11 ], [ -46.65589, -23.554073, 811.82 ], [ -46.655286, -23.553475, 813.82 ], [ -46.655767, -23.552651, 820.57 ], [ -46.655569, -23.552572, 819.97 ], [ -46.655461, -23.552518, 819.43 ], [ -46.653216, -23.550735, 805.15 ], [ -46.65372, -23.549912, 802.43 ], [ -46.652575, -23.549255, 798.87 ], [ -46.652304, -23.549102, 796.97 ], [ -46.652189, -23.549045, 796.2 ], [ -46.652251, -23.548946, 796.87 ] ] }, "instructions": [ { "distance": 78.934, "heading": 22.94, "sign": 0, "interval": [ 0, 3 ], "text": "Continue", "time": 71041, "street_name": "" }, { "distance": 4.01, "sign": -2, "interval": [ 3, 4 ], "text": "Turn left", "time": 3609, "street_name": "" }, { "distance": 19.915, "sign": -2, "interval": [ 4, 5 ], "text": "Turn left onto Rua Peixoto Gomide", "time": 3983, "street_name": "Rua Peixoto Gomide" }, { "distance": 82.326, "sign": 3, "interval": [ 5, 6 ], "text": "Turn sharp right onto Rua Antônio Carlos", "time": 18295, "street_name": "Rua Antônio Carlos" }, { "distance": 150.81, "sign": 0, "interval": [ 6, 8 ], "text": "Continue onto Rua Antônio Carlos", "time": 30370, "street_name": "Rua Antônio Carlos" }, { "distance": 109.394, "sign": 2, "interval": [ 8, 9 ], "text": "Turn right onto Rua Frei Caneca", "time": 19890, "street_name": "Rua Frei Caneca" }, { "distance": 117.835, "sign": -2, "interval": [ 9, 10 ], "text": "Turn left onto Rua Matias Aires", "time": 23678, "street_name": "Rua Matias Aires" }, { "distance": 323.405, "sign": 2, "interval": [ 10, 14 ], "text": "Turn right onto Rua Augusta", "time": 62718, "street_name": "Rua Augusta" }, { "distance": 104.214, "sign": -2, "interval": [ 14, 15 ], "text": "Turn left onto Rua Costa", "time": 23424, "street_name": "Rua Costa" }, { "distance": 337.736, "sign": 2, "interval": [ 15, 18 ], "text": "Turn right onto Rua Bela Cintra", "time": 61600, "street_name": "Rua Bela Cintra" }, { "distance": 104.978, "sign": -2, "interval": [ 18, 19 ], "text": "Turn left onto Rua Dona Antônia de Queirós", "time": 20996, "street_name": "Rua Dona Antônia de Queirós" }, { "distance": 183.623, "sign": 2, "interval": [ 19, 22 ], "text": "Turn right onto Rua da Consolação", "time": 35222, "street_name": "Rua da Consolação" }, { "distance": 12.756, "sign": -2, "interval": [ 22, 23 ], "text": "Turn left", "time": 12756, "street_name": "" }, { "distance": 0.0, "sign": 4, "last_heading": 328.88923356099514, "interval": [ 23, 23 ], "text": "Arrive at destination", "time": 0, "street_name": "" } ], "legs": [ ], "details": { }, "ascend": 18.40692138671875, "descend": 41.90740966796875, "snapped_waypoints": { "type": "LineString", "coordinates": [ [ -46.655556, -23.558784, 820.37 ], [ -46.652251, -23.548946, 796.87 ] ] } } ] }, "geometry": null },
{ "type": "Feature", "properties": { "hints": { "visited_nodes.sum": 80, "visited_nodes.average": 80.0 }, "info": { "copyrights": [ "GraphHopper", "OpenStreetMap contributors" ], "took": 1, "road_data_timestamp": "2024-09-03T15:00:00Z" }, "paths": [ { "distance": 1915.509, "weight": 485.273515, "time": 395974, "transfers": 0, "points_encoded": false, "bbox": [ -46.672093, -23.560505, -46.66615, -23.549873 ], "points": { "type": "LineString", "coordinates": [ [ -46.669667, -23.550682, 789.68 ], [ -46.669566, -23.55065, 789.51 ], [ -46.66949, -23.55061, 789.45 ], [ -46.669443, -23.550585, 789.14 ], [ -46.669324, -23.550499, 788.26 ], [ -46.669224, -23.550386, 787.33 ], [ -46.669118, -23.550243, 786.24 ], [ -46.669026, -23.550159, 785.48 ], [ -46.668862, -23.55005, 785.87 ], [ -46.668729, -23.549992, 786.62 ], [ -46.668594, -23.549951, 787.34 ], [ -46.668438, -23.549928, 788.15 ], [ -46.668344, -23.549924, 788.62 ], [ -46.668112, -23.549873, 789.77 ], [ -46.66803, -23.549924, 791.01 ], [ -46.667884, -23.549973, 792.5 ], [ -46.667568, -23.550048, 795.6 ], [ -46.667387, -23.550077, 797.34 ], [ -46.667407, -23.550164, 797.78 ], [ -46.667503, -23.55048, 799.37 ], [ -46.667831, -23.551532, 804.67 ], [ -46.667853, -23.551722, 805.63 ], [ -46.667827, -23.551987, 806.97 ], [ -46.667726, -23.552197, 806.53 ], [ -46.667593, -23.552407, 806.06 ], [ -46.667508, -23.552566, 805.71 ], [ -46.667239, -23.552708, 804.49 ], [ -46.666857, -23.55293, 803.61 ], [ -46.666809, -23.552954, 803.66 ], [ -46.666768, -23.552985, 803.71 ], [ -46.666733, -23.553022, 803.76 ], [ -46.666707, -23.553066, 803.81 ], [ -46.666674, -23.553168, 803.91 ], [ -46.667684, -23.555256, 823.2 ], [ -46.66763, -23.555496, 822.9 ], [ -46.666547, -23.556, 824.43 ], [ -46.666532, -23.55601, 824.48 ], [ -46.666334, -23.556145, 824.84 ], [ -46.666268, -23.556205, 824.98 ], [ -46.666215, -23.556289, 825.12 ], [ -46.666171, -23.556407, 823.85 ], [ -46.666155, -23.55648, 823.08 ], [ -46.66615, -23.556561, 822.26 ], [ -46.666171, -23.556676, 821.06 ], [ -46.666212, -23.556777, 819.96 ], [ -46.666324, -23.556967, 818.11 ], [ -46.666396, -23.557024, 817.77 ], [ -46.666945, -23.557338, 817.69 ], [ -46.667557, -23.557831, 807.43 ], [ -46.668179, -23.558274, 806.86 ], [ -46.668653, -23.558587, 806.44 ], [ -46.669651, -23.55915, 794.03 ], [ -46.670618, -23.559673, 788.26 ], [ -46.672093, -23.560505, 777.81 ] ] }, "instructions": [ { "distance": 189.892, "heading": 71.23, "sign": 0, "interval": [ 0, 13 ], "text": "Continue onto Rua Principado de Mônaco", "time": 38682, "street_name": "Rua Principado de Mônaco" }, { "distance": 78.313, "sign": 2, "interval": [ 13, 17 ], "text": "Turn right onto Rua Bauru", "time": 23125, "street_name": "Rua Bauru" }, { "distance": 219.116, "sign": 2, "interval": [ 17, 22 ], "text": "Turn right onto Rua Itaperuna", "time": 48693, "street_name": "Rua Itaperuna" }, { "distance": 72.165, "sign": -1, "interval": [ 22, 25 ], "text": "Turn slight left onto Rua Itatinga", "time": 14433, "street_name": "Rua Itatinga" }, { "distance": 31.699, "sign": -1, "interval": [ 25, 26 ], "text": "Turn slight left onto Rua Itajubá", "time": 5763, "street_name": "Rua Itajubá" }, { "distance": 46.115, "sign": 0, "interval": [ 26, 27 ], "text": "Continue onto Rua Angatuba", "time": 9223, "street_name": "Rua Angatuba" }, { "distance": 33.838, "sign": 0, "interval": [ 27, 32 ], "text": "Continue onto Rua Angatuba", "time": 6768, "street_name": "Rua Angatuba" }, { "distance": 254.81, "sign": 1, "interval": [ 32, 33 ], "text": "Turn slight right onto Rua Major Natanael", "time": 61970, "street_name": "Rua Major Natanael" }, { "distance": 27.224, "sign": -1, "interval": [ 33, 34 ], "text": "Turn slight left onto Rua Major Natanael", "time": 5445, "street_name": "Rua Major Natanael" }, { "distance": 123.789, "sign": -2, "interval": [ 34, 35 ], "text": "Turn left onto Avenida Doutor Arnaldo", "time": 24758, "street_name": "Avenida Doutor Arnaldo" }, { "distance": 1.905, "sign": 7, "interval": [ 35, 36 ], "text": "Keep right onto Viaduto Okuhara Koei and drive toward r. consolação, ai. santos, centro", "time": 381, "street_destination": "r. consolação, ai. santos, centro", "street_name": "Viaduto Okuhara Koei" }, { "distance": 125.875, "sign": 7, "interval": [ 36, 45 ], "text": "Keep right onto Avenida Doutor Arnaldo and drive toward av. rebouças, marg. pinheiros", "time": 23713, "street_destination": "av. rebouças, marg. pinheiros", "street_name": "Avenida Doutor Arnaldo" }, { "distance": 710.768, "sign": 1, "interval": [ 45, 53 ], "text": "Turn slight right onto Avenida Rebouças", "time": 133020, "street_name": "Avenida Rebouças" }, { "distance": 0.0, "sign": 4, "last_heading": 237.34776663294352, "interval": [ 53, 53 ], "text": "Arrive at destination", "time": 0, "street_name": "" } ], "legs": [ ], "details": { }, "ascend": 43.8099365234375, "descend": 55.681396484375, "snapped_waypoints": { "type": "LineString", "coordinates": [ [ -46.669667, -23.550682, 789.68 ], [ -46.672093, -23.560505, 777.81 ] ] } } ] }, "geometry": null },
{ "type": "Feature", "properties": { "hints": { "visited_nodes.sum": 86, "visited_nodes.average": 86.0 }, "info": { "copyrights": [ "GraphHopper", "OpenStreetMap contributors" ], "took": 1, "road_data_timestamp": "2024-09-03T15:00:00Z" }, "paths": [ { "distance": 1811.838, "weight": 664.28042, "time": 410714, "transfers": 0, "points_encoded": false, "bbox": [ -46.724302, -23.589402, -46.714277, -23.58607 ], "points": { "type": "LineString", "coordinates": [ [ -46.714277, -23.58815, 770.97 ], [ -46.714292, -23.588109, 766.67 ], [ -46.714345, -23.588191, 767.52 ], [ -46.714379, -23.588264, 768.24 ], [ -46.714419, -23.588456, 769.95 ], [ -46.71452, -23.589071, 777.71 ], [ -46.714705, -23.588981, 777.8 ], [ -46.714812, -23.589005, 777.84 ], [ -46.714839, -23.588981, 777.84 ], [ -46.714875, -23.589027, 778.3 ], [ -46.715239, -23.589402, 782.31 ], [ -46.715737, -23.588511, 776.48 ], [ -46.715839, -23.588307, 775.18 ], [ -46.715875, -23.588197, 774.51 ], [ -46.715902, -23.588085, 773.87 ], [ -46.715938, -23.588083, 773.65 ], [ -46.715974, -23.588068, 773.77 ], [ -46.716227, -23.587862, 774.81 ], [ -46.716281, -23.587839, 775.0 ], [ -46.716387, -23.587856, 775.33 ], [ -46.716622, -23.587959, 776.14 ], [ -46.716802, -23.587624, 780.78 ], [ -46.718842, -23.588551, 774.83 ], [ -46.720356, -23.589239, 760.04 ], [ -46.721371, -23.587368, 751.24 ], [ -46.722489, -23.587883, 735.49 ], [ -46.722928, -23.588077, 733.69 ], [ -46.723246, -23.588233, 735.36 ], [ -46.723294, -23.588263, 735.63 ], [ -46.723362, -23.588193, 735.77 ], [ -46.724302, -23.586744, 738.19 ], [ -46.724213, -23.586705, 738.0 ], [ -46.724262, -23.586619, 738.26 ], [ -46.723611, -23.586379, 737.03 ], [ -46.723507, -23.586382, 736.71 ], [ -46.723447, -23.586376, 736.53 ], [ -46.723306, -23.586342, 736.1 ], [ -46.723274, -23.586322, 736.08 ], [ -46.723212, -23.58623, 736.13 ], [ -46.723069, -23.586178, 735.92 ], [ -46.723113, -23.58607, 736.4 ], [ -46.723851, -23.586341, 737.31 ] ] }, "instructions": [ { "distance": 6.466, "heading": 342.66, "sign": 0, "interval": [ 0, 1 ], "text": "Continue onto Avenida Comendador Adibo Ares", "time": 1176, "street_name": "Avenida Comendador Adibo Ares" }, { "distance": 110.947, "sign": -3, "interval": [ 1, 5 ], "text": "Turn sharp left onto Rua Desembargador Amorim Lima", "time": 27737, "street_name": "Rua Desembargador Amorim Lima" }, { "distance": 36.506, "sign": 3, "interval": [ 5, 8 ], "text": "Turn sharp right", "time": 10952, "street_name": "" }, { "distance": 62.214, "sign": -2, "interval": [ 8, 10 ], "text": "Turn left onto Rua Antônio Arantes", "time": 13825, "street_name": "Rua Antônio Arantes" }, { "distance": 162.007, "sign": 3, "interval": [ 10, 14 ], "text": "Turn sharp right onto Rua Morishigue Akagui", "time": 29456, "street_name": "Rua Morishigue Akagui" }, { "distance": 85.75, "sign": -2, "interval": [ 14, 20 ], "text": "Turn left onto Rua Padre Eugênio Lopes", "time": 17150, "street_name": "Rua Padre Eugênio Lopes" }, { "distance": 41.758, "sign": 2, "interval": [ 20, 21 ], "text": "Turn right onto Rua dos Três Irmãos", "time": 10440, "street_name": "Rua dos Três Irmãos" }, { "distance": 405.143, "sign": -2, "interval": [ 21, 23 ], "text": "Turn left onto Rua Amélia Correa Fontes Guimarães", "time": 75782, "street_name": "Rua Amélia Correa Fontes Guimarães" }, { "distance": 232.587, "sign": 2, "interval": [ 23, 24 ], "text": "Turn right onto Rua Professor Arnaldo Laurindo", "time": 42289, "street_name": "Rua Professor Arnaldo Laurindo" }, { "distance": 220.952, "sign": -2, "interval": [ 24, 28 ], "text": "Turn left onto Rua Licio Marcondes do Amaral", "time": 41768, "street_name": "Rua Licio Marcondes do Amaral" }, { "distance": 197.907, "sign": 2, "interval": [ 28, 30 ], "text": "Turn right onto Ciclovia Avenida Jorge João Saad", "time": 39581, "street_name": "Ciclovia Avenida Jorge João Saad" }, { "distance": 9.998, "sign": 2, "interval": [ 30, 31 ], "text": "Turn right", "time": 8998, "street_name": "" }, { "distance": 10.822, "sign": -2, "interval": [ 31, 32 ], "text": "Turn left onto Avenida Jorge João Saad", "time": 2164, "street_name": "Avenida Jorge João Saad" }, { "distance": 71.531, "sign": 2, "interval": [ 32, 33 ], "text": "Turn right onto Avenida Professor Francisco Morato", "time": 14306, "street_name": "Avenida Professor Francisco Morato" }, { "distance": 31.598, "sign": 7, "interval": [ 33, 36 ], "text": "Keep right", "time": 28438, "street_name": "" }, { "distance": 16.002, "sign": -7, "interval": [ 36, 38 ], "text": "Keep left", "time": 14402, "street_name": "" }, { "distance": 15.702, "sign": 1, "interval": [ 38, 39 ], "text": "Turn slight right onto Avenida Professor Francisco Morato", "time": 3140, "street_name": "Avenida Professor Francisco Morato" }, { "distance": 12.901, "sign": -2, "interval": [ 39, 40 ], "text": "Turn left", "time": 12901, "street_name": "" }, { "distance": 81.047, "sign": -2, "interval": [ 40, 41 ], "text": "Turn left onto Avenida Professor Francisco Morato", "time": 16209, "street_name": "Avenida Professor Francisco Morato" }, { "distance": 0.0, "sign": 4, "last_heading": 248.1709393829648, "interval": [ 41, 41 ], "text": "Arrive at destination", "time": 0, "street_name": "" } ], "legs": [ ], "details": { }, "ascend": 28.99298095703125, "descend": 62.65447998046875, "snapped_waypoints": { "type": "LineString", "coordinates": [ [ -46.714277, -23.58815, 770.97 ], [ -46.723851, -23.586341, 737.31 ] ] } } ] }, "geometry": null },
{ "type": "Feature", "properties": { "hints": { "visited_nodes.sum": 52, "visited_nodes.average": 52.0 }, "info": { "copyrights": [ "GraphHopper", "OpenStreetMap contributors" ], "took": 2, "road_data_timestamp": "2024-09-03T15:00:00Z" }, "paths": [ { "distance": 664.691, "weight": 177.212103, "time": 129756, "transfers": 0, "points_encoded": false, "bbox": [ -46.682759, -23.618963, -46.681119, -23.615286 ], "points": { "type": "LineString", "coordinates": [ [ -46.68161, -23.615632, 747.94 ], [ -46.682048, -23.615286, 744.91 ], [ -46.682759, -23.616046, 742.96 ], [ -46.681929, -23.616687, 744.62 ], [ -46.681538, -23.616952, 745.36 ], [ -46.681119, -23.617225, 746.14 ], [ -46.681342, -23.617458, 744.81 ], [ -46.681481, -23.617519, 743.96 ], [ -46.681683, -23.617624, 742.67 ], [ -46.681788, -23.617696, 741.94 ], [ -46.681886, -23.61778, 741.22 ], [ -46.682465, -23.618402, 735.14 ], [ -46.682692, -23.618621, 734.77 ], [ -46.68267, -23.618702, 735.14 ], [ -46.682642, -23.618734, 735.31 ], [ -46.68231, -23.618963, 735.66 ] ] }, "instructions": [ { "distance": 59.034, "heading": 310.76, "sign": 0, "interval": [ 0, 1 ], "text": "Continue onto Rua Pensilvânia", "time": 11807, "street_name": "Rua Pensilvânia" }, { "distance": 111.305, "sign": -2, "interval": [ 1, 2 ], "text": "Turn left onto Avenida Portugal", "time": 22261, "street_name": "Avenida Portugal" }, { "distance": 212.51, "sign": -2, "interval": [ 2, 5 ], "text": "Turn left onto Rua Flórida", "time": 42502, "street_name": "Rua Flórida" }, { "distance": 34.423, "sign": 2, "interval": [ 5, 6 ], "text": "Turn right onto Avenida Santo Amaro", "time": 6259, "street_name": "Avenida Santo Amaro" }, { "distance": 191.241, "sign": 7, "interval": [ 6, 12 ], "text": "Keep right onto Avenida Santo Amaro and drive toward Marginal Pinheiros", "time": 35384, "street_destination": "Marginal Pinheiros", "street_name": "Avenida Santo Amaro" }, { "distance": 56.178, "sign": -2, "interval": [ 12, 15 ], "text": "Turn left", "time": 11543, "street_name": "" }, { "distance": 0.0, "sign": 4, "last_heading": 126.78410090654857, "interval": [ 15, 15 ], "text": "Arrive at destination", "time": 0, "street_name": "" } ], "legs": [ ], "details": { }, "ascend": 4.067626953125, "descend": 16.34912109375, "snapped_waypoints": { "type": "LineString", "coordinates": [ [ -46.68161, -23.615632, 747.94 ], [ -46.68231, -23.618963, 735.66 ] ] } } ] }, "geometry": null },
{ "type": "Feature", "properties": { "hints": { "visited_nodes.sum": 58, "visited_nodes.average": 58.0 }, "info": { "copyrights": [ "GraphHopper", "OpenStreetMap contributors" ], "took": 1, "road_data_timestamp": "2024-09-03T15:00:00Z" }, "paths": [ { "distance": 950.79, "weight": 252.699462, "time": 245366, "transfers": 0, "points_encoded": false, "bbox": [ -46.476784, -23.612244, -46.473636, -23.607827 ], "points": { "type": "LineString", "coordinates": [ [ -46.473998, -23.607827, 817.52 ], [ -46.473966, -23.607892, 817.6 ], [ -46.473968, -23.607942, 817.65 ], [ -46.474032, -23.607952, 818.11 ], [ -46.474057, -23.607945, 818.48 ], [ -46.474088, -23.607957, 818.94 ], [ -46.474122, -23.607952, 819.45 ], [ -46.474239, -23.608026, 821.45 ], [ -46.474411, -23.608186, 824.88 ], [ -46.473901, -23.608944, 821.02 ], [ -46.47366, -23.609312, 824.57 ], [ -46.473636, -23.609369, 824.74 ], [ -46.473652, -23.609393, 824.82 ], [ -46.473733, -23.609424, 825.05 ], [ -46.474461, -23.609489, 826.7 ], [ -46.474681, -23.609529, 827.04 ], [ -46.47532, -23.609563, 826.99 ], [ -46.476182, -23.60964, 821.32 ], [ -46.47528, -23.611015, 823.29 ], [ -46.475421, -23.611204, 821.72 ], [ -46.475324, -23.611261, 822.14 ], [ -46.47542, -23.611397, 821.08 ], [ -46.475472, -23.611474, 821.35 ], [ -46.475529, -23.61151, 821.25 ], [ -46.475592, -23.611466, 821.13 ], [ -46.475677, -23.611451, 821.0 ], [ -46.475897, -23.611505, 820.67 ], [ -46.476082, -23.611681, 820.27 ], [ -46.476208, -23.611913, 819.86 ], [ -46.476179, -23.612093, 819.56 ], [ -46.476151, -23.612153, 819.46 ], [ -46.476114, -23.612231, 819.82 ], [ -46.476413, -23.612209, 819.3 ], [ -46.476571, -23.612206, 819.05 ], [ -46.476748, -23.612244, 818.76 ], [ -46.476765, -23.61218, 818.6 ], [ -46.476784, -23.612111, 817.91 ] ] }, "instructions": [ { "distance": 13.462, "heading": 156.23, "sign": 0, "interval": [ 0, 2 ], "text": "Continue onto Viela do Vale", "time": 12115, "street_name": "Viela do Vale" }, { "distance": 56.131, "sign": 2, "interval": [ 2, 8 ], "text": "Turn right onto Viela Santa Terezinha", "time": 50518, "street_name": "Viela Santa Terezinha" }, { "distance": 416.892, "sign": -2, "interval": [ 8, 17 ], "text": "Turn left onto Rua Padre Lorenzo Rossi", "time": 81574, "street_name": "Rua Padre Lorenzo Rossi" }, { "distance": 178.376, "sign": -3, "interval": [ 17, 18 ], "text": "Turn sharp left onto Rua Elísio Ferreira", "time": 35675, "street_name": "Rua Elísio Ferreira" }, { "distance": 25.553, "sign": 2, "interval": [ 18, 19 ], "text": "Turn right onto Avenida Ragueb Chohfi", "time": 4646, "street_name": "Avenida Ragueb Chohfi" }, { "distance": 11.748, "sign": -2, "interval": [ 19, 20 ], "text": "Turn left", "time": 10647, "street_name": "" }, { "distance": 17.962, "sign": 2, "interval": [ 20, 21 ], "text": "Turn right", "time": 3266, "street_name": "" }, { "distance": 140.74, "sign": 7, "interval": [ 21, 30 ], "text": "Keep right", "time": 28148, "street_name": "" }, { "distance": 81.949, "sign": 7, "interval": [ 30, 35 ], "text": "Keep right", "time": 16601, "street_name": "" }, { "distance": 7.978, "sign": 0, "interval": [ 35, 36 ], "text": "Continue", "time": 2176, "street_name": "" }, { "distance": 0.0, "sign": 4, "last_heading": 345.7914885173544, "interval": [ 36, 36 ], "text": "Arrive at destination", "time": 0, "street_name": "" } ], "legs": [ ], "details": { }, "ascend": 16.3790283203125, "descend": 15.989501953125, "snapped_waypoints": { "type": "LineString", "coordinates": [ [ -46.473998, -23.607827, 817.52 ], [ -46.476784, -23.612111, 817.91 ] ] } } ] }, "geometry": null },
{ "type": "Feature", "properties": { "hints": { "visited_nodes.sum": 76, "visited_nodes.average": 76.0 }, "info": { "copyrights": [ "GraphHopper", "OpenStreetMap contributors" ], "took": 1, "road_data_timestamp": "2024-09-03T15:00:00Z" }, "paths": [ { "distance": 1780.57, "weight": 359.620799, "time": 378103, "transfers": 0, "points_encoded": false, "bbox": [ -46.488873, -23.620566, -46.483497, -23.610465 ], "points": { "type": "LineString", "coordinates": [ [ -46.484573, -23.620468, 783.9 ], [ -46.484188, -23.620559, 784.59 ], [ -46.484068, -23.620566, 784.8 ], [ -46.483896, -23.620527, 785.09 ], [ -46.483497, -23.620422, 786.37 ], [ -46.483531, -23.620266, 786.9 ], [ -46.483547, -23.620125, 787.38 ], [ -46.483563, -23.619457, 789.62 ], [ -46.483559, -23.619125, 792.72 ], [ -46.483577, -23.618942, 794.6 ], [ -46.483594, -23.618856, 795.5 ], [ -46.483746, -23.618465, 799.76 ], [ -46.483787, -23.618339, 801.1 ], [ -46.483798, -23.618221, 802.32 ], [ -46.483782, -23.618079, 803.79 ], [ -46.483637, -23.617437, 808.07 ], [ -46.48367, -23.617238, 809.28 ], [ -46.484249, -23.616089, 816.83 ], [ -46.484314, -23.615979, 817.58 ], [ -46.484675, -23.615575, 817.62 ], [ -46.484815, -23.614976, 819.83 ], [ -46.485164, -23.613705, 828.68 ], [ -46.485205, -23.613602, 829.42 ], [ -46.485549, -23.613551, 831.32 ], [ -46.486428, -23.613395, 837.08 ], [ -46.48684, -23.613403, 840.11 ], [ -46.48717, -23.6134, 842.53 ], [ -46.48729, -23.613232, 843.14 ], [ -46.487416, -23.613111, 843.64 ], [ -46.488084, -23.612568, 842.62 ], [ -46.48837, -23.612369, 841.99 ], [ -46.488685, -23.612103, 841.1 ], [ -46.488835, -23.611955, 840.64 ], [ -46.488873, -23.61193, 840.54 ], [ -46.488633, -23.611738, 838.46 ], [ -46.488049, -23.611198, 833.04 ], [ -46.487216, -23.610465, 825.76 ], [ -46.487146, -23.610513, 826.16 ], [ -46.486696, -23.610916, 830.73 ], [ -46.487504, -23.611659, 834.9 ] ] }, "instructions": [ { "distance": 70.844, "heading": 104.5, "sign": 0, "interval": [ 0, 3 ], "text": "Continue onto Rua Jim Bachus", "time": 14169, "street_name": "Rua Jim Bachus" }, { "distance": 42.257, "sign": 0, "interval": [ 3, 4 ], "text": "Continue onto Rua José Cabanilles", "time": 8451, "street_name": "Rua José Cabanilles" }, { "distance": 800.147, "sign": -2, "interval": [ 4, 22 ], "text": "Turn left onto Avenida Tenente Lauro Sodré", "time": 177566, "street_name": "Avenida Tenente Lauro Sodré" }, { "distance": 202.763, "sign": -2, "interval": [ 22, 26 ], "text": "Turn left onto Rua Armando Barbosa", "time": 45058, "street_name": "Rua Armando Barbosa" }, { "distance": 239.467, "sign": 2, "interval": [ 26, 33 ], "text": "Turn right onto Rua Augustin Luberti", "time": 47894, "street_name": "Rua Augustin Luberti" }, { "distance": 117.244, "sign": 3, "interval": [ 33, 35 ], "text": "Turn sharp right onto Rua João Lopes de Lima", "time": 21317, "street_name": "Rua João Lopes de Lima" }, { "distance": 117.952, "sign": 0, "interval": [ 35, 36 ], "text": "Continue onto Rua João Lopes de Lima", "time": 21582, "street_name": "Rua João Lopes de Lima" }, { "distance": 73.182, "sign": 2, "interval": [ 36, 38 ], "text": "Turn right onto Rua Francisco Matias", "time": 16129, "street_name": "Rua Francisco Matias" }, { "distance": 116.714, "sign": 2, "interval": [ 38, 39 ], "text": "Turn right onto Avenida Sapopemba", "time": 25937, "street_name": "Avenida Sapopemba" }, { "distance": 0.0, "sign": 4, "last_heading": 224.8859345888481, "interval": [ 39, 39 ], "text": "Arrive at destination", "time": 0, "street_name": "" } ], "legs": [ ], "details": { }, "ascend": 69.72100830078125, "descend": 18.7210693359375, "snapped_waypoints": { "type": "LineString", "coordinates": [ [ -46.484573, -23.620468, 783.9 ], [ -46.487504, -23.611659, 834.9 ] ] } } ] }, "geometry": null },
{ "type": "Feature", "properties": { "hints": { "visited_nodes.sum": 44, "visited_nodes.average": 44.0 }, "info": { "copyrights": [ "GraphHopper", "OpenStreetMap contributors" ], "took": 1, "road_data_timestamp": "2024-09-03T15:00:00Z" }, "paths": [ { "distance": 1033.912, "weight": 228.584537, "time": 246418, "transfers": 0, "points_encoded": false, "bbox": [ -46.503527, -23.614827, -46.50136, -23.607825 ], "points": { "type": "LineString", "coordinates": [ [ -46.503459, -23.607825, 807.39 ], [ -46.503468, -23.608168, 807.53 ], [ -46.503479, -23.608211, 807.56 ], [ -46.503527, -23.608281, 807.6 ], [ -46.502665, -23.60906, 811.65 ], [ -46.502865, -23.609282, 814.1 ], [ -46.502955, -23.609342, 814.97 ], [ -46.503056, -23.609382, 815.84 ], [ -46.503168, -23.609403, 816.73 ], [ -46.503243, -23.609404, 817.04 ], [ -46.50332, -23.60974, 822.2 ], [ -46.502972, -23.609906, 818.73 ], [ -46.502875, -23.60999, 817.53 ], [ -46.502661, -23.610073, 815.44 ], [ -46.502462, -23.610192, 816.02 ], [ -46.502109, -23.610321, 817.0 ], [ -46.501767, -23.610411, 817.92 ], [ -46.501446, -23.610468, 818.77 ], [ -46.501368, -23.610469, 818.97 ], [ -46.501367, -23.612404, 830.21 ], [ -46.50136, -23.612736, 832.81 ], [ -46.501382, -23.612967, 834.46 ], [ -46.501426, -23.61314, 835.74 ], [ -46.501715, -23.613848, 840.56 ], [ -46.5018, -23.614096, 843.34 ], [ -46.50182, -23.614214, 844.63 ], [ -46.501828, -23.614319, 845.76 ], [ -46.501821, -23.614459, 847.19 ], [ -46.501757, -23.614663, 849.89 ], [ -46.501656, -23.614827, 851.54 ], [ -46.501405, -23.614795, 851.73 ], [ -46.501412, -23.614751, 851.35 ] ] }, "instructions": [ { "distance": 52.329, "heading": 181.42, "sign": 0, "interval": [ 0, 3 ], "text": "Continue", "time": 15699, "street_name": "" }, { "distance": 123.318, "sign": -2, "interval": [ 3, 4 ], "text": "Turn left onto Rua Simpliciano Olivo", "time": 24664, "street_name": "Rua Simpliciano Olivo" }, { "distance": 74.02, "sign": 2, "interval": [ 4, 9 ], "text": "Turn right onto Rua Esquivel Navarro", "time": 16449, "street_name": "Rua Esquivel Navarro" }, { "distance": 38.584, "sign": -2, "interval": [ 9, 10 ], "text": "Turn left onto Avenida Adutora do Rio Claro", "time": 23150, "street_name": "Avenida Adutora do Rio Claro" }, { "distance": 218.05, "sign": -2, "interval": [ 10, 18 ], "text": "Turn left onto Ciclovia Parque Adutora de Rio Claro", "time": 43610, "street_name": "Ciclovia Parque Adutora de Rio Claro" }, { "distance": 496.879, "sign": 2, "interval": [ 18, 29 ], "text": "Turn right onto Avenida Arquiteto Vilanova Artigas", "time": 113627, "street_name": "Avenida Arquiteto Vilanova Artigas" }, { "distance": 25.761, "sign": -2, "interval": [ 29, 30 ], "text": "Turn left onto Ciclovia Monotrilho Linha Prata", "time": 5152, "street_name": "Ciclovia Monotrilho Linha Prata" }, { "distance": 4.971, "sign": -2, "interval": [ 30, 31 ], "text": "Turn left", "time": 4067, "street_name": "" }, { "distance": 0.0, "sign": 4, "last_heading": 352.0882946858422, "interval": [ 31, 31 ], "text": "Arrive at destination", "time": 0, "street_name": "" } ], "legs": [ ], "details": { }, "ascend": 51.0985107421875, "descend": 7.13800048828125, "snapped_waypoints": { "type": "LineString", "coordinates": [ [ -46.503459, -23.607825, 807.39 ], [ -46.501412, -23.614751, 851.35 ] ] } } ] }, "geometry": null },
{ "type": "Feature", "properties": { "hints": { "visited_nodes.sum": 36, "visited_nodes.average": 36.0 }, "info": { "copyrights": [ "GraphHopper", "OpenStreetMap contributors" ], "took": 1, "road_data_timestamp": "2024-09-03T15:00:00Z" }, "paths": [ { "distance": 1141.728, "weight": 205.583688, "time": 252716, "transfers": 0, "points_encoded": false, "bbox": [ -46.507985, -23.60974, -46.502665, -23.606052 ], "points": { "type": "LineString", "coordinates": [ [ -46.503459, -23.607825, 807.39 ], [ -46.503468, -23.608168, 807.53 ], [ -46.503479, -23.608211, 807.56 ], [ -46.503527, -23.608281, 807.6 ], [ -46.502665, -23.60906, 811.65 ], [ -46.502865, -23.609282, 814.1 ], [ -46.502955, -23.609342, 814.97 ], [ -46.503056, -23.609382, 815.84 ], [ -46.503168, -23.609403, 816.73 ], [ -46.503243, -23.609404, 817.04 ], [ -46.50332, -23.60974, 822.2 ], [ -46.503349, -23.609609, 822.11 ], [ -46.50375, -23.609404, 821.8 ], [ -46.504323, -23.609126, 821.37 ], [ -46.504534, -23.609195, 821.22 ], [ -46.50573, -23.608624, 820.32 ], [ -46.505783, -23.608563, 820.35 ], [ -46.505976, -23.608348, 820.33 ], [ -46.50642, -23.607824, 818.66 ], [ -46.507329, -23.606575, 814.86 ], [ -46.507327, -23.606481, 814.67 ], [ -46.507627, -23.606077, 814.61 ], [ -46.507737, -23.60614, 815.35 ], [ -46.507777, -23.606085, 815.47 ], [ -46.507811, -23.606107, 815.35 ], [ -46.507858, -23.606107, 815.14 ], [ -46.50797, -23.606052, 814.6 ], [ -46.507985, -23.606061, 814.56 ], [ -46.507903, -23.606164, 815.01 ], [ -46.50724, -23.607065, 817.93 ], [ -46.507039, -23.607384, 818.47 ] ] }, "instructions": [ { "distance": 52.329, "heading": 181.42, "sign": 0, "interval": [ 0, 3 ], "text": "Continue", "time": 15699, "street_name": "" }, { "distance": 123.318, "sign": -2, "interval": [ 3, 4 ], "text": "Turn left onto Rua Simpliciano Olivo", "time": 24664, "street_name": "Rua Simpliciano Olivo" }, { "distance": 74.02, "sign": 2, "interval": [ 4, 9 ], "text": "Turn right onto Rua Esquivel Navarro", "time": 16449, "street_name": "Rua Esquivel Navarro" }, { "distance": 38.584, "sign": -2, "interval": [ 9, 10 ], "text": "Turn left onto Avenida Adutora do Rio Claro", "time": 23150, "street_name": "Avenida Adutora do Rio Claro" }, { "distance": 296.567, "sign": 3, "interval": [ 10, 16 ], "text": "Turn sharp right onto Ciclovia Parque Adutora de Rio Claro", "time": 59313, "street_name": "Ciclovia Parque Adutora de Rio Claro" }, { "distance": 336.569, "sign": 0, "interval": [ 16, 21 ], "text": "Continue onto Ciclovia Parque Adutora de Rio Claro", "time": 67313, "street_name": "Ciclovia Parque Adutora de Rio Claro" }, { "distance": 24.873, "sign": -2, "interval": [ 21, 24 ], "text": "Turn left", "time": 5432, "street_name": "" }, { "distance": 19.482, "sign": 1, "interval": [ 24, 27 ], "text": "Turn slight right", "time": 5499, "street_name": "" }, { "distance": 14.241, "sign": -2, "interval": [ 27, 28 ], "text": "Turn left onto Ciclovia Monotrilho Linha Prata", "time": 2848, "street_name": "Ciclovia Monotrilho Linha Prata" }, { "distance": 161.745, "sign": 0, "interval": [ 28, 30 ], "text": "Continue onto Ciclovia Monotrilho Linha Prata", "time": 32349, "street_name": "Ciclovia Monotrilho Linha Prata" }, { "distance": 0.0, "sign": 4, "last_heading": 149.90867751802858, "interval": [ 30, 30 ], "text": "Arrive at destination", "time": 0, "street_name": "" } ], "legs": [ ], "details": { }, "ascend": 19.61309814453125, "descend": 8.5380859375, "snapped_waypoints": { "type": "LineString", "coordinates": [ [ -46.503459, -23.607825, 807.39 ], [ -46.507039, -23.607384, 818.47 ] ] } } ] }, "geometry": null },
{ "type": "Feature", "properties": { "hints": { "visited_nodes.sum": 176, "visited_nodes.average": 176.0 }, "info": { "copyrights": [ "GraphHopper", "OpenStreetMap contributors" ], "took": 2, "road_data_timestamp": "2024-09-03T15:00:00Z" }, "paths": [ { "distance": 6828.354, "weight": 1509.550543, "time": 1376827, "transfers": 0, "points_encoded": false, "bbox": [ -46.718066, -23.691311, -46.68999, -23.674268 ], "points": { "type": "LineString", "coordinates": [ [ -46.718066, -23.678199, 744.46 ], [ -46.718028, -23.678178, 744.47 ], [ -46.717802, -23.678121, 744.52 ], [ -46.717872, -23.677884, 744.58 ], [ -46.717881, -23.677751, 744.61 ], [ -46.71782, -23.677689, 744.63 ], [ -46.717736, -23.677662, 744.65 ], [ -46.716418, -23.678022, 744.95 ], [ -46.715209, -23.678344, 745.23 ], [ -46.715174, -23.678347, 745.24 ], [ -46.715147, -23.678339, 745.23 ], [ -46.714606, -23.678027, 744.28 ], [ -46.71458, -23.677986, 744.2 ], [ -46.714476, -23.677921, 744.02 ], [ -46.714433, -23.677924, 743.95 ], [ -46.713531, -23.677407, 742.37 ], [ -46.713338, -23.677336, 742.06 ], [ -46.713278, -23.677297, 741.96 ], [ -46.713237, -23.677255, 741.87 ], [ -46.713111, -23.677352, 742.48 ], [ -46.71297, -23.676468, 744.02 ], [ -46.712934, -23.676333, 744.26 ], [ -46.71292, -23.676316, 744.3 ], [ -46.712857, -23.676303, 744.4 ], [ -46.712514, -23.676302, 744.52 ], [ -46.712522, -23.676428, 744.89 ], [ -46.712435, -23.676432, 745.21 ], [ -46.712515, -23.678684, 743.35 ], [ -46.712546, -23.678853, 743.21 ], [ -46.7126, -23.679039, 743.05 ], [ -46.712627, -23.679104, 743.03 ], [ -46.712562, -23.67918, 743.74 ], [ -46.712515, -23.679329, 744.39 ], [ -46.712352, -23.679927, 745.7 ], [ -46.711489, -23.679891, 746.87 ], [ -46.710548, -23.679837, 749.97 ], [ -46.710504, -23.680624, 749.17 ], [ -46.710476, -23.681046, 749.75 ], [ -46.710451, -23.681307, 750.1 ], [ -46.710176, -23.681576, 752.08 ], [ -46.709627, -23.682037, 754.38 ], [ -46.707589, -23.683838, 755.25 ], [ -46.707479, -23.683945, 755.0 ], [ -46.707336, -23.684153, 754.58 ], [ -46.706901, -23.684917, 754.51 ], [ -46.706327, -23.686024, 757.72 ], [ -46.705684, -23.685655, 756.48 ], [ -46.705244, -23.685423, 755.65 ], [ -46.704981, -23.686006, 759.03 ], [ -46.704895, -23.68625, 760.41 ], [ -46.704822, -23.686509, 761.83 ], [ -46.704557, -23.687787, 765.04 ], [ -46.70363, -23.687599, 770.55 ], [ -46.70361, -23.687643, 770.83 ], [ -46.703573, -23.687676, 771.1 ], [ -46.703526, -23.687694, 771.37 ], [ -46.703474, -23.687693, 771.54 ], [ -46.703272, -23.688761, 771.11 ], [ -46.702205, -23.688534, 774.19 ], [ -46.701879, -23.688481, 774.95 ], [ -46.70172, -23.688492, 775.57 ], [ -46.701526, -23.688479, 776.37 ], [ -46.701306, -23.688436, 777.28 ], [ -46.70124, -23.688434, 777.5 ], [ -46.701198, -23.688446, 777.67 ], [ -46.70117, -23.688465, 777.79 ], [ -46.701051, -23.688674, 778.19 ], [ -46.700509, -23.689529, 778.25 ], [ -46.700367, -23.689836, 777.92 ], [ -46.700021, -23.690535, 777.82 ], [ -46.699815, -23.690893, 776.21 ], [ -46.699762, -23.690966, 775.78 ], [ -46.699712, -23.691106, 775.17 ], [ -46.699607, -23.691251, 774.46 ], [ -46.699604, -23.69128, 774.44 ], [ -46.699569, -23.691311, 774.12 ], [ -46.699528, -23.691311, 773.75 ], [ -46.699497, -23.691286, 773.44 ], [ -46.699492, -23.691272, 773.39 ], [ -46.699339, -23.691244, 772.62 ], [ -46.699227, -23.691234, 772.07 ], [ -46.698989, -23.691236, 770.9 ], [ -46.698788, -23.691221, 769.91 ], [ -46.698556, -23.691173, 768.74 ], [ -46.69804, -23.690963, 765.08 ], [ -46.697939, -23.69093, 763.86 ], [ -46.697463, -23.689354, 753.2 ], [ -46.6974, -23.689181, 751.9 ], [ -46.697302, -23.688946, 750.12 ], [ -46.697208, -23.688783, 748.81 ], [ -46.696897, -23.68838, 744.81 ], [ -46.696658, -23.688163, 742.24 ], [ -46.696468, -23.688019, 740.59 ], [ -46.694925, -23.687169, 731.31 ], [ -46.694328, -23.686835, 732.79 ], [ -46.694041, -23.686636, 733.54 ], [ -46.693463, -23.686135, 734.63 ], [ -46.692881, -23.685514, 733.94 ], [ -46.692332, -23.684912, 733.07 ], [ -46.691634, -23.684243, 732.25 ], [ -46.691411, -23.684014, 731.71 ], [ -46.691194, -23.683811, 731.95 ], [ -46.69061, -23.683223, 732.62 ], [ -46.68999, -23.682543, 733.48 ], [ -46.690051, -23.682493, 733.41 ], [ -46.690174, -23.682612, 733.16 ], [ -46.690353, -23.682416, 732.99 ], [ -46.690402, -23.682405, 732.97 ], [ -46.690438, -23.682417, 732.96 ], [ -46.69051, -23.682471, 732.94 ], [ -46.694885, -23.677461, 732.0 ], [ -46.695785, -23.676402, 731.26 ], [ -46.695941, -23.676201, 731.88 ], [ -46.696732, -23.675257, 733.31 ], [ -46.697224, -23.674684, 731.69 ], [ -46.697368, -23.674608, 731.59 ], [ -46.697596, -23.674339, 731.53 ], [ -46.697666, -23.674484, 731.8 ], [ -46.697848, -23.674277, 731.77 ], [ -46.697904, -23.674268, 731.77 ], [ -46.698113, -23.674408, 731.44 ], [ -46.698165, -23.67445, 731.31 ], [ -46.698274, -23.674606, 730.93 ], [ -46.698308, -23.674629, 730.85 ], [ -46.698463, -23.674666, 730.56 ], [ -46.698512, -23.674691, 730.45 ], [ -46.698642, -23.674867, 730.02 ], [ -46.698831, -23.674921, 729.65 ], [ -46.698871, -23.674944, 729.56 ], [ -46.698899, -23.674984, 729.47 ], [ -46.698924, -23.675052, 729.32 ], [ -46.698964, -23.675091, 729.21 ], [ -46.699141, -23.675134, 728.87 ], [ -46.699267, -23.675217, 728.54 ], [ -46.699331, -23.675277, 728.34 ], [ -46.69937, -23.675349, 728.34 ], [ -46.699377, -23.675389, 728.33 ], [ -46.699367, -23.675437, 728.33 ], [ -46.69932, -23.675545, 728.32 ], [ -46.699317, -23.675605, 728.31 ], [ -46.699325, -23.675628, 728.31 ], [ -46.69948, -23.675736, 728.35 ], [ -46.699664, -23.675536, 728.52 ], [ -46.6997, -23.67554, 728.45 ], [ -46.699914, -23.675674, 728.56 ], [ -46.699946, -23.675782, 728.6 ], [ -46.700028, -23.675802, 728.64 ], [ -46.700091, -23.675856, 728.68 ], [ -46.700279, -23.675977, 728.77 ], [ -46.700407, -23.67609, 728.84 ], [ -46.700454, -23.676158, 728.88 ], [ -46.70054, -23.676212, 728.92 ], [ -46.700671, -23.676231, 728.97 ], [ -46.700741, -23.676285, 729.01 ], [ -46.700789, -23.676381, 729.06 ], [ -46.700824, -23.676428, 729.08 ], [ -46.700969, -23.676497, 729.15 ], [ -46.701044, -23.676482, 729.18 ], [ -46.701093, -23.676514, 729.2 ], [ -46.70119, -23.676673, 729.28 ], [ -46.701301, -23.676744, 729.34 ], [ -46.701442, -23.676743, 729.4 ], [ -46.701589, -23.67684, 729.47 ], [ -46.701597, -23.676953, 729.52 ], [ -46.701674, -23.677011, 729.56 ], [ -46.701772, -23.67707, 729.64 ], [ -46.701697, -23.677157, 729.64 ], [ -46.701679, -23.677306, 729.64 ], [ -46.701702, -23.677379, 729.63 ], [ -46.701754, -23.677474, 729.6 ], [ -46.701883, -23.677454, 729.71 ], [ -46.701998, -23.677454, 729.82 ], [ -46.702094, -23.677392, 729.87 ] ] }, "instructions": [ { "distance": 594.349, "heading": 58.42, "sign": 0, "interval": [ 0, 18 ], "text": "Continue onto Ciclovia Parque Guarapiranga", "time": 118870, "street_name": "Ciclovia Parque Guarapiranga" }, { "distance": 16.767, "sign": 2, "interval": [ 18, 19 ], "text": "Turn right", "time": 5589, "street_name": "" }, { "distance": 158.627, "sign": -3, "interval": [ 19, 24 ], "text": "Turn sharp left onto Avenida Antônio Veríssimo Alves", "time": 31725, "street_name": "Avenida Antônio Veríssimo Alves" }, { "distance": 14.038, "sign": 2, "interval": [ 24, 25 ], "text": "Turn right onto Avenida Atlântica", "time": 2807, "street_name": "Avenida Atlântica" }, { "distance": 307.625, "sign": -2, "interval": [ 25, 30 ], "text": "Turn left", "time": 61723, "street_name": "" }, { "distance": 96.553, "sign": -2, "interval": [ 30, 33 ], "text": "Turn left onto Rua das Paineiras", "time": 19933, "street_name": "Rua das Paineiras" }, { "distance": 184.019, "sign": -2, "interval": [ 33, 35 ], "text": "Turn left onto Rua Edoardo Bizzarri", "time": 36804, "street_name": "Rua Edoardo Bizzarri" }, { "distance": 163.704, "sign": 2, "interval": [ 35, 38 ], "text": "Turn right onto Avenida Leblon", "time": 32741, "street_name": "Avenida Leblon" }, { "distance": 681.109, "sign": -7, "interval": [ 38, 45 ], "text": "Keep left onto Rua Lido", "time": 137320, "street_name": "Rua Lido" }, { "distance": 129.058, "sign": -2, "interval": [ 45, 47 ], "text": "Turn left onto Rua Homero Vaz do Amaral", "time": 25812, "street_name": "Rua Homero Vaz do Amaral" }, { "distance": 273.293, "sign": 2, "interval": [ 47, 51 ], "text": "Turn right onto Rua Lauzane", "time": 57517, "street_name": "Rua Lauzane" }, { "distance": 96.934, "sign": -2, "interval": [ 51, 52 ], "text": "Turn left onto Avenida Doutor Luís Arrobas Martins", "time": 21541, "street_name": "Avenida Doutor Luís Arrobas Martins" }, { "exit_number": 1, "distance": 141.426, "sign": 6, "exited": true, "turn_angle": -1.52, "interval": [ 52, 57 ], "text": "At roundabout, take exit 1 onto Avenida Danton Jobim", "time": 28751, "street_name": "Avenida Danton Jobim" }, { "distance": 204.335, "sign": -2, "interval": [ 57, 62 ], "text": "Turn left onto Rua Neuchatel", "time": 41954, "street_name": "Rua Neuchatel" }, { "distance": 328.204, "sign": 1, "interval": [ 62, 71 ], "text": "Turn slight right onto Rua Engenheiro José Salles", "time": 65277, "street_name": "Rua Engenheiro José Salles" }, { "distance": 35.747, "sign": 7, "interval": [ 71, 73 ], "text": "Keep right onto Rua Engenheiro José Salles", "time": 6499, "street_name": "Rua Engenheiro José Salles" }, { "exit_number": 4, "distance": 183.345, "sign": 6, "exited": true, "turn_angle": -4.33, "interval": [ 73, 85 ], "text": "At roundabout, take exit 4 onto Rua Ângelo Bada", "time": 33513, "street_name": "Rua Ângelo Bada" }, { "distance": 1271.89, "sign": -2, "interval": [ 85, 103 ], "text": "Turn left onto Avenida Interlagos", "time": 244745, "street_name": "Avenida Interlagos" }, { "distance": 8.359, "sign": -2, "interval": [ 103, 104 ], "text": "Turn left", "time": 7523, "street_name": "" }, { "distance": 18.189, "sign": -2, "interval": [ 104, 105 ], "text": "Turn left onto Avenida Interlagos", "time": 3638, "street_name": "Avenida Interlagos" }, { "distance": 46.895, "sign": 2, "interval": [ 105, 109 ], "text": "Turn right", "time": 14069, "street_name": "" }, { "distance": 1103.386, "sign": 2, "interval": [ 109, 114 ], "text": "Turn right onto Avenida Engenheiro Eusébio Stevaux", "time": 220677, "street_name": "Avenida Engenheiro Eusébio Stevaux" }, { "distance": 54.791, "sign": -7, "interval": [ 114, 116 ], "text": "Keep left", "time": 10957, "street_name": "" }, { "distance": 53.157, "sign": -3, "interval": [ 116, 119 ], "text": "Turn sharp left", "time": 10631, "street_name": "" }, { "distance": 223.817, "sign": -2, "interval": [ 119, 138 ], "text": "Turn left", "time": 44764, "street_name": "" }, { "distance": 29.241, "sign": 7, "interval": [ 138, 141 ], "text": "Keep right", "time": 5848, "street_name": "" }, { "distance": 323.239, "sign": 2, "interval": [ 141, 165 ], "text": "Turn right", "time": 64648, "street_name": "" }, { "distance": 12.407, "sign": -2, "interval": [ 165, 166 ], "text": "Turn left onto Avenida Octalles Marcondes Ferreira", "time": 2481, "street_name": "Avenida Octalles Marcondes Ferreira" }, { "distance": 36.843, "sign": 7, "interval": [ 166, 169 ], "text": "Keep right onto Praça Camafeu", "time": 7368, "street_name": "Praça Camafeu" }, { "distance": 37.007, "sign": 2, "interval": [ 169, 172 ], "text": "Turn right", "time": 11102, "street_name": "" }, { "distance": 0.0, "sign": 4, "last_heading": 305.43234142833927, "interval": [ 172, 172 ], "text": "Arrive at destination", "time": 0, "street_name": "" } ], "legs": [ ], "details": { }, "ascend": 57.405029296875, "descend": 71.99554443359375, "snapped_waypoints": { "type": "LineString", "coordinates": [ [ -46.718066, -23.678199, 744.46 ], [ -46.702094, -23.677392, 729.87 ] ] } } ] }, "geometry": null },
{ "type": "Feature", "properties": { "hints": { "visited_nodes.sum": 48, "visited_nodes.average": 48.0 }, "info": { "copyrights": [ "GraphHopper", "OpenStreetMap contributors" ], "took": 1, "road_data_timestamp": "2024-09-03T15:00:00Z" }, "paths": [ { "distance": 2540.727, "weight": 541.095338, "time": 538626, "transfers": 0, "points_encoded": false, "bbox": [ -46.591853, -23.541387, -46.576538, -23.533403 ], "points": { "type": "LineString", "coordinates": [ [ -46.590185, -23.533403, 728.09 ], [ -46.590835, -23.533804, 728.95 ], [ -46.591253, -23.533991, 729.58 ], [ -46.591526, -23.534074, 729.98 ], [ -46.591556, -23.534072, 730.02 ], [ -46.591596, -23.534054, 730.08 ], [ -46.591669, -23.534115, 730.43 ], [ -46.59174, -23.534146, 730.7 ], [ -46.591853, -23.534211, 731.13 ], [ -46.591832, -23.534245, 731.14 ], [ -46.591805, -23.534328, 731.19 ], [ -46.591578, -23.536942, 735.33 ], [ -46.590101, -23.53682, 736.69 ], [ -46.588238, -23.536475, 736.29 ], [ -46.587577, -23.539143, 750.06 ], [ -46.586229, -23.538885, 748.83 ], [ -46.58566, -23.54117, 750.97 ], [ -46.584407, -23.540907, 751.51 ], [ -46.584314, -23.540952, 751.03 ], [ -46.584272, -23.541121, 750.28 ], [ -46.58419, -23.541364, 749.2 ], [ -46.584174, -23.541378, 749.11 ], [ -46.584134, -23.541387, 748.95 ], [ -46.584095, -23.541386, 748.8 ], [ -46.583032, -23.541164, 744.53 ], [ -46.582477, -23.541035, 743.82 ], [ -46.582036, -23.540944, 742.57 ], [ -46.580005, -23.540543, 741.06 ], [ -46.576538, -23.539873, 750.64 ] ] }, "instructions": [ { "distance": 164.296, "heading": 236.05, "sign": 0, "interval": [ 0, 5 ], "text": "Continue", "time": 49289, "street_name": "" }, { "distance": 31.688, "sign": -2, "interval": [ 5, 8 ], "text": "Turn left", "time": 9843, "street_name": "" }, { "distance": 305.577, "sign": -2, "interval": [ 8, 11 ], "text": "Turn left onto Rua Nelson Cruz", "time": 61116, "street_name": "Rua Nelson Cruz" }, { "distance": 344.958, "sign": -2, "interval": [ 11, 13 ], "text": "Turn left onto Avenida Celso Garcia", "time": 68992, "street_name": "Avenida Celso Garcia" }, { "distance": 304.582, "sign": 2, "interval": [ 13, 14 ], "text": "Turn right onto Rua Pimenta Bueno", "time": 67684, "street_name": "Rua Pimenta Bueno" }, { "distance": 140.412, "sign": -2, "interval": [ 14, 15 ], "text": "Turn left onto Rua Irmã Carolina", "time": 28083, "street_name": "Rua Irmã Carolina" }, { "distance": 260.545, "sign": 2, "interval": [ 15, 16 ], "text": "Turn right onto Rua Redenção", "time": 52109, "street_name": "Rua Redenção" }, { "distance": 131.021, "sign": -2, "interval": [ 16, 17 ], "text": "Turn left onto Rua Toledo Barbosa", "time": 26204, "street_name": "Rua Toledo Barbosa" }, { "distance": 10.727, "sign": 7, "interval": [ 17, 18 ], "text": "Keep right onto Rua Toledo Barbosa", "time": 1950, "street_name": "Rua Toledo Barbosa" }, { "distance": 273.771, "sign": 2, "interval": [ 18, 26 ], "text": "Turn right onto Rua Engenheiro Balém", "time": 54754, "street_name": "Rua Engenheiro Balém" }, { "distance": 573.15, "sign": 0, "interval": [ 26, 28 ], "text": "Continue onto Rua Catiguá", "time": 118602, "street_name": "Rua Catiguá" }, { "distance": 0.0, "sign": 4, "last_heading": 78.09987705428252, "interval": [ 28, 28 ], "text": "Arrive at destination", "time": 0, "street_name": "" } ], "legs": [ ], "details": { }, "ascend": 37.297607421875, "descend": 14.7451171875, "snapped_waypoints": { "type": "LineString", "coordinates": [ [ -46.590185, -23.533403, 728.09 ], [ -46.576538, -23.539873, 750.64 ] ] } } ] }, "geometry": null },
{ "type": "Feature", "properties": { "hints": { "visited_nodes.sum": 80, "visited_nodes.average": 80.0 }, "info": { "copyrights": [ "GraphHopper", "OpenStreetMap contributors" ], "took": 1, "road_data_timestamp": "2024-09-03T15:00:00Z" }, "paths": [ { "distance": 1544.342, "weight": 279.23562, "time": 324924, "transfers": 0, "points_encoded": false, "bbox": [ -46.424788, -23.49276, -46.42069, -23.483364 ], "points": { "type": "LineString", "coordinates": [ [ -46.424788, -23.483383, 738.29 ], [ -46.424505, -23.483364, 739.14 ], [ -46.424397, -23.484381, 738.88 ], [ -46.42362, -23.484332, 739.0 ], [ -46.423556, -23.484369, 739.01 ], [ -46.423463, -23.485471, 737.63 ], [ -46.422399, -23.485407, 739.8 ], [ -46.422368, -23.485927, 739.33 ], [ -46.422241, -23.487431, 739.13 ], [ -46.422167, -23.488484, 739.84 ], [ -46.422121, -23.488982, 740.08 ], [ -46.421953, -23.490586, 740.99 ], [ -46.421867, -23.491635, 740.62 ], [ -46.420736, -23.491542, 743.26 ], [ -46.42069, -23.492545, 744.42 ], [ -46.420804, -23.492548, 744.52 ], [ -46.420813, -23.492102, 744.63 ], [ -46.420765, -23.492101, 744.63 ], [ -46.420733, -23.49276, 744.81 ], [ -46.420937, -23.492736, 744.96 ] ] }, "instructions": [ { "distance": 29.018, "heading": 85.87, "sign": 0, "interval": [ 0, 1 ], "text": "Continue onto Rua Doutor José de Porciuncula", "time": 5804, "street_name": "Rua Doutor José de Porciuncula" }, { "distance": 113.694, "sign": 2, "interval": [ 1, 2 ], "text": "Turn right onto Rua Guaracapema", "time": 22739, "street_name": "Rua Guaracapema" }, { "distance": 87.165, "sign": -2, "interval": [ 2, 4 ], "text": "Turn left", "time": 17433, "street_name": "" }, { "distance": 122.911, "sign": 2, "interval": [ 4, 5 ], "text": "Turn right onto Rua Ascenso Fernandes", "time": 24582, "street_name": "Rua Ascenso Fernandes" }, { "distance": 108.83, "sign": -2, "interval": [ 5, 6 ], "text": "Turn left onto Rua Avelino Matos Machado", "time": 21766, "street_name": "Rua Avelino Matos Machado" }, { "distance": 694.737, "sign": 2, "interval": [ 6, 12 ], "text": "Turn right onto Avenida Valle", "time": 138947, "street_name": "Avenida Valle" }, { "distance": 115.812, "sign": -2, "interval": [ 12, 13 ], "text": "Turn left onto Rua Conceição do Almeida", "time": 23162, "street_name": "Rua Conceição do Almeida" }, { "distance": 111.625, "sign": 2, "interval": [ 13, 14 ], "text": "Turn right onto Rua São Gonçalo do Rio das Pedras", "time": 22325, "street_name": "Rua São Gonçalo do Rio das Pedras" }, { "distance": 139.592, "sign": 2, "interval": [ 14, 18 ], "text": "Turn right", "time": 41878, "street_name": "" }, { "distance": 20.959, "sign": 2, "interval": [ 18, 19 ], "text": "Turn right", "time": 6288, "street_name": "" }, { "distance": 0.0, "sign": 4, "last_heading": 277.60378131883516, "interval": [ 19, 19 ], "text": "Arrive at destination", "time": 0, "street_name": "" } ], "legs": [ ], "details": { }, "ascend": 10.29541015625, "descend": 3.6279296875, "snapped_waypoints": { "type": "LineString", "coordinates": [ [ -46.424788, -23.483383, 738.29 ], [ -46.420937, -23.492736, 744.96 ] ] } } ] }, "geometry": null },
{ "type": "Feature", "properties": { "hints": { "visited_nodes.sum": 30, "visited_nodes.average": 30.0 }, "info": { "copyrights": [ "GraphHopper", "OpenStreetMap contributors" ], "took": 1, "road_data_timestamp": "2024-09-03T15:00:00Z" }, "paths": [ { "distance": 457.728, "weight": 81.950689, "time": 93249, "transfers": 0, "points_encoded": false, "bbox": [ -46.385472, -23.484681, -46.383675, -23.48159 ], "points": { "type": "LineString", "coordinates": [ [ -46.384066, -23.48159, 738.04 ], [ -46.383675, -23.482389, 739.99 ], [ -46.384147, -23.482593, 740.57 ], [ -46.384587, -23.482799, 742.44 ], [ -46.384819, -23.4829, 744.15 ], [ -46.384828, -23.483382, 743.73 ], [ -46.384963, -23.484438, 744.12 ], [ -46.385472, -23.484681, 744.25 ] ] }, "instructions": [ { "distance": 97.464, "heading": 156.77, "sign": 0, "interval": [ 0, 1 ], "text": "Continue onto Avenida Tomas Lopes de Camargo", "time": 19492, "street_name": "Avenida Tomas Lopes de Camargo" }, { "distance": 129.84, "sign": 2, "interval": [ 1, 4 ], "text": "Turn right onto Rua Antônio Luis dos Passos", "time": 27672, "street_name": "Rua Antônio Luis dos Passos" }, { "distance": 53.672, "sign": -2, "interval": [ 4, 5 ], "text": "Turn left onto Rua Diogo da Costa Tavares", "time": 10734, "street_name": "Rua Diogo da Costa Tavares" }, { "distance": 118.144, "sign": 0, "interval": [ 5, 6 ], "text": "Continue onto Rua Diogo da Costa Tavares", "time": 23629, "street_name": "Rua Diogo da Costa Tavares" }, { "distance": 58.609, "sign": 2, "interval": [ 6, 7 ], "text": "Turn right onto Rua Diogo da Costa Tavares", "time": 11722, "street_name": "Rua Diogo da Costa Tavares" }, { "distance": 0.0, "sign": 4, "last_heading": 242.37260649624085, "interval": [ 7, 7 ], "text": "Arrive at destination", "time": 0, "street_name": "" } ], "legs": [ ], "details": { }, "ascend": 7.37200927734375, "descend": 1.16253662109375, "snapped_waypoints": { "type": "LineString", "coordinates": [ [ -46.384066, -23.48159, 738.04 ], [ -46.385472, -23.484681, 744.25 ] ] } } ] }, "geometry": null },
{ "type": "Feature", "properties": { "hints": { "visited_nodes.sum": 34, "visited_nodes.average": 34.0 }, "info": { "copyrights": [ "GraphHopper", "OpenStreetMap contributors" ], "took": 1, "road_data_timestamp": "2024-09-03T15:00:00Z" }, "paths": [ { "distance": 1632.696, "weight": 421.785254, "time": 413439, "transfers": 0, "points_encoded": false, "bbox": [ -46.691087, -23.521427, -46.68615, -23.513682 ], "points": { "type": "LineString", "coordinates": [ [ -46.686424, -23.513682, 725.74 ], [ -46.686359, -23.513779, 725.56 ], [ -46.686264, -23.513882, 725.36 ], [ -46.68627, -23.513956, 725.4 ], [ -46.68615, -23.514452, 725.67 ], [ -46.686549, -23.514409, 726.02 ], [ -46.686567, -23.514951, 726.47 ], [ -46.686624, -23.515971, 727.31 ], [ -46.688296, -23.515496, 728.93 ], [ -46.689069, -23.515283, 729.11 ], [ -46.689818, -23.515096, 727.15 ], [ -46.689963, -23.514994, 727.03 ], [ -46.690044, -23.514946, 726.96 ], [ -46.690151, -23.514859, 726.86 ], [ -46.690185, -23.514889, 726.65 ], [ -46.690231, -23.514909, 726.4 ], [ -46.69038, -23.514885, 726.46 ], [ -46.690354, -23.515289, 724.84 ], [ -46.690367, -23.515365, 724.55 ], [ -46.69039, -23.515424, 724.3 ], [ -46.690465, -23.515558, 724.19 ], [ -46.690496, -23.515651, 724.46 ], [ -46.690696, -23.515662, 725.72 ], [ -46.690932, -23.515634, 727.06 ], [ -46.691087, -23.515608, 727.91 ], [ -46.690839, -23.515993, 727.55 ], [ -46.69067, -23.516217, 727.2 ], [ -46.690406, -23.516612, 728.33 ], [ -46.690181, -23.516995, 729.4 ], [ -46.689686, -23.517925, 729.27 ], [ -46.689185, -23.518897, 727.69 ], [ -46.68895, -23.51938, 727.62 ], [ -46.688655, -23.519948, 729.67 ], [ -46.688337, -23.520604, 732.0 ], [ -46.687995, -23.521255, 732.0 ], [ -46.688363, -23.521251, 732.0 ], [ -46.688435, -23.521251, 732.0 ], [ -46.688432, -23.521427, 731.99 ] ] }, "instructions": [ { "distance": 27.645, "heading": 148.59, "sign": 0, "interval": [ 0, 2 ], "text": "Continue", "time": 5529, "street_name": "" }, { "distance": 8.28, "sign": 1, "interval": [ 2, 3 ], "text": "Turn slight right onto Rua Professor José Nelo Lorenzon", "time": 1656, "street_name": "Rua Professor José Nelo Lorenzon" }, { "distance": 97.536, "sign": -7, "interval": [ 3, 5 ], "text": "Keep left", "time": 87783, "street_name": "" }, { "distance": 173.867, "sign": -2, "interval": [ 5, 7 ], "text": "Turn left onto Rua Torres da Barra", "time": 34773, "street_name": "Rua Torres da Barra" }, { "distance": 339.999, "sign": 3, "interval": [ 7, 10 ], "text": "Turn sharp right onto Avenida Marquês de São Vicente", "time": 68472, "street_name": "Avenida Marquês de São Vicente" }, { "distance": 42.979, "sign": 7, "interval": [ 10, 13 ], "text": "Keep right", "time": 8596, "street_name": "" }, { "distance": 10.027, "sign": -2, "interval": [ 13, 15 ], "text": "Turn left", "time": 1823, "street_name": "" }, { "distance": 15.394, "sign": 1, "interval": [ 15, 16 ], "text": "Turn slight right", "time": 3079, "street_name": "" }, { "distance": 88.09, "sign": -2, "interval": [ 16, 21 ], "text": "Turn left", "time": 17404, "street_name": "" }, { "distance": 60.923, "sign": 2, "interval": [ 21, 24 ], "text": "Turn right", "time": 13281, "street_name": "" }, { "distance": 703.559, "sign": -3, "interval": [ 24, 34 ], "text": "Turn sharp left onto Avenida Santa Marina", "time": 140712, "street_name": "Avenida Santa Marina" }, { "distance": 37.44, "sign": 3, "interval": [ 34, 35 ], "text": "Turn sharp right", "time": 11232, "street_name": "" }, { "distance": 26.957, "sign": 0, "interval": [ 35, 37 ], "text": "Continue", "time": 19099, "street_name": "" }, { "distance": 0.0, "sign": 4, "last_heading": 179.1467138035545, "interval": [ 37, 37 ], "text": "Arrive at destination", "time": 0, "street_name": "" } ], "legs": [ ], "details": { }, "ascend": 14.1712646484375, "descend": 7.92230224609375, "snapped_waypoints": { "type": "LineString", "coordinates": [ [ -46.686424, -23.513682, 725.74 ], [ -46.688432, -23.521427, 731.99 ] ] } } ] }, "geometry": null },
{ "type": "Feature", "properties": { "hints": { "visited_nodes.sum": 82, "visited_nodes.average": 82.0 }, "info": { "copyrights": [ "GraphHopper", "OpenStreetMap contributors" ], "took": 1, "road_data_timestamp": "2024-09-03T15:00:00Z" }, "paths": [ { "distance": 2138.762, "weight": 443.981885, "time": 492705, "transfers": 0, "points_encoded": false, "bbox": [ -46.394553, -23.561399, -46.383726, -23.552482 ], "points": { "type": "LineString", "coordinates": [ [ -46.394553, -23.561399, 828.51 ], [ -46.394455, -23.56128, 826.72 ], [ -46.394322, -23.561066, 825.53 ], [ -46.393994, -23.560474, 822.3 ], [ -46.393822, -23.560121, 820.29 ], [ -46.393733, -23.559992, 819.34 ], [ -46.39354, -23.55983, 817.85 ], [ -46.393418, -23.559705, 816.81 ], [ -46.393358, -23.559585, 816.08 ], [ -46.393308, -23.559386, 812.73 ], [ -46.393079, -23.558299, 794.57 ], [ -46.393479, -23.557973, 791.37 ], [ -46.39324, -23.55767, 787.1 ], [ -46.392827, -23.557171, 779.96 ], [ -46.392495, -23.556732, 779.7 ], [ -46.391903, -23.556094, 777.54 ], [ -46.39147, -23.55565, 775.69 ], [ -46.391281, -23.555803, 776.43 ], [ -46.391223, -23.555835, 776.61 ], [ -46.391118, -23.555867, 776.9 ], [ -46.391203, -23.555726, 776.29 ], [ -46.391261, -23.55569, 776.12 ], [ -46.391399, -23.555586, 775.69 ], [ -46.391561, -23.555413, 775.1 ], [ -46.391401, -23.555172, 774.74 ], [ -46.39138, -23.55508, 774.63 ], [ -46.391361, -23.555066, 774.59 ], [ -46.391342, -23.555026, 774.53 ], [ -46.391344, -23.555004, 774.49 ], [ -46.391337, -23.554981, 775.2 ], [ -46.39135, -23.554929, 775.1 ], [ -46.391331, -23.55491, 775.05 ], [ -46.39116, -23.555005, 774.68 ], [ -46.391138, -23.554978, 774.62 ], [ -46.391326, -23.554863, 774.21 ], [ -46.391216, -23.55472, 774.18 ], [ -46.391127, -23.554767, 773.59 ], [ -46.391106, -23.554745, 773.7 ], [ -46.391192, -23.554698, 774.05 ], [ -46.391165, -23.554664, 774.21 ], [ -46.391063, -23.55472, 774.63 ], [ -46.391036, -23.554673, 774.84 ], [ -46.390932, -23.554727, 775.64 ], [ -46.390441, -23.553485, 788.56 ], [ -46.390239, -23.553594, 790.16 ], [ -46.390011, -23.553695, 791.88 ], [ -46.389646, -23.553777, 793.9 ], [ -46.38942, -23.553795, 795.21 ], [ -46.389224, -23.553792, 796.52 ], [ -46.388918, -23.553743, 798.6 ], [ -46.388605, -23.553632, 800.85 ], [ -46.388183, -23.553418, 803.93 ], [ -46.387743, -23.553171, 806.59 ], [ -46.387303, -23.552942, 805.34 ], [ -46.386497, -23.552482, 805.75 ], [ -46.385628, -23.553556, 803.32 ], [ -46.385188, -23.553238, 809.37 ], [ -46.384676, -23.55288, 811.32 ], [ -46.384283, -23.553364, 809.79 ], [ -46.383744, -23.554077, 804.71 ], [ -46.383726, -23.554071, 804.69 ], [ -46.383734, -23.554192, 805.09 ], [ -46.383775, -23.5543, 805.58 ], [ -46.38376, -23.554367, 805.89 ] ] }, "instructions": [ { "distance": 385.474, "heading": 37.1, "sign": 0, "interval": [ 0, 10 ], "text": "Continue onto Rua Bela Vista", "time": 70298, "street_name": "Rua Bela Vista" }, { "distance": 54.615, "sign": -2, "interval": [ 10, 11 ], "text": "Turn left", "time": 14895, "street_name": "" }, { "distance": 330.659, "sign": 2, "interval": [ 11, 16 ], "text": "Turn right onto Rua Moreira Neto", "time": 64097, "street_name": "Rua Moreira Neto" }, { "distance": 43.864, "sign": 2, "interval": [ 16, 19 ], "text": "Turn right onto Avenida Jânio Quadros", "time": 8772, "street_name": "Avenida Jânio Quadros" }, { "distance": 17.86, "sign": -3, "interval": [ 19, 20 ], "text": "Turn sharp left onto Rua Dom João III", "time": 3572, "street_name": "Rua Dom João III" }, { "distance": 50.753, "sign": -1, "interval": [ 20, 23 ], "text": "Turn slight left onto Avenida Jânio Quadros", "time": 10151, "street_name": "Avenida Jânio Quadros" }, { "distance": 41.854, "sign": 2, "interval": [ 23, 25 ], "text": "Turn right", "time": 37669, "street_name": "" }, { "distance": 9.84, "sign": 1, "interval": [ 25, 28 ], "text": "Turn slight right", "time": 8856, "street_name": "" }, { "distance": 124.95, "sign": 7, "interval": [ 28, 41 ], "text": "Keep right", "time": 37486, "street_name": "" }, { "distance": 12.271, "sign": 2, "interval": [ 41, 42 ], "text": "Turn right onto Avenida José do Patrocínio", "time": 2727, "street_name": "Avenida José do Patrocínio" }, { "distance": 147.509, "sign": -2, "interval": [ 42, 43 ], "text": "Turn left onto Rua Dino Cícero Pereira da Silva", "time": 36877, "street_name": "Rua Dino Cícero Pereira da Silva" }, { "distance": 447.774, "sign": 2, "interval": [ 43, 54 ], "text": "Turn right onto Rua Rafael Anunciato", "time": 97223, "street_name": "Rua Rafael Anunciato" }, { "distance": 148.804, "sign": 2, "interval": [ 54, 55 ], "text": "Turn right onto Rua Júlio Ribeiro", "time": 29761, "street_name": "Rua Júlio Ribeiro" }, { "distance": 123.115, "sign": -2, "interval": [ 55, 57 ], "text": "Turn left onto Rua Lídio Nunes Duarte", "time": 27495, "street_name": "Rua Lídio Nunes Duarte" }, { "distance": 163.745, "sign": 2, "interval": [ 57, 59 ], "text": "Turn right onto Rua Doutor Eduardo Vaz", "time": 31638, "street_name": "Rua Doutor Eduardo Vaz" }, { "distance": 1.933, "sign": -2, "interval": [ 59, 60 ], "text": "Turn left onto Rua Pascoal Lobosco", "time": 387, "street_name": "Rua Pascoal Lobosco" }, { "distance": 33.743, "sign": 3, "interval": [ 60, 63 ], "text": "Turn sharp right", "time": 10801, "street_name": "" }, { "distance": 0.0, "sign": 4, "last_heading": 168.32354105353326, "interval": [ 63, 63 ], "text": "Arrive at destination", "time": 0, "street_name": "" } ], "legs": [ ], "details": { }, "ascend": 47.10504150390625, "descend": 69.71807861328125, "snapped_waypoints": { "type": "LineString", "coordinates": [ [ -46.394553, -23.561399, 828.51 ], [ -46.38376, -23.554367, 805.89 ] ] } } ] }, "geometry": null },
{ "type": "Feature", "properties": { "hints": { "visited_nodes.sum": 102, "visited_nodes.average": 102.0 }, "info": { "copyrights": [ "GraphHopper", "OpenStreetMap contributors" ], "took": 1, "road_data_timestamp": "2024-09-03T15:00:00Z" }, "paths": [ { "distance": 1542.21, "weight": 610.695916, "time": 564101, "transfers": 0, "points_encoded": false, "bbox": [ -46.671749, -23.530964, -46.666699, -23.524728 ], "points": { "type": "LineString", "coordinates": [ [ -46.670307, -23.530964, 747.54 ], [ -46.670708, -23.530798, 745.69 ], [ -46.670633, -23.530581, 745.24 ], [ -46.670912, -23.530441, 742.72 ], [ -46.670803, -23.530021, 739.72 ], [ -46.671024, -23.529299, 736.25 ], [ -46.671749, -23.528928, 736.01 ], [ -46.67036, -23.526822, 732.22 ], [ -46.67046, -23.526772, 732.49 ], [ -46.670414, -23.526324, 733.11 ], [ -46.670372, -23.525746, 734.14 ], [ -46.670136, -23.525765, 733.71 ], [ -46.669941, -23.525797, 732.54 ], [ -46.669794, -23.525833, 731.63 ], [ -46.669548, -23.525924, 730.06 ], [ -46.66938, -23.526013, 728.91 ], [ -46.668742, -23.526454, 728.43 ], [ -46.668607, -23.526532, 728.56 ], [ -46.668512, -23.526569, 728.65 ], [ -46.66837, -23.526592, 728.77 ], [ -46.667765, -23.52664, 729.27 ], [ -46.666699, -23.526706, 729.94 ], [ -46.666705, -23.526798, 729.73 ], [ -46.666756, -23.526795, 729.7 ], [ -46.666779, -23.527046, 729.22 ], [ -46.666811, -23.527043, 729.22 ], [ -46.666873, -23.527037, 729.24 ], [ -46.666935, -23.527032, 729.27 ], [ -46.66674, -23.524825, 735.55 ], [ -46.66681, -23.524819, 735.73 ], [ -46.666806, -23.524779, 735.69 ], [ -46.667455, -23.524728, 731.59 ], [ -46.667486, -23.525042, 732.25 ], [ -46.667457, -23.525045, 733.76 ] ] }, "instructions": [ { "distance": 44.894, "heading": 294.27, "sign": 0, "interval": [ 0, 1 ], "text": "Continue", "time": 40404, "street_name": "" }, { "distance": 25.384, "sign": 2, "interval": [ 1, 2 ], "text": "Turn right", "time": 22846, "street_name": "" }, { "distance": 32.576, "sign": -2, "interval": [ 2, 3 ], "text": "Turn left", "time": 26653, "street_name": "" }, { "distance": 131.589, "sign": 2, "interval": [ 3, 5 ], "text": "Turn right", "time": 107664, "street_name": "" }, { "distance": 84.708, "sign": -2, "interval": [ 5, 6 ], "text": "Turn left", "time": 18530, "street_name": "" }, { "distance": 273.861, "sign": 2, "interval": [ 6, 7 ], "text": "Turn right onto Rua Dona Germaine Burchard", "time": 52265, "street_name": "Rua Dona Germaine Burchard" }, { "distance": 11.691, "sign": -2, "interval": [ 7, 8 ], "text": "Turn left onto Rua Julio Gonzales", "time": 2338, "street_name": "Rua Julio Gonzales" }, { "distance": 114.471, "sign": 2, "interval": [ 8, 10 ], "text": "Turn right onto Rua Professor Doutor Abrahão Berezin", "time": 22894, "street_name": "Rua Professor Doutor Abrahão Berezin" }, { "distance": 400.711, "sign": 2, "interval": [ 10, 21 ], "text": "Turn right onto Avenida Mário de Andrade", "time": 78196, "street_name": "Avenida Mário de Andrade" }, { "distance": 10.273, "sign": 2, "interval": [ 21, 22 ], "text": "Turn right onto Professor Wilfrides Alves de Lima", "time": 2055, "street_name": "Professor Wilfrides Alves de Lima" }, { "distance": 5.235, "sign": 2, "interval": [ 22, 23 ], "text": "Turn right", "time": 4712, "street_name": "" }, { "distance": 31.277, "sign": -2, "interval": [ 23, 25 ], "text": "Turn left", "time": 28149, "street_name": "" }, { "distance": 6.356, "sign": 0, "interval": [ 25, 26 ], "text": "Continue", "time": 11441, "street_name": "" }, { "distance": 6.343, "sign": 0, "interval": [ 26, 27 ], "text": "Continue", "time": 1903, "street_name": "" }, { "distance": 246.351, "sign": 2, "interval": [ 27, 28 ], "text": "Turn right", "time": 74510, "street_name": "" }, { "distance": 11.573, "sign": -2, "interval": [ 28, 30 ], "text": "Turn left", "time": 16878, "street_name": "" }, { "distance": 66.577, "sign": -2, "interval": [ 30, 31 ], "text": "Turn left", "time": 18157, "street_name": "" }, { "distance": 35.038, "sign": -2, "interval": [ 31, 32 ], "text": "Turn left", "time": 31534, "street_name": "" }, { "distance": 3.302, "sign": -2, "interval": [ 32, 33 ], "text": "Turn left", "time": 2972, "street_name": "" }, { "distance": 0.0, "sign": 4, "last_heading": 95.71259967660403, "interval": [ 33, 33 ], "text": "Arrive at destination", "time": 0, "street_name": "" } ], "legs": [ ], "details": { }, "ascend": 14.7569580078125, "descend": 28.5389404296875, "snapped_waypoints": { "type": "LineString", "coordinates": [ [ -46.670307, -23.530964, 747.54 ], [ -46.667457, -23.525045, 733.76 ] ] } } ] }, "geometry": null },
{ "type": "Feature", "properties": { "hints": { "visited_nodes.sum": 164, "visited_nodes.average": 164.0 }, "info": { "copyrights": [ "GraphHopper", "OpenStreetMap contributors" ], "took": 2, "road_data_timestamp": "2024-09-03T15:00:00Z" }, "paths": [ { "distance": 3786.405, "weight": 1765.290299, "time": 835421, "transfers": 0, "points_encoded": false, "bbox": [ -46.74777, -23.537331, -46.736921, -23.523227 ], "points": { "type": "LineString", "coordinates": [ [ -46.747674, -23.531745, 722.12 ], [ -46.747763, -23.531008, 721.75 ], [ -46.74777, -23.530822, 721.59 ], [ -46.747764, -23.530345, 721.19 ], [ -46.747745, -23.529913, 720.83 ], [ -46.747663, -23.529221, 720.26 ], [ -46.747467, -23.52828, 720.65 ], [ -46.74742, -23.528011, 720.76 ], [ -46.747387, -23.527695, 720.9 ], [ -46.747362, -23.52722, 721.09 ], [ -46.747289, -23.527158, 721.32 ], [ -46.747246, -23.527139, 721.43 ], [ -46.747183, -23.527129, 721.57 ], [ -46.747085, -23.527125, 721.77 ], [ -46.746673, -23.527149, 722.81 ], [ -46.746488, -23.527147, 723.27 ], [ -46.746387, -23.527136, 723.61 ], [ -46.746309, -23.52711, 723.89 ], [ -46.74616, -23.527013, 724.47 ], [ -46.745053, -23.528168, 724.8 ], [ -46.745004, -23.528204, 725.09 ], [ -46.744964, -23.528199, 725.17 ], [ -46.744877, -23.528151, 725.36 ], [ -46.74095, -23.525307, 724.41 ], [ -46.740792, -23.525168, 724.28 ], [ -46.738764, -23.523227, 726.66 ], [ -46.738206, -23.523437, 726.37 ], [ -46.737788, -23.523621, 726.36 ], [ -46.737554, -23.523849, 726.65 ], [ -46.737466, -23.523778, 726.95 ], [ -46.737385, -23.52386, 727.1 ], [ -46.737274, -23.523911, 727.25 ], [ -46.737373, -23.52398, 727.14 ], [ -46.736921, -23.52447, 729.3 ], [ -46.739339, -23.526554, 725.98 ], [ -46.739702, -23.526844, 724.9 ], [ -46.740499, -23.527452, 723.22 ], [ -46.741717, -23.528397, 726.8 ], [ -46.743013, -23.529389, 726.2 ], [ -46.743979, -23.53011, 725.76 ], [ -46.744154, -23.530257, 725.74 ], [ -46.744298, -23.53044, 725.82 ], [ -46.744401, -23.530604, 725.89 ], [ -46.744466, -23.530764, 725.95 ], [ -46.744529, -23.530957, 726.03 ], [ -46.744564, -23.53111, 726.08 ], [ -46.744594, -23.531439, 726.2 ], [ -46.744586, -23.531558, 726.24 ], [ -46.744509, -23.531908, 726.37 ], [ -46.743502, -23.534737, 725.88 ], [ -46.743277, -23.535331, 724.69 ], [ -46.743196, -23.535512, 724.32 ], [ -46.743066, -23.535767, 723.79 ], [ -46.742679, -23.536335, 723.24 ], [ -46.742555, -23.536494, 723.09 ], [ -46.742453, -23.53661, 722.97 ], [ -46.742718, -23.536802, 722.97 ], [ -46.742795, -23.53688, 722.97 ], [ -46.742801, -23.536911, 722.97 ], [ -46.742791, -23.53695, 722.97 ], [ -46.742761, -23.536983, 722.97 ], [ -46.742711, -23.537004, 722.97 ], [ -46.74268, -23.536991, 722.97 ], [ -46.742489, -23.537159, 722.39 ], [ -46.742668, -23.537331, 722.54 ] ] }, "instructions": [ { "distance": 506.693, "heading": 351.2, "sign": 0, "interval": [ 0, 9 ], "text": "Continue onto Avenida Doutora Ruth Cardoso", "time": 101339, "street_name": "Avenida Doutora Ruth Cardoso" }, { "distance": 130.03, "sign": 7, "interval": [ 9, 18 ], "text": "Keep right onto Avenida Engenheiro Roberto Zuccolo and drive toward Ceagesp", "time": 26006, "street_destination": "Ceagesp", "street_name": "Avenida Engenheiro Roberto Zuccolo" }, { "distance": 170.99, "sign": 2, "interval": [ 18, 19 ], "text": "Turn right onto Rua Padre Emili Miotti", "time": 34198, "street_name": "Rua Padre Emili Miotti" }, { "distance": 852.399, "sign": 0, "interval": [ 19, 25 ], "text": "Continue onto Avenida Cardeal Santiago Luís Copello", "time": 170480, "street_name": "Avenida Cardeal Santiago Luís Copello" }, { "distance": 180.443, "sign": 2, "interval": [ 25, 31 ], "text": "Turn right onto Rua Major Paladino", "time": 77920, "street_name": "Rua Major Paladino" }, { "distance": 12.637, "sign": 3, "interval": [ 31, 32 ], "text": "Turn sharp right onto Rua Guaipá", "time": 2527, "street_name": "Rua Guaipá" }, { "distance": 71.387, "sign": -2, "interval": [ 32, 33 ], "text": "Turn left onto Avenida Imperatriz Leopoldina", "time": 14277, "street_name": "Avenida Imperatriz Leopoldina" }, { "distance": 1740.51, "sign": 2, "interval": [ 33, 55 ], "text": "Turn right onto Avenida Mofarrej", "time": 346828, "street_name": "Avenida Mofarrej" }, { "distance": 121.316, "sign": 2, "interval": [ 55, 64 ], "text": "Turn right", "time": 61846, "street_name": "" }, { "distance": 0.0, "sign": 4, "last_heading": 223.6254274395603, "interval": [ 64, 64 ], "text": "Arrive at destination", "time": 0, "street_name": "" } ], "legs": [ ], "details": { }, "ascend": 19.9119873046875, "descend": 19.49249267578125, "snapped_waypoints": { "type": "LineString", "coordinates": [ [ -46.747674, -23.531745, 722.12 ], [ -46.742668, -23.537331, 722.54 ] ] } } ] }, "geometry": null },
{ "type": "Feature", "properties": { "hints": { "visited_nodes.sum": 64, "visited_nodes.average": 64.0 }, "info": { "copyrights": [ "GraphHopper", "OpenStreetMap contributors" ], "took": 1, "road_data_timestamp": "2024-09-03T15:00:00Z" }, "paths": [ { "distance": 3585.853, "weight": 781.15342, "time": 909870, "transfers": 0, "points_encoded": false, "bbox": [ -46.725041, -23.5576, -46.709185, -23.544867 ], "points": { "type": "LineString", "coordinates": [ [ -46.725041, -23.547323, 733.24 ], [ -46.72481, -23.54729, 732.92 ], [ -46.724802, -23.545874, 733.84 ], [ -46.724059, -23.545909, 733.88 ], [ -46.72411, -23.545463, 733.2 ], [ -46.724114, -23.54501, 732.52 ], [ -46.723741, -23.545034, 732.36 ], [ -46.723579, -23.545085, 732.43 ], [ -46.72342, -23.545178, 732.5 ], [ -46.723241, -23.545361, 732.6 ], [ -46.723058, -23.545656, 732.74 ], [ -46.72283, -23.54596, 732.89 ], [ -46.722708, -23.546009, 732.94 ], [ -46.722563, -23.546002, 732.99 ], [ -46.722358, -23.545942, 733.08 ], [ -46.722028, -23.545646, 733.25 ], [ -46.721603, -23.545339, 733.46 ], [ -46.721533, -23.545252, 733.5 ], [ -46.721329, -23.545173, 733.4 ], [ -46.721074, -23.545102, 733.28 ], [ -46.720831, -23.544934, 733.35 ], [ -46.72078, -23.544867, 733.38 ], [ -46.720619, -23.544919, 733.42 ], [ -46.719487, -23.545421, 733.73 ], [ -46.71906, -23.545689, 733.86 ], [ -46.718725, -23.546058, 733.91 ], [ -46.718476, -23.546509, 734.62 ], [ -46.718039, -23.547167, 735.28 ], [ -46.717939, -23.547452, 735.32 ], [ -46.717769, -23.548205, 735.43 ], [ -46.717791, -23.548329, 735.44 ], [ -46.717837, -23.548429, 735.46 ], [ -46.717916, -23.548513, 735.47 ], [ -46.718345, -23.548675, 735.48 ], [ -46.718282, -23.548725, 735.22 ], [ -46.71823, -23.54874, 735.05 ], [ -46.718144, -23.54875, 734.77 ], [ -46.718041, -23.548748, 734.45 ], [ -46.717915, -23.548717, 734.04 ], [ -46.717702, -23.548591, 733.44 ], [ -46.717724, -23.548643, 733.22 ], [ -46.71772, -23.548671, 733.12 ], [ -46.717707, -23.548697, 733.01 ], [ -46.717659, -23.548732, 732.89 ], [ -46.717816, -23.549254, 735.11 ], [ -46.717538, -23.549736, 735.51 ], [ -46.717715, -23.54974, 737.21 ], [ -46.717535, -23.550014, 734.66 ], [ -46.717496, -23.550045, 734.25 ], [ -46.717456, -23.550059, 733.96 ], [ -46.717369, -23.54976, 733.99 ], [ -46.716751, -23.548762, 730.78 ], [ -46.716371, -23.548248, 729.04 ], [ -46.716306, -23.548218, 728.92 ], [ -46.715819, -23.547807, 727.74 ], [ -46.715776, -23.547729, 727.56 ], [ -46.715748, -23.547698, 727.52 ], [ -46.715737, -23.547649, 727.47 ], [ -46.715692, -23.547653, 727.47 ], [ -46.715642, -23.547607, 727.48 ], [ -46.715596, -23.547599, 727.49 ], [ -46.715531, -23.547621, 727.5 ], [ -46.715474, -23.547681, 727.51 ], [ -46.715423, -23.547761, 727.53 ], [ -46.7154, -23.547862, 727.57 ], [ -46.715401, -23.54792, 727.59 ], [ -46.715356, -23.548001, 727.62 ], [ -46.714033, -23.549174, 728.25 ], [ -46.712221, -23.550854, 729.2 ], [ -46.712176, -23.550891, 729.18 ], [ -46.712121, -23.550901, 729.14 ], [ -46.712037, -23.550862, 729.08 ], [ -46.711979, -23.550853, 729.04 ], [ -46.711942, -23.550875, 729.0 ], [ -46.711912, -23.550904, 729.0 ], [ -46.711901, -23.550967, 728.95 ], [ -46.7119, -23.551042, 728.89 ], [ -46.711883, -23.551109, 728.83 ], [ -46.710637, -23.552285, 727.45 ], [ -46.709655, -23.55314, 726.96 ], [ -46.709477, -23.553282, 726.78 ], [ -46.709544, -23.55334, 726.74 ], [ -46.709663, -23.553508, 726.68 ], [ -46.709687, -23.553735, 726.62 ], [ -46.709566, -23.553942, 726.55 ], [ -46.709545, -23.554157, 726.49 ], [ -46.709185, -23.554382, 726.43 ], [ -46.709401, -23.554595, 726.83 ], [ -46.710277, -23.556163, 728.0 ], [ -46.710398, -23.556124, 727.78 ], [ -46.710455, -23.5562, 727.65 ], [ -46.71052, -23.556254, 727.49 ], [ -46.7106, -23.556521, 726.71 ], [ -46.710818, -23.556907, 725.46 ], [ -46.71105, -23.557295, 724.18 ], [ -46.711537, -23.557041, 722.26 ], [ -46.71182, -23.557496, 720.47 ], [ -46.711874, -23.5576, 720.17 ] ] }, "instructions": [ { "distance": 23.851, "heading": 81.23, "sign": 0, "interval": [ 0, 1 ], "text": "Continue", "time": 7155, "street_name": "" }, { "distance": 157.396, "sign": -2, "interval": [ 1, 2 ], "text": "Turn left", "time": 47219, "street_name": "" }, { "distance": 75.806, "sign": 2, "interval": [ 2, 3 ], "text": "Turn right", "time": 22742, "street_name": "" }, { "distance": 100.231, "sign": -2, "interval": [ 3, 5 ], "text": "Turn left", "time": 30069, "street_name": "" }, { "distance": 345.489, "sign": 2, "interval": [ 5, 17 ], "text": "Turn right", "time": 103647, "street_name": "" }, { "distance": 687.857, "sign": 1, "interval": [ 17, 33 ], "text": "Turn slight right onto Ciclovia Parque Villa-Lobos", "time": 137571, "street_name": "Ciclovia Parque Villa-Lobos" }, { "distance": 72.604, "sign": -3, "interval": [ 33, 39 ], "text": "Turn sharp left", "time": 65344, "street_name": "" }, { "distance": 18.751, "sign": 3, "interval": [ 39, 43 ], "text": "Turn sharp right", "time": 16876, "street_name": "" }, { "distance": 120.916, "sign": 2, "interval": [ 43, 45 ], "text": "Turn right", "time": 72401, "street_name": "" }, { "distance": 18.118, "sign": 3, "interval": [ 45, 46 ], "text": "Turn sharp right onto Rua Roberto Caldas Kerr", "time": 4530, "street_name": "Rua Roberto Caldas Kerr" }, { "distance": 45.274, "sign": -3, "interval": [ 46, 49 ], "text": "Turn sharp left onto Rua Roberto Caldas Kerr", "time": 8231, "street_name": "Rua Roberto Caldas Kerr" }, { "distance": 325.795, "sign": -2, "interval": [ 49, 57 ], "text": "Turn left onto Ciclovia Avenida Arruda Botelho", "time": 65158, "street_name": "Ciclovia Avenida Arruda Botelho" }, { "distance": 762.981, "sign": 2, "interval": [ 57, 78 ], "text": "Turn right onto Ciclovia Avenida Prof. Fonseca Rodrigues", "time": 152597, "street_name": "Ciclovia Avenida Prof. Fonseca Rodrigues" }, { "distance": 162.142, "sign": 0, "interval": [ 78, 80 ], "text": "Continue onto Ciclovia Avenida Prof. Fonseca Rodrigues", "time": 32429, "street_name": "Ciclovia Avenida Prof. Fonseca Rodrigues" }, { "distance": 151.471, "sign": 2, "interval": [ 80, 86 ], "text": "Turn right onto Ciclovia Praça Panamericana", "time": 30294, "street_name": "Ciclovia Praça Panamericana" }, { "distance": 228.207, "sign": 2, "interval": [ 86, 88 ], "text": "Turn right onto Ciclovia Ponte Cidade Universitária", "time": 45641, "street_name": "Ciclovia Ponte Cidade Universitária" }, { "distance": 160.691, "sign": 2, "interval": [ 88, 94 ], "text": "Turn right", "time": 32139, "street_name": "" }, { "distance": 128.273, "sign": 2, "interval": [ 94, 97 ], "text": "Turn right onto Passarela dos Estudantes", "time": 35827, "street_name": "Passarela dos Estudantes" }, { "distance": 0.0, "sign": 4, "last_heading": 205.5371498472802, "interval": [ 97, 97 ], "text": "Arrive at destination", "time": 0, "street_name": "" } ], "legs": [ ], "details": { }, "ascend": 12.01416015625, "descend": 25.0826416015625, "snapped_waypoints": { "type": "LineString", "coordinates": [ [ -46.725041, -23.547323, 733.24 ], [ -46.711874, -23.5576, 720.17 ] ] } } ] }, "geometry": null },
{ "type": "Feature", "properties": { "hints": { "visited_nodes.sum": 80, "visited_nodes.average": 80.0 }, "info": { "copyrights": [ "GraphHopper", "OpenStreetMap contributors" ], "took": 1, "road_data_timestamp": "2024-09-03T15:00:00Z" }, "paths": [ { "distance": 1717.735, "weight": 398.903485, "time": 432110, "transfers": 0, "points_encoded": false, "bbox": [ -46.49412, -23.485916, -46.481501, -23.483826 ], "points": { "type": "LineString", "coordinates": [ [ -46.493731, -23.484392, 752.57 ], [ -46.493995, -23.484395, 750.43 ], [ -46.494024, -23.484568, 751.25 ], [ -46.494069, -23.484728, 752.03 ], [ -46.494092, -23.484843, 752.58 ], [ -46.49412, -23.485051, 753.56 ], [ -46.49338, -23.485109, 761.02 ], [ -46.491763, -23.485196, 769.03 ], [ -46.491509, -23.485218, 766.7 ], [ -46.490664, -23.485414, 758.09 ], [ -46.490231, -23.483826, 740.6 ], [ -46.489527, -23.484259, 739.25 ], [ -46.489121, -23.484536, 739.01 ], [ -46.488689, -23.484785, 739.68 ], [ -46.48851, -23.484878, 739.7 ], [ -46.488297, -23.484969, 739.71 ], [ -46.487886, -23.485118, 739.74 ], [ -46.487292, -23.485266, 740.13 ], [ -46.485747, -23.485594, 740.91 ], [ -46.484553, -23.485878, 742.37 ], [ -46.484305, -23.485905, 742.66 ], [ -46.48407, -23.485916, 742.94 ], [ -46.483836, -23.485915, 743.21 ], [ -46.483156, -23.485831, 744.7 ], [ -46.482686, -23.485745, 745.74 ], [ -46.481501, -23.485557, 741.31 ], [ -46.481533, -23.485429, 740.31 ], [ -46.481631, -23.485238, 740.3 ], [ -46.482283, -23.485349, 740.22 ], [ -46.482336, -23.485127, 738.64 ] ] }, "instructions": [ { "distance": 26.988, "heading": 269.18, "sign": 0, "interval": [ 0, 1 ], "text": "Continue", "time": 22081, "street_name": "" }, { "distance": 74.236, "sign": -2, "interval": [ 1, 5 ], "text": "Turn left", "time": 74236, "street_name": "" }, { "distance": 357.124, "sign": -2, "interval": [ 5, 9 ], "text": "Turn left onto Rua Frei Jorge Contrim", "time": 76587, "street_name": "Rua Frei Jorge Contrim" }, { "distance": 182.923, "sign": -2, "interval": [ 9, 10 ], "text": "Turn left onto Rua Manoelino Teixeira", "time": 33259, "street_name": "Rua Manoelino Teixeira" }, { "distance": 945.482, "sign": 3, "interval": [ 10, 25 ], "text": "Turn sharp right onto Avenida Doutor Assis Ribeiro", "time": 187051, "street_name": "Avenida Doutor Assis Ribeiro" }, { "distance": 130.983, "sign": -2, "interval": [ 25, 29 ], "text": "Turn left", "time": 38896, "street_name": "" }, { "distance": 0.0, "sign": 4, "last_heading": 347.5103619027469, "interval": [ 29, 29 ], "text": "Arrive at destination", "time": 0, "street_name": "" } ], "legs": [ ], "details": { }, "ascend": 25.5791015625, "descend": 39.5006103515625, "snapped_waypoints": { "type": "LineString", "coordinates": [ [ -46.493731, -23.484392, 752.57 ], [ -46.482336, -23.485127, 738.64 ] ] } } ] }, "geometry": null },
{ "type": "Feature", "properties": { "hints": { "visited_nodes.sum": 200, "visited_nodes.average": 200.0 }, "info": { "copyrights": [ "GraphHopper", "OpenStreetMap contributors" ], "took": 3, "road_data_timestamp": "2024-09-03T15:00:00Z" }, "paths": [ { "distance": 4236.262, "weight": 1810.205757, "time": 1072459, "transfers": 0, "points_encoded": false, "bbox": [ -46.732047, -23.520149, -46.721219, -23.505313 ], "points": { "type": "LineString", "coordinates": [ [ -46.722868, -23.509099, 744.34 ], [ -46.722777, -23.508951, 744.63 ], [ -46.722776, -23.508829, 744.11 ], [ -46.722796, -23.508569, 743.01 ], [ -46.723769, -23.507608, 748.83 ], [ -46.723775, -23.507588, 748.72 ], [ -46.723767, -23.507564, 748.38 ], [ -46.723749, -23.507543, 748.03 ], [ -46.723111, -23.506963, 739.04 ], [ -46.723711, -23.50637, 745.27 ], [ -46.724216, -23.505863, 742.07 ], [ -46.724308, -23.505806, 741.5 ], [ -46.724419, -23.505764, 740.93 ], [ -46.72452, -23.505752, 741.58 ], [ -46.724634, -23.505751, 742.3 ], [ -46.725773, -23.505815, 749.59 ], [ -46.726074, -23.505822, 751.51 ], [ -46.726246, -23.505802, 752.58 ], [ -46.726319, -23.505764, 752.46 ], [ -46.726412, -23.505694, 752.28 ], [ -46.726727, -23.505372, 751.59 ], [ -46.727252, -23.505883, 760.33 ], [ -46.727772, -23.505364, 764.73 ], [ -46.728453, -23.506005, 772.98 ], [ -46.728504, -23.506048, 773.01 ], [ -46.728547, -23.506056, 773.13 ], [ -46.728594, -23.506052, 773.26 ], [ -46.728638, -23.506039, 773.4 ], [ -46.729152, -23.505724, 775.15 ], [ -46.729791, -23.505362, 772.81 ], [ -46.72992, -23.505313, 772.1 ], [ -46.73018, -23.506157, 766.24 ], [ -46.73027, -23.506627, 762.51 ], [ -46.730347, -23.506967, 759.79 ], [ -46.730379, -23.507093, 758.77 ], [ -46.730408, -23.507166, 758.16 ], [ -46.730277, -23.507283, 758.4 ], [ -46.730198, -23.507385, 758.58 ], [ -46.730278, -23.507431, 757.87 ], [ -46.730267, -23.507485, 757.91 ], [ -46.730275, -23.507519, 757.83 ], [ -46.730394, -23.507838, 757.03 ], [ -46.730409, -23.507944, 756.78 ], [ -46.730401, -23.508007, 756.63 ], [ -46.730366, -23.508093, 756.42 ], [ -46.73024, -23.508221, 756.01 ], [ -46.729902, -23.508508, 754.8 ], [ -46.729669, -23.508694, 753.98 ], [ -46.730336, -23.508993, 748.85 ], [ -46.730631, -23.508876, 749.6 ], [ -46.730912, -23.508775, 750.3 ], [ -46.731214, -23.508675, 751.05 ], [ -46.731645, -23.508548, 752.1 ], [ -46.731605, -23.508455, 752.5 ], [ -46.731374, -23.508514, 751.43 ], [ -46.731364, -23.508481, 751.44 ], [ -46.731616, -23.50842, 752.3 ], [ -46.731711, -23.50864, 751.31 ], [ -46.731838, -23.509126, 748.57 ], [ -46.731892, -23.509427, 747.2 ], [ -46.732039, -23.509389, 747.83 ], [ -46.732047, -23.509419, 747.82 ], [ -46.731675, -23.509514, 747.52 ], [ -46.731666, -23.509486, 747.53 ], [ -46.731815, -23.509447, 746.79 ], [ -46.731766, -23.509295, 747.93 ], [ -46.730854, -23.509629, 748.38 ], [ -46.730457, -23.5098, 747.45 ], [ -46.730063, -23.509988, 746.51 ], [ -46.729633, -23.510217, 745.46 ], [ -46.728953, -23.510684, 743.68 ], [ -46.729831, -23.511684, 740.14 ], [ -46.728981, -23.512105, 737.53 ], [ -46.72878, -23.512216, 736.9 ], [ -46.728521, -23.512377, 736.04 ], [ -46.728372, -23.512517, 735.46 ], [ -46.727857, -23.513118, 728.9 ], [ -46.727852, -23.513158, 728.67 ], [ -46.727857, -23.513196, 728.45 ], [ -46.727935, -23.513283, 728.2 ], [ -46.727798, -23.513247, 728.57 ], [ -46.727753, -23.513181, 728.8 ], [ -46.72774, -23.513141, 728.85 ], [ -46.727681, -23.51321, 728.6 ], [ -46.727592, -23.513348, 728.14 ], [ -46.727556, -23.513332, 727.71 ], [ -46.727592, -23.513253, 728.02 ], [ -46.727592, -23.513221, 728.13 ], [ -46.727585, -23.513176, 728.29 ], [ -46.727537, -23.513076, 728.68 ], [ -46.727508, -23.51306, 728.79 ], [ -46.72741, -23.513052, 729.11 ], [ -46.727266, -23.51307, 729.58 ], [ -46.727242, -23.513061, 729.67 ], [ -46.727222, -23.513043, 729.76 ], [ -46.72722, -23.513116, 729.43 ], [ -46.727078, -23.513579, 727.27 ], [ -46.72686, -23.513712, 726.19 ], [ -46.726786, -23.513704, 726.29 ], [ -46.726215, -23.515706, 726.11 ], [ -46.725973, -23.51652, 727.54 ], [ -46.725869, -23.51696, 728.27 ], [ -46.725757, -23.517344, 728.87 ], [ -46.725658, -23.5176, 730.22 ], [ -46.72553, -23.517847, 731.56 ], [ -46.725397, -23.51805, 732.43 ], [ -46.725087, -23.518412, 734.12 ], [ -46.72489, -23.518582, 735.03 ], [ -46.724639, -23.518761, 736.06 ], [ -46.724179, -23.519053, 737.56 ], [ -46.723828, -23.519286, 739.28 ], [ -46.723503, -23.519475, 741.18 ], [ -46.723029, -23.5197, 745.33 ], [ -46.72238, -23.519967, 749.53 ], [ -46.721961, -23.520149, 752.27 ], [ -46.721669, -23.519806, 747.96 ], [ -46.72163, -23.519372, 742.89 ], [ -46.721336, -23.519446, 743.5 ], [ -46.721316, -23.519458, 743.54 ], [ -46.72127, -23.519459, 743.6 ], [ -46.721232, -23.519434, 743.04 ], [ -46.721219, -23.519394, 742.55 ], [ -46.721237, -23.519355, 742.06 ], [ -46.721276, -23.519333, 741.74 ], [ -46.721481, -23.519344, 742.26 ], [ -46.721474, -23.519217, 740.45 ], [ -46.721476, -23.518929, 738.04 ] ] }, "instructions": [ { "distance": 18.944, "heading": 29.53, "sign": 0, "interval": [ 0, 1 ], "text": "Continue onto Rua General Alencastro Guimarães", "time": 3789, "street_name": "Rua General Alencastro Guimarães" }, { "distance": 42.567, "sign": -7, "interval": [ 1, 3 ], "text": "Keep left onto Rua General Alencastro Guimarães", "time": 7739, "street_name": "Rua General Alencastro Guimarães" }, { "distance": 246.064, "sign": -1, "interval": [ 3, 8 ], "text": "Turn slight left onto Rua General Alencastro Guimarães", "time": 50635, "street_name": "Rua General Alencastro Guimarães" }, { "distance": 446.282, "sign": -2, "interval": [ 8, 20 ], "text": "Turn left onto Avenida Cardeal Mota", "time": 91259, "street_name": "Avenida Cardeal Mota" }, { "distance": 78.473, "sign": -2, "interval": [ 20, 21 ], "text": "Turn left onto Rua Theophilo Júlio Bicudo", "time": 19618, "street_name": "Rua Theophilo Júlio Bicudo" }, { "distance": 78.43, "sign": 2, "interval": [ 21, 22 ], "text": "Turn right onto Rua Pierre Duchen", "time": 17429, "street_name": "Rua Pierre Duchen" }, { "distance": 274.903, "sign": -2, "interval": [ 22, 30 ], "text": "Turn left onto Rua Alcindo Brito", "time": 59714, "street_name": "Rua Alcindo Brito" }, { "distance": 212.758, "sign": -2, "interval": [ 30, 35 ], "text": "Turn left onto Rua Almiro Bernardo", "time": 38683, "street_name": "Rua Almiro Bernardo" }, { "distance": 32.507, "sign": -2, "interval": [ 35, 37 ], "text": "Turn left onto Rua João Moreira", "time": 6501, "street_name": "Rua João Moreira" }, { "distance": 9.589, "sign": 2, "interval": [ 37, 38 ], "text": "Turn right onto Rua Antônio Carlos Pereira", "time": 1743, "street_name": "Rua Antônio Carlos Pereira" }, { "distance": 174.366, "sign": -2, "interval": [ 38, 47 ], "text": "Turn left onto Rua Professor Sílvio de Sá e Silva", "time": 34873, "street_name": "Rua Professor Sílvio de Sá e Silva" }, { "distance": 75.918, "sign": 3, "interval": [ 47, 48 ], "text": "Turn sharp right onto Rua Doutor Odon Carlos de Figueiredo Ferraz", "time": 13803, "street_name": "Rua Doutor Odon Carlos de Figueiredo Ferraz" }, { "distance": 142.462, "sign": 2, "interval": [ 48, 52 ], "text": "Turn right onto Rua Inácio Luis da Costa", "time": 28492, "street_name": "Rua Inácio Luis da Costa" }, { "distance": 11.106, "sign": 2, "interval": [ 52, 53 ], "text": "Turn right", "time": 3702, "street_name": "" }, { "distance": 265.819, "sign": 2, "interval": [ 53, 65 ], "text": "Turn right", "time": 80334, "street_name": "" }, { "distance": 327.456, "sign": 2, "interval": [ 65, 70 ], "text": "Turn right onto Alça Acesso Rodovia Anhanguera", "time": 65492, "street_name": "Alça Acesso Rodovia Anhanguera" }, { "distance": 142.883, "sign": 2, "interval": [ 70, 71 ], "text": "Turn right onto Rua São Bernardino", "time": 26859, "street_name": "Rua São Bernardino" }, { "distance": 282.642, "sign": -2, "interval": [ 71, 79 ], "text": "Turn left onto Avenida Manuel Domingos Pinto", "time": 54591, "street_name": "Avenida Manuel Domingos Pinto" }, { "distance": 27.863, "sign": -3, "interval": [ 79, 82 ], "text": "Turn sharp left onto Avenida Manuel Domingos Pinto", "time": 5573, "street_name": "Avenida Manuel Domingos Pinto" }, { "distance": 27.575, "sign": 3, "interval": [ 82, 84 ], "text": "Turn sharp right onto Acesso Ponte Anhanguera and drive toward Vila Leopoidina, Alto da Lapa", "time": 19854, "street_destination": "Vila Leopoidina, Alto da Lapa", "street_name": "Acesso Ponte Anhanguera" }, { "distance": 68.198, "sign": -2, "interval": [ 84, 94 ], "text": "Turn left", "time": 61378, "street_name": "" }, { "distance": 1027.672, "sign": 3, "interval": [ 94, 114 ], "text": "Turn sharp right", "time": 272708, "street_name": "" }, { "distance": 97.275, "sign": -2, "interval": [ 114, 116 ], "text": "Turn left", "time": 79589, "street_name": "" }, { "distance": 31.135, "sign": 2, "interval": [ 116, 117 ], "text": "Turn right", "time": 6227, "street_name": "" }, { "exit_number": 5, "distance": 47.018, "sign": 6, "exited": true, "turn_angle": -0.3, "interval": [ 117, 124 ], "text": "At roundabout, take exit 5", "time": 9231, "street_name": "" }, { "distance": 46.357, "sign": 2, "interval": [ 124, 126 ], "text": "Turn right", "time": 12643, "street_name": "" }, { "distance": 0.0, "sign": 4, "last_heading": 359.51382771073764, "interval": [ 126, 126 ], "text": "Arrive at destination", "time": 0, "street_name": "" } ], "legs": [ ], "details": { }, "ascend": 86.18829345703125, "descend": 92.4822998046875, "snapped_waypoints": { "type": "LineString", "coordinates": [ [ -46.722868, -23.509099, 744.34 ], [ -46.721476, -23.518929, 738.04 ] ] } } ] }, "geometry": null },
{ "type": "Feature", "properties": { "hints": { "visited_nodes.sum": 84, "visited_nodes.average": 84.0 }, "info": { "copyrights": [ "GraphHopper", "OpenStreetMap contributors" ], "took": 2, "road_data_timestamp": "2024-09-03T15:00:00Z" }, "paths": [ { "distance": 1132.691, "weight": 419.905057, "time": 359028, "transfers": 0, "points_encoded": false, "bbox": [ -46.520506, -23.50425, -46.516506, -23.498105 ], "points": { "type": "LineString", "coordinates": [ [ -46.516506, -23.504241, 781.67 ], [ -46.516583, -23.504226, 780.78 ], [ -46.51688, -23.504237, 777.42 ], [ -46.517012, -23.50425, 777.42 ], [ -46.517098, -23.504234, 777.22 ], [ -46.51718, -23.504208, 776.85 ], [ -46.517502, -23.504037, 774.18 ], [ -46.518454, -23.503504, 771.8 ], [ -46.518522, -23.503457, 771.48 ], [ -46.518572, -23.503401, 771.19 ], [ -46.518655, -23.503254, 770.53 ], [ -46.518707, -23.503185, 770.19 ], [ -46.518791, -23.503112, 769.76 ], [ -46.518872, -23.502927, 768.95 ], [ -46.518941, -23.502728, 768.11 ], [ -46.518998, -23.502616, 767.85 ], [ -46.518759, -23.502581, 767.35 ], [ -46.518963, -23.501678, 760.03 ], [ -46.519187, -23.500742, 752.15 ], [ -46.519377, -23.499843, 747.48 ], [ -46.518771, -23.499624, 748.58 ], [ -46.519225, -23.499321, 745.13 ], [ -46.519347, -23.499081, 743.25 ], [ -46.519639, -23.498436, 736.79 ], [ -46.52028, -23.498678, 736.48 ], [ -46.520311, -23.498604, 735.94 ], [ -46.520469, -23.498662, 735.78 ], [ -46.520448, -23.498711, 736.13 ], [ -46.52035, -23.498677, 736.25 ], [ -46.520358, -23.498661, 736.23 ], [ -46.520443, -23.498694, 736.13 ], [ -46.520453, -23.498672, 736.11 ], [ -46.520348, -23.498631, 735.99 ], [ -46.520506, -23.498273, 733.46 ], [ -46.520475, -23.498242, 733.37 ], [ -46.520101, -23.498105, 733.71 ] ] }, "instructions": [ { "distance": 337.197, "heading": 282.04, "sign": 0, "interval": [ 0, 15 ], "text": "Continue onto Rua Cícero Paulo", "time": 65745, "street_name": "Rua Cícero Paulo" }, { "distance": 24.646, "sign": 3, "interval": [ 15, 16 ], "text": "Turn sharp right onto Rua dos Economistas", "time": 4929, "street_name": "Rua dos Economistas" }, { "distance": 311.68, "sign": -2, "interval": [ 16, 19 ], "text": "Turn left onto Rua Goma de Olibano", "time": 56669, "street_name": "Rua Goma de Olibano" }, { "distance": 66.451, "sign": 2, "interval": [ 19, 20 ], "text": "Turn right onto Rua Antônio Roberto de Almeida", "time": 13290, "street_name": "Rua Antônio Roberto de Almeida" }, { "distance": 57.321, "sign": -3, "interval": [ 20, 21 ], "text": "Turn sharp left onto Rua dos Horticultores", "time": 10422, "street_name": "Rua dos Horticultores" }, { "distance": 107.501, "sign": 7, "interval": [ 21, 23 ], "text": "Keep right onto Rua dos Horticultores", "time": 19682, "street_name": "Rua dos Horticultores" }, { "distance": 70.68, "sign": -2, "interval": [ 23, 24 ], "text": "Turn left onto Avenida Doutor Assis Ribeiro", "time": 14136, "street_name": "Avenida Doutor Assis Ribeiro" }, { "distance": 8.779, "sign": 2, "interval": [ 24, 25 ], "text": "Turn right", "time": 7183, "street_name": "" }, { "distance": 17.374, "sign": -2, "interval": [ 25, 26 ], "text": "Turn left", "time": 15637, "street_name": "" }, { "distance": 42.283, "sign": -2, "interval": [ 26, 32 ], "text": "Turn left", "time": 70817, "street_name": "" }, { "distance": 43.052, "sign": -2, "interval": [ 32, 33 ], "text": "Turn left", "time": 35224, "street_name": "" }, { "distance": 4.6, "sign": 2, "interval": [ 33, 34 ], "text": "Turn right", "time": 8280, "street_name": "" }, { "street_ref": "3, 4", "distance": 41.127, "sign": 1, "interval": [ 34, 35 ], "text": "Turn slight right onto 3, 4", "time": 37014, "street_name": "" }, { "distance": 0.0, "sign": 4, "last_heading": 68.14760015286012, "interval": [ 35, 35 ], "text": "Arrive at destination", "time": 0, "street_name": "" } ], "legs": [ ], "details": { }, "ascend": 2.40692138671875, "descend": 50.3729248046875, "snapped_waypoints": { "type": "LineString", "coordinates": [ [ -46.516506, -23.504241, 781.67 ], [ -46.520101, -23.498105, 733.71 ] ] } } ] }, "geometry": null },
{ "type": "Feature", "properties": { "hints": { "visited_nodes.sum": 68, "visited_nodes.average": 68.0 }, "info": { "copyrights": [ "GraphHopper", "OpenStreetMap contributors" ], "took": 1, "road_data_timestamp": "2024-09-03T15:00:00Z" }, "paths": [ { "distance": 1654.879, "weight": 339.103524, "time": 347327, "transfers": 0, "points_encoded": false, "bbox": [ -46.377859, -23.486904, -46.368011, -23.479533 ], "points": { "type": "LineString", "coordinates": [ [ -46.376868, -23.486904, 745.69 ], [ -46.377801, -23.485746, 745.11 ], [ -46.377396, -23.485483, 742.8 ], [ -46.377768, -23.484991, 741.86 ], [ -46.377859, -23.484824, 741.57 ], [ -46.377479, -23.484728, 740.25 ], [ -46.377177, -23.484676, 739.21 ], [ -46.377088, -23.484692, 738.84 ], [ -46.376451, -23.484555, 739.16 ], [ -46.376459, -23.484499, 739.18 ], [ -46.37661, -23.484529, 738.94 ], [ -46.376691, -23.484497, 738.92 ], [ -46.376739, -23.48446, 738.91 ], [ -46.376767, -23.484426, 738.9 ], [ -46.376, -23.483429, 738.27 ], [ -46.375565, -23.482896, 741.27 ], [ -46.374769, -23.482174, 745.51 ], [ -46.374416, -23.481922, 747.11 ], [ -46.373912, -23.481635, 749.89 ], [ -46.373798, -23.481589, 750.48 ], [ -46.373772, -23.481599, 750.64 ], [ -46.373745, -23.481592, 750.8 ], [ -46.37373, -23.481573, 750.95 ], [ -46.37373, -23.481549, 750.94 ], [ -46.37323, -23.481461, 752.06 ], [ -46.372982, -23.481408, 752.63 ], [ -46.371954, -23.48106, 745.54 ], [ -46.370961, -23.48083, 741.95 ], [ -46.370775, -23.480771, 741.41 ], [ -46.370652, -23.480693, 741.01 ], [ -46.37032, -23.480413, 739.78 ], [ -46.370224, -23.480356, 739.46 ], [ -46.369577, -23.480071, 738.52 ], [ -46.368764, -23.479772, 738.88 ], [ -46.368438, -23.479693, 739.18 ], [ -46.368011, -23.479623, 740.12 ], [ -46.368034, -23.479533, 739.91 ], [ -46.368519, -23.479629, 739.52 ], [ -46.368522, -23.4796, 739.52 ], [ -46.368331, -23.479559, 739.61 ] ] }, "instructions": [ { "distance": 160.219, "heading": 323.53, "sign": 0, "interval": [ 0, 1 ], "text": "Continue onto Rua Moisés Alves dos Santos", "time": 32044, "street_name": "Rua Moisés Alves dos Santos" }, { "distance": 50.622, "sign": 2, "interval": [ 1, 2 ], "text": "Turn right onto Rua Silvério Guimarães", "time": 9204, "street_name": "Rua Silvério Guimarães" }, { "distance": 87.34, "sign": -2, "interval": [ 2, 4 ], "text": "Turn left onto Rua José Gines", "time": 17468, "street_name": "Rua José Gines" }, { "distance": 71.54, "sign": 2, "interval": [ 4, 6 ], "text": "Turn right onto Avenida Marechal Tito", "time": 14308, "street_name": "Avenida Marechal Tito" }, { "distance": 75.983, "sign": 7, "interval": [ 6, 8 ], "text": "Keep right onto Avenida Marechal Tito", "time": 15029, "street_name": "Avenida Marechal Tito" }, { "distance": 6.315, "sign": -2, "interval": [ 8, 9 ], "text": "Turn left", "time": 5684, "street_name": "" }, { "street_ref": "SP-066", "distance": 15.735, "sign": -2, "interval": [ 9, 10 ], "text": "Turn left onto Rodovia Henrique Eróles", "time": 3147, "street_name": "Rodovia Henrique Eróles" }, { "distance": 20.16, "sign": 7, "interval": [ 10, 13 ], "text": "Keep right onto Rua Marília", "time": 4032, "street_name": "Rua Marília" }, { "distance": 443.049, "sign": 2, "interval": [ 13, 19 ], "text": "Turn right onto Rua Marília", "time": 95439, "street_name": "Rua Marília" }, { "distance": 11.029, "sign": 2, "interval": [ 19, 23 ], "text": "Turn right", "time": 2451, "street_name": "" }, { "distance": 628.623, "sign": 2, "interval": [ 23, 35 ], "text": "Turn right onto Rua Marília", "time": 123242, "street_name": "Rua Marília" }, { "distance": 84.264, "sign": -2, "interval": [ 35, 39 ], "text": "Turn left", "time": 25279, "street_name": "" }, { "distance": 0.0, "sign": 4, "last_heading": 76.82218117114078, "interval": [ 39, 39 ], "text": "Arrive at destination", "time": 0, "street_name": "" } ], "legs": [ ], "details": { }, "ascend": 17.62060546875, "descend": 23.70159912109375, "snapped_waypoints": { "type": "LineString", "coordinates": [ [ -46.376868, -23.486904, 745.69 ], [ -46.368331, -23.479559, 739.61 ] ] } } ] }, "geometry": null },
{ "type": "Feature", "properties": { "hints": { "visited_nodes.sum": 26, "visited_nodes.average": 26.0 }, "info": { "copyrights": [ "GraphHopper", "OpenStreetMap contributors" ], "took": 1, "road_data_timestamp": "2024-09-03T15:00:00Z" }, "paths": [ { "distance": 595.819, "weight": 161.382628, "time": 167512, "transfers": 0, "points_encoded": false, "bbox": [ -46.69712, -23.60524, -46.694348, -23.603524 ], "points": { "type": "LineString", "coordinates": [ [ -46.69569, -23.603524, 730.61 ], [ -46.694348, -23.603936, 734.86 ], [ -46.694538, -23.60447, 736.32 ], [ -46.694761, -23.605059, 745.83 ], [ -46.69604, -23.60467, 729.16 ], [ -46.69611, -23.60487, 729.7 ], [ -46.696911, -23.60463, 725.95 ], [ -46.69712, -23.60524, 722.89 ] ] }, "instructions": [ { "distance": 144.298, "heading": 108.54, "sign": 0, "interval": [ 0, 1 ], "text": "Continue onto Rua Amintas Pires de Carvalho", "time": 32066, "street_name": "Rua Amintas Pires de Carvalho" }, { "distance": 132.663, "sign": 2, "interval": [ 1, 3 ], "text": "Turn right onto Rua Sansão Alves dos Santos", "time": 48657, "street_name": "Rua Sansão Alves dos Santos" }, { "distance": 138.311, "sign": 2, "interval": [ 3, 4 ], "text": "Turn right onto Rua Guilherme Barbosa de Melo", "time": 25147, "street_name": "Rua Guilherme Barbosa de Melo" }, { "distance": 23.352, "sign": -2, "interval": [ 4, 5 ], "text": "Turn left", "time": 7006, "street_name": "" }, { "distance": 85.968, "sign": 2, "interval": [ 5, 6 ], "text": "Turn right", "time": 40391, "street_name": "" }, { "distance": 71.227, "sign": -2, "interval": [ 6, 7 ], "text": "Turn left onto Ciclovia do Rio Pinheiros", "time": 14245, "street_name": "Ciclovia do Rio Pinheiros" }, { "distance": 0.0, "sign": 4, "last_heading": 195.83124479776407, "interval": [ 7, 7 ], "text": "Arrive at destination", "time": 0, "street_name": "" } ], "legs": [ ], "details": { }, "ascend": 15.75152587890625, "descend": 23.47705078125, "snapped_waypoints": { "type": "LineString", "coordinates": [ [ -46.69569, -23.603524, 730.61 ], [ -46.69712, -23.60524, 722.89 ] ] } } ] }, "geometry": null },
{ "type": "Feature", "properties": { "hints": { "visited_nodes.sum": 100, "visited_nodes.average": 100.0 }, "info": { "copyrights": [ "GraphHopper", "OpenStreetMap contributors" ], "took": 1, "road_data_timestamp": "2024-09-03T15:00:00Z" }, "paths": [ { "distance": 2612.395, "weight": 634.168501, "time": 687033, "transfers": 0, "points_encoded": false, "bbox": [ -46.700976, -23.708511, -46.688351, -23.700907 ], "points": { "type": "LineString", "coordinates": [ [ -46.696778, -23.700949, 754.83 ], [ -46.696708, -23.700915, 753.92 ], [ -46.69667, -23.700907, 753.73 ], [ -46.696619, -23.700912, 753.49 ], [ -46.696541, -23.70094, 751.11 ], [ -46.695755, -23.701319, 754.95 ], [ -46.695738, -23.701337, 755.06 ], [ -46.695738, -23.701374, 755.24 ], [ -46.695758, -23.701462, 755.66 ], [ -46.6958, -23.701551, 756.12 ], [ -46.695831, -23.701599, 756.39 ], [ -46.695882, -23.701655, 756.73 ], [ -46.696209, -23.701963, 758.76 ], [ -46.696186, -23.701983, 758.65 ], [ -46.696472, -23.702247, 760.6 ], [ -46.697249, -23.703011, 766.55 ], [ -46.697426, -23.702872, 767.04 ], [ -46.69776, -23.702645, 767.92 ], [ -46.698023, -23.702868, 772.52 ], [ -46.698211, -23.702983, 775.57 ], [ -46.69833, -23.703042, 777.42 ], [ -46.698436, -23.703082, 778.97 ], [ -46.698676, -23.703136, 782.33 ], [ -46.698797, -23.703151, 782.86 ], [ -46.698942, -23.703154, 783.53 ], [ -46.699061, -23.703144, 784.08 ], [ -46.69951, -23.703026, 784.99 ], [ -46.699599, -23.703024, 785.06 ], [ -46.699667, -23.703031, 785.11 ], [ -46.699914, -23.703096, 785.37 ], [ -46.70032, -23.703219, 785.01 ], [ -46.700361, -23.703249, 784.96 ], [ -46.700386, -23.703283, 784.93 ], [ -46.700407, -23.703456, 784.98 ], [ -46.700441, -23.70354, 785.03 ], [ -46.700487, -23.703603, 785.07 ], [ -46.700544, -23.703645, 785.11 ], [ -46.700575, -23.703657, 785.13 ], [ -46.700976, -23.703735, 785.4 ], [ -46.700719, -23.704949, 790.86 ], [ -46.700404, -23.70641, 787.89 ], [ -46.700538, -23.706297, 788.17 ], [ -46.700524, -23.706454, 787.4 ], [ -46.700372, -23.706564, 787.05 ], [ -46.699621, -23.707157, 785.56 ], [ -46.699479, -23.707262, 785.25 ], [ -46.699339, -23.707343, 784.98 ], [ -46.699162, -23.707423, 784.66 ], [ -46.698907, -23.707511, 783.71 ], [ -46.69882, -23.707532, 783.46 ], [ -46.698373, -23.707577, 783.1 ], [ -46.697095, -23.707683, 782.05 ], [ -46.696802, -23.707694, 781.81 ], [ -46.696596, -23.707683, 782.67 ], [ -46.696204, -23.707618, 784.35 ], [ -46.695945, -23.707552, 785.47 ], [ -46.695702, -23.707478, 786.53 ], [ -46.695373, -23.707334, 787.01 ], [ -46.695319, -23.707356, 787.37 ], [ -46.695289, -23.707385, 787.7 ], [ -46.695136, -23.707344, 787.95 ], [ -46.694993, -23.707289, 788.07 ], [ -46.694649, -23.707197, 788.73 ], [ -46.694446, -23.707177, 789.1 ], [ -46.693706, -23.707224, 789.78 ], [ -46.693523, -23.707269, 789.12 ], [ -46.693444, -23.707307, 788.83 ], [ -46.693032, -23.707605, 784.04 ], [ -46.69243, -23.708004, 776.53 ], [ -46.691846, -23.708341, 772.34 ], [ -46.69151, -23.708511, 770.64 ], [ -46.690556, -23.707995, 762.82 ], [ -46.690385, -23.707884, 761.77 ], [ -46.690187, -23.707783, 760.55 ], [ -46.689762, -23.707621, 758.08 ], [ -46.689653, -23.707556, 757.38 ], [ -46.689248, -23.707175, 754.27 ], [ -46.689132, -23.70704, 753.42 ], [ -46.688839, -23.706474, 753.08 ], [ -46.688787, -23.706337, 753.01 ], [ -46.688351, -23.706472, 750.79 ], [ -46.688385, -23.706574, 751.38 ] ] }, "instructions": [ { "distance": 206.469, "heading": 50.63, "sign": 0, "interval": [ 0, 12 ], "text": "Continue", "time": 61464, "street_name": "" }, { "distance": 3.329, "sign": -2, "interval": [ 12, 13 ], "text": "Turn left", "time": 999, "street_name": "" }, { "distance": 157.592, "sign": 2, "interval": [ 13, 15 ], "text": "Turn right", "time": 52531, "street_name": "" }, { "distance": 66.097, "sign": 2, "interval": [ 15, 17 ], "text": "Turn right", "time": 19829, "street_name": "" }, { "distance": 384.08, "sign": -2, "interval": [ 17, 38 ], "text": "Turn left", "time": 150364, "street_name": "" }, { "distance": 303.303, "sign": -2, "interval": [ 38, 40 ], "text": "Turn left onto Avenida Senador Teotônio Vilela", "time": 62136, "street_name": "Avenida Senador Teotônio Vilela" }, { "distance": 18.61, "sign": 3, "interval": [ 40, 41 ], "text": "Turn sharp right onto Avenida do Jangadeiro", "time": 3722, "street_name": "Avenida do Jangadeiro" }, { "distance": 17.631, "sign": -3, "interval": [ 41, 42 ], "text": "Turn sharp left", "time": 14425, "street_name": "" }, { "distance": 571.667, "sign": -2, "interval": [ 42, 57 ], "text": "Turn left onto Avenida do Jangadeiro", "time": 116890, "street_name": "Avenida do Jangadeiro" }, { "exit_number": 1, "distance": 10.509, "sign": 6, "exited": true, "turn_angle": -1.85, "interval": [ 57, 59 ], "text": "At roundabout, take exit 1 onto Avenida Rubens Montanaro de Borba", "time": 2101, "street_name": "Avenida Rubens Montanaro de Borba" }, { "distance": 432.522, "sign": -2, "interval": [ 59, 70 ], "text": "Turn left onto Rua Justino Nigro", "time": 82385, "street_name": "Rua Justino Nigro" }, { "distance": 381.884, "sign": -2, "interval": [ 70, 79 ], "text": "Turn left onto Rua Justino Nigro", "time": 70994, "street_name": "Rua Justino Nigro" }, { "distance": 46.863, "sign": 2, "interval": [ 79, 80 ], "text": "Turn right", "time": 38538, "street_name": "" }, { "distance": 11.839, "sign": 2, "interval": [ 80, 81 ], "text": "Turn right", "time": 10655, "street_name": "" }, { "distance": 0.0, "sign": 4, "last_heading": 196.69068149046032, "interval": [ 81, 81 ], "text": "Arrive at destination", "time": 0, "street_name": "" } ], "legs": [ ], "details": { }, "ascend": 49.58251953125, "descend": 53.0345458984375, "snapped_waypoints": { "type": "LineString", "coordinates": [ [ -46.696778, -23.700949, 754.83 ], [ -46.688385, -23.706574, 751.38 ] ] } } ] }, "geometry": null },
{ "type": "Feature", "properties": { "hints": { "visited_nodes.sum": 46, "visited_nodes.average": 46.0 }, "info": { "copyrights": [ "GraphHopper", "OpenStreetMap contributors" ], "took": 3, "road_data_timestamp": "2024-09-03T15:00:00Z" }, "paths": [ { "distance": 2176.653, "weight": 571.226718, "time": 475765, "transfers": 0, "points_encoded": false, "bbox": [ -46.703234, -23.570463, -46.692927, -23.56499 ], "points": { "type": "LineString", "coordinates": [ [ -46.69394, -23.56932, 737.27 ], [ -46.693984, -23.569332, 737.48 ], [ -46.69413, -23.569411, 737.95 ], [ -46.694287, -23.569543, 738.42 ], [ -46.694387, -23.570289, 736.21 ], [ -46.694389, -23.570369, 735.98 ], [ -46.694381, -23.570411, 735.85 ], [ -46.694354, -23.570449, 735.72 ], [ -46.694317, -23.570463, 735.61 ], [ -46.694259, -23.570457, 735.45 ], [ -46.694203, -23.570409, 735.24 ], [ -46.693455, -23.569547, 732.01 ], [ -46.69343, -23.569506, 731.88 ], [ -46.693416, -23.569423, 731.63 ], [ -46.693438, -23.56933, 731.35 ], [ -46.693466, -23.569301, 736.1 ], [ -46.693489, -23.569288, 736.09 ], [ -46.693286, -23.567668, 740.73 ], [ -46.692927, -23.567756, 739.6 ], [ -46.693098, -23.567573, 740.54 ], [ -46.693247, -23.567414, 741.07 ], [ -46.693423, -23.567297, 741.58 ], [ -46.693543, -23.567247, 741.87 ], [ -46.693618, -23.5672, 741.77 ], [ -46.693767, -23.567131, 741.28 ], [ -46.694045, -23.566945, 740.45 ], [ -46.694163, -23.566828, 740.03 ], [ -46.694256, -23.566703, 739.64 ], [ -46.694343, -23.566568, 739.22 ], [ -46.694411, -23.566423, 739.32 ], [ -46.694483, -23.566186, 739.77 ], [ -46.694529, -23.565968, 740.17 ], [ -46.694585, -23.56499, 739.57 ], [ -46.695308, -23.565035, 737.81 ], [ -46.695427, -23.56505, 737.51 ], [ -46.695505, -23.565075, 737.31 ], [ -46.695581, -23.565128, 737.17 ], [ -46.695682, -23.565183, 736.99 ], [ -46.695831, -23.565235, 736.75 ], [ -46.69651, -23.5653, 735.76 ], [ -46.697893, -23.565385, 735.38 ], [ -46.698133, -23.565391, 735.32 ], [ -46.698271, -23.565381, 734.4 ], [ -46.699165, -23.565282, 730.28 ], [ -46.700111, -23.565157, 728.33 ], [ -46.700172, -23.566021, 729.23 ], [ -46.700287, -23.567464, 733.4 ], [ -46.700301, -23.567592, 733.77 ], [ -46.700334, -23.567746, 734.22 ], [ -46.700976, -23.567449, 728.55 ], [ -46.701186, -23.567342, 726.38 ], [ -46.701443, -23.567031, 727.11 ], [ -46.70214, -23.567241, 727.83 ], [ -46.702685, -23.567297, 727.14 ], [ -46.702959, -23.567361, 727.55 ], [ -46.703234, -23.566519, 724.65 ] ] }, "instructions": [ { "distance": 43.743, "heading": 253.59, "sign": 0, "interval": [ 0, 3 ], "text": "Continue onto Rua dos Cariris", "time": 8749, "street_name": "Rua dos Cariris" }, { "distance": 276.95, "sign": -1, "interval": [ 3, 16 ], "text": "Turn slight left onto Rua dos Cariris", "time": 55390, "street_name": "Rua dos Cariris" }, { "distance": 181.455, "sign": 2, "interval": [ 16, 17 ], "text": "Turn right onto Rua Cláudio Soares", "time": 37511, "street_name": "Rua Cláudio Soares" }, { "distance": 37.919, "sign": 2, "interval": [ 17, 18 ], "text": "Turn right onto Praça João Nassar", "time": 7584, "street_name": "Praça João Nassar" }, { "distance": 26.8, "sign": -3, "interval": [ 18, 19 ], "text": "Turn sharp left onto Ciclovia da Avenida Faria Lima", "time": 5956, "street_name": "Ciclovia da Avenida Faria Lima" }, { "distance": 350.853, "sign": 0, "interval": [ 19, 32 ], "text": "Continue onto Ciclovia da Avenida Faria Lima", "time": 70171, "street_name": "Ciclovia da Avenida Faria Lima" }, { "distance": 571.271, "sign": -2, "interval": [ 32, 44 ], "text": "Turn left onto Rua Cristóvão Gonçalves", "time": 113221, "street_name": "Rua Cristóvão Gonçalves" }, { "distance": 288.995, "sign": -2, "interval": [ 44, 48 ], "text": "Turn left onto Rua Eugênio de Medeiros", "time": 57799, "street_name": "Rua Eugênio de Medeiros" }, { "distance": 98.149, "sign": 3, "interval": [ 48, 50 ], "text": "Turn sharp right onto Rua Capri", "time": 17845, "street_name": "Rua Capri" }, { "distance": 43.429, "sign": 1, "interval": [ 50, 51 ], "text": "Turn slight right", "time": 34180, "street_name": "" }, { "distance": 159.415, "sign": -2, "interval": [ 51, 54 ], "text": "Turn left", "time": 47824, "street_name": "" }, { "distance": 97.675, "sign": 2, "interval": [ 54, 55 ], "text": "Turn right onto Ciclovia do Rio Pinheiros", "time": 19535, "street_name": "Ciclovia do Rio Pinheiros" }, { "distance": 0.0, "sign": 4, "last_heading": 343.3277699982919, "interval": [ 55, 55 ], "text": "Arrive at destination", "time": 0, "street_name": "" } ], "legs": [ ], "details": { }, "ascend": 23.4488525390625, "descend": 36.06585693359375, "snapped_waypoints": { "type": "LineString", "coordinates": [ [ -46.69394, -23.56932, 737.27 ], [ -46.703234, -23.566519, 724.65 ] ] } } ] }, "geometry": null },
{ "type": "Feature", "properties": { "hints": { "visited_nodes.sum": 86, "visited_nodes.average": 86.0 }, "info": { "copyrights": [ "GraphHopper", "OpenStreetMap contributors" ], "took": 1, "road_data_timestamp": "2024-09-03T15:00:00Z" }, "paths": [ { "distance": 1673.169, "weight": 411.491432, "time": 372122, "transfers": 0, "points_encoded": false, "bbox": [ -46.702534, -23.722711, -46.691614, -23.719171 ], "points": { "type": "LineString", "coordinates": [ [ -46.702534, -23.722004, 759.45 ], [ -46.701882, -23.722156, 761.42 ], [ -46.70175, -23.722096, 763.27 ], [ -46.701916, -23.721184, 772.41 ], [ -46.701237, -23.721333, 774.51 ], [ -46.700971, -23.720241, 773.45 ], [ -46.701003, -23.720219, 773.24 ], [ -46.701462, -23.719815, 769.77 ], [ -46.701418, -23.719743, 769.19 ], [ -46.701361, -23.719726, 769.15 ], [ -46.700053, -23.719451, 768.4 ], [ -46.698943, -23.719208, 766.69 ], [ -46.698803, -23.719171, 766.47 ], [ -46.698564, -23.719572, 770.27 ], [ -46.698485, -23.719687, 770.85 ], [ -46.698319, -23.719802, 770.62 ], [ -46.69809, -23.719933, 770.31 ], [ -46.698022, -23.719981, 770.36 ], [ -46.697667, -23.720199, 770.74 ], [ -46.697189, -23.720692, 774.14 ], [ -46.696532, -23.721336, 776.8 ], [ -46.696335, -23.721479, 777.49 ], [ -46.695292, -23.722036, 780.09 ], [ -46.695134, -23.722079, 780.55 ], [ -46.694889, -23.722103, 781.23 ], [ -46.693846, -23.722034, 779.85 ], [ -46.693262, -23.722011, 777.09 ], [ -46.693072, -23.722015, 775.93 ], [ -46.692723, -23.722044, 774.23 ], [ -46.692438, -23.722085, 773.8 ], [ -46.692256, -23.722098, 773.5 ], [ -46.692079, -23.722087, 772.92 ], [ -46.692031, -23.722091, 772.73 ], [ -46.691762, -23.72207, 771.67 ], [ -46.691717, -23.72212, 771.75 ], [ -46.691638, -23.722246, 771.95 ], [ -46.691614, -23.722642, 777.19 ], [ -46.691746, -23.722654, 778.65 ], [ -46.691743, -23.722711, 785.06 ] ] }, "instructions": [ { "distance": 68.517, "heading": 104.31, "sign": 0, "interval": [ 0, 1 ], "text": "Continue onto Rua José Lins de Albuquerque", "time": 15226, "street_name": "Rua José Lins de Albuquerque" }, { "distance": 15.11, "sign": -7, "interval": [ 1, 2 ], "text": "Keep left onto Rua Acambaro", "time": 9066, "street_name": "Rua Acambaro" }, { "distance": 103.183, "sign": -2, "interval": [ 2, 3 ], "text": "Turn left onto Rua Jorge da Silva Moreno", "time": 24202, "street_name": "Rua Jorge da Silva Moreno" }, { "distance": 71.121, "sign": 3, "interval": [ 3, 4 ], "text": "Turn sharp right onto Rua Walter Pereira Correia", "time": 14224, "street_name": "Rua Walter Pereira Correia" }, { "distance": 124.424, "sign": -2, "interval": [ 4, 5 ], "text": "Turn left onto Rua Cassiano dos Santos", "time": 24884, "street_name": "Rua Cassiano dos Santos" }, { "distance": 68.939, "sign": -2, "interval": [ 5, 7 ], "text": "Turn left onto Rua Cassiano dos Santos", "time": 12534, "street_name": "Rua Cassiano dos Santos" }, { "distance": 9.129, "sign": 2, "interval": [ 7, 8 ], "text": "Turn right onto Rua Manoel da Rocha Lins", "time": 1660, "street_name": "Rua Manoel da Rocha Lins" }, { "distance": 273.802, "sign": 1, "interval": [ 8, 12 ], "text": "Turn slight right onto Rua Manoel da Rocha Lins", "time": 54761, "street_name": "Rua Manoel da Rocha Lins" }, { "distance": 114.638, "sign": 2, "interval": [ 12, 16 ], "text": "Turn right onto Avenida Presidente João Goulart", "time": 24394, "street_name": "Avenida Presidente João Goulart" }, { "distance": 701.344, "sign": -7, "interval": [ 16, 31 ], "text": "Keep left onto Avenida Presidente João Goulart", "time": 141296, "street_name": "Avenida Presidente João Goulart" }, { "distance": 32.445, "sign": 7, "interval": [ 31, 33 ], "text": "Keep right onto Avenida Presidente João Goulart", "time": 5899, "street_name": "Avenida Presidente João Goulart" }, { "distance": 23.387, "sign": 2, "interval": [ 33, 35 ], "text": "Turn right", "time": 4677, "street_name": "" }, { "distance": 44.449, "sign": 1, "interval": [ 35, 36 ], "text": "Turn slight right onto Rua Jequirituba", "time": 24021, "street_name": "Rua Jequirituba" }, { "distance": 13.651, "sign": 2, "interval": [ 36, 37 ], "text": "Turn right", "time": 5119, "street_name": "" }, { "street_ref": "2", "distance": 9.03, "sign": -2, "interval": [ 37, 38 ], "text": "Turn left onto 2", "time": 10159, "street_name": "" }, { "distance": 0.0, "sign": 4, "last_heading": 176.73456148605374, "interval": [ 38, 38 ], "text": "Arrive at destination", "time": 0, "street_name": "" } ], "legs": [ ], "details": { }, "ascend": 44.152099609375, "descend": 18.5430908203125, "snapped_waypoints": { "type": "LineString", "coordinates": [ [ -46.702534, -23.722004, 759.45 ], [ -46.691743, -23.722711, 785.06 ] ] } } ] }, "geometry": null },
{ "type": "Feature", "properties": { "hints": { "visited_nodes.sum": 128, "visited_nodes.average": 128.0 }, "info": { "copyrights": [ "GraphHopper", "OpenStreetMap contributors" ], "took": 1, "road_data_timestamp": "2024-09-03T15:00:00Z" }, "paths": [ { "distance": 1989.852, "weight": 748.4142, "time": 704289, "transfers": 0, "points_encoded": false, "bbox": [ -46.70542, -23.736148, -46.696049, -23.729245 ], "points": { "type": "LineString", "coordinates": [ [ -46.70542, -23.729257, 766.71 ], [ -46.705404, -23.729308, 767.01 ], [ -46.705281, -23.729488, 768.21 ], [ -46.705241, -23.729563, 768.68 ], [ -46.70523, -23.729565, 768.78 ], [ -46.705203, -23.729551, 769.01 ], [ -46.705127, -23.729639, 769.78 ], [ -46.705023, -23.729742, 770.75 ], [ -46.70463, -23.729722, 772.27 ], [ -46.704552, -23.729695, 772.57 ], [ -46.704468, -23.729655, 772.92 ], [ -46.704349, -23.729795, 774.71 ], [ -46.704343, -23.729662, 774.96 ], [ -46.704308, -23.72943, 775.39 ], [ -46.704261, -23.729245, 775.73 ], [ -46.703898, -23.729657, 782.15 ], [ -46.703773, -23.72981, 784.46 ], [ -46.703751, -23.729934, 784.84 ], [ -46.703747, -23.73005, 785.19 ], [ -46.703778, -23.730437, 786.35 ], [ -46.703795, -23.730917, 787.78 ], [ -46.703787, -23.731022, 788.1 ], [ -46.703655, -23.731386, 790.3 ], [ -46.70358, -23.731555, 790.95 ], [ -46.703354, -23.732108, 793.05 ], [ -46.70328, -23.732211, 793.49 ], [ -46.70282, -23.732666, 796.53 ], [ -46.702521, -23.733034, 799.67 ], [ -46.702408, -23.733192, 801.63 ], [ -46.702291, -23.733328, 803.43 ], [ -46.702223, -23.733383, 804.29 ], [ -46.70201, -23.733491, 806.46 ], [ -46.701426, -23.733702, 808.86 ], [ -46.701587, -23.734579, 806.26 ], [ -46.701632, -23.734744, 805.77 ], [ -46.700664, -23.735093, 806.8 ], [ -46.700491, -23.735131, 805.94 ], [ -46.700391, -23.735145, 805.45 ], [ -46.700163, -23.735158, 804.34 ], [ -46.699851, -23.735117, 800.53 ], [ -46.699555, -23.735054, 796.76 ], [ -46.699419, -23.735053, 795.17 ], [ -46.69922, -23.735079, 793.02 ], [ -46.699115, -23.735084, 791.81 ], [ -46.699098, -23.734986, 790.66 ], [ -46.699027, -23.734703, 789.34 ], [ -46.698899, -23.73437, 787.74 ], [ -46.69867, -23.733859, 785.52 ], [ -46.698352, -23.733301, 782.99 ], [ -46.698256, -23.733339, 782.04 ], [ -46.698211, -23.733254, 781.62 ], [ -46.698094, -23.7333, 780.48 ], [ -46.697996, -23.733325, 779.57 ], [ -46.697869, -23.733335, 778.43 ], [ -46.69777, -23.733325, 777.54 ], [ -46.697349, -23.733237, 773.92 ], [ -46.697156, -23.733237, 773.63 ], [ -46.696975, -23.733252, 773.36 ], [ -46.696814, -23.733298, 773.11 ], [ -46.696675, -23.73335, 772.88 ], [ -46.696604, -23.733388, 772.76 ], [ -46.69648, -23.733484, 772.52 ], [ -46.696377, -23.733605, 772.27 ], [ -46.69634, -23.733666, 772.15 ], [ -46.696259, -23.733847, 772.01 ], [ -46.696106, -23.734482, 773.9 ], [ -46.696049, -23.73465, 774.32 ], [ -46.696327, -23.734914, 777.06 ], [ -46.696633, -23.735247, 780.42 ], [ -46.69728, -23.736028, 787.99 ], [ -46.697278, -23.736062, 788.25 ], [ -46.697191, -23.736118, 787.63 ], [ -46.697213, -23.736148, 787.72 ] ] }, "instructions": [ { "distance": 43.24, "heading": 163.76, "sign": 0, "interval": [ 0, 5 ], "text": "Continue onto Travessa Tamboré", "time": 43240, "street_name": "Travessa Tamboré" }, { "distance": 28.063, "sign": 2, "interval": [ 5, 7 ], "text": "Turn right onto Travessa Tamboré", "time": 28063, "street_name": "Travessa Tamboré" }, { "distance": 58.282, "sign": -2, "interval": [ 7, 10 ], "text": "Turn left onto Travessa Álvares Correia", "time": 58282, "street_name": "Travessa Álvares Correia" }, { "distance": 19.752, "sign": 2, "interval": [ 10, 11 ], "text": "Turn right onto Rua Fajao", "time": 22221, "street_name": "Rua Fajao" }, { "distance": 61.964, "sign": -3, "interval": [ 11, 14 ], "text": "Turn sharp left onto Rua Álvares Correia", "time": 12393, "street_name": "Rua Álvares Correia" }, { "distance": 80.558, "sign": 3, "interval": [ 14, 16 ], "text": "Turn sharp right onto Rua Jangada Nova", "time": 20140, "street_name": "Rua Jangada Nova" }, { "distance": 536.294, "sign": 1, "interval": [ 16, 32 ], "text": "Turn slight right onto Rua Contos Amazonicos", "time": 114884, "street_name": "Rua Contos Amazonicos" }, { "distance": 117.942, "sign": 2, "interval": [ 32, 34 ], "text": "Turn right onto Rua Altino Martins da Vitória", "time": 23588, "street_name": "Rua Altino Martins da Vitória" }, { "distance": 235.1, "sign": -2, "interval": [ 34, 41 ], "text": "Turn left onto Rua Oscar Nelson", "time": 45802, "street_name": "Rua Oscar Nelson" }, { "distance": 31.407, "sign": 7, "interval": [ 41, 43 ], "text": "Keep right onto Rua Oscar Nelson", "time": 5710, "street_name": "Rua Oscar Nelson" }, { "distance": 224.856, "sign": -2, "interval": [ 43, 49 ], "text": "Turn left onto Ciclovia Avenida Senador Teotônio Vilela", "time": 40883, "street_name": "Ciclovia Avenida Senador Teotônio Vilela" }, { "distance": 10.507, "sign": -2, "interval": [ 49, 50 ], "text": "Turn left onto Avenida Senador Teotônio Vilela", "time": 1910, "street_name": "Avenida Senador Teotônio Vilela" }, { "distance": 324.723, "sign": 2, "interval": [ 50, 66 ], "text": "Turn right onto Avenida Dona Belmira Marin", "time": 63532, "street_name": "Avenida Dona Belmira Marin" }, { "distance": 217.164, "sign": 2, "interval": [ 66, 72 ], "text": "Turn right onto Acesso a estação Grajaú", "time": 223641, "street_name": "Acesso a estação Grajaú" }, { "distance": 0.0, "sign": 4, "last_heading": 213.92525196799545, "interval": [ 72, 72 ], "text": "Arrive at destination", "time": 0, "street_name": "" } ], "legs": [ ], "details": { }, "ascend": 60.748046875, "descend": 39.7310791015625, "snapped_waypoints": { "type": "LineString", "coordinates": [ [ -46.70542, -23.729257, 766.71 ], [ -46.697213, -23.736148, 787.72 ] ] } } ] }, "geometry": null },
{ "type": "Feature", "properties": { "hints": { "visited_nodes.sum": 50, "visited_nodes.average": 50.0 }, "info": { "copyrights": [ "GraphHopper", "OpenStreetMap contributors" ], "took": 1, "road_data_timestamp": "2024-09-03T15:00:00Z" }, "paths": [ { "distance": 2920.611, "weight": 698.939422, "time": 624556, "transfers": 0, "points_encoded": false, "bbox": [ -46.702959, -23.573709, -46.692927, -23.56499 ], "points": { "type": "LineString", "coordinates": [ [ -46.69394, -23.56932, 737.27 ], [ -46.693984, -23.569332, 737.48 ], [ -46.69413, -23.569411, 737.95 ], [ -46.694287, -23.569543, 738.42 ], [ -46.694387, -23.570289, 736.21 ], [ -46.694389, -23.570369, 735.98 ], [ -46.694381, -23.570411, 735.85 ], [ -46.694354, -23.570449, 735.72 ], [ -46.694317, -23.570463, 735.61 ], [ -46.694259, -23.570457, 735.45 ], [ -46.694203, -23.570409, 735.24 ], [ -46.693455, -23.569547, 732.01 ], [ -46.69343, -23.569506, 731.88 ], [ -46.693416, -23.569423, 731.63 ], [ -46.693438, -23.56933, 731.35 ], [ -46.693466, -23.569301, 736.1 ], [ -46.693489, -23.569288, 736.09 ], [ -46.693286, -23.567668, 740.73 ], [ -46.692927, -23.567756, 739.6 ], [ -46.693098, -23.567573, 740.54 ], [ -46.693247, -23.567414, 741.07 ], [ -46.693423, -23.567297, 741.58 ], [ -46.693543, -23.567247, 741.87 ], [ -46.693618, -23.5672, 741.77 ], [ -46.693767, -23.567131, 741.28 ], [ -46.694045, -23.566945, 740.45 ], [ -46.694163, -23.566828, 740.03 ], [ -46.694256, -23.566703, 739.64 ], [ -46.694343, -23.566568, 739.22 ], [ -46.694411, -23.566423, 739.32 ], [ -46.694483, -23.566186, 739.77 ], [ -46.694529, -23.565968, 740.17 ], [ -46.694585, -23.56499, 739.57 ], [ -46.695308, -23.565035, 737.81 ], [ -46.695427, -23.56505, 737.51 ], [ -46.695505, -23.565075, 737.31 ], [ -46.695581, -23.565128, 737.17 ], [ -46.695682, -23.565183, 736.99 ], [ -46.695831, -23.565235, 736.75 ], [ -46.69651, -23.5653, 735.76 ], [ -46.697893, -23.565385, 735.38 ], [ -46.698133, -23.565391, 735.32 ], [ -46.698271, -23.565381, 734.4 ], [ -46.699165, -23.565282, 730.28 ], [ -46.700111, -23.565157, 728.33 ], [ -46.700172, -23.566021, 729.23 ], [ -46.700287, -23.567464, 733.4 ], [ -46.700301, -23.567592, 733.77 ], [ -46.700334, -23.567746, 734.22 ], [ -46.700976, -23.567449, 728.55 ], [ -46.701186, -23.567342, 726.38 ], [ -46.701443, -23.567031, 727.11 ], [ -46.70214, -23.567241, 727.83 ], [ -46.702685, -23.567297, 727.14 ], [ -46.702959, -23.567361, 727.55 ], [ -46.702732, -23.568084, 727.13 ], [ -46.702659, -23.568236, 727.04 ], [ -46.702539, -23.568416, 726.92 ], [ -46.702485, -23.56855, 726.84 ], [ -46.702341, -23.569166, 726.49 ], [ -46.702171, -23.569631, 726.22 ], [ -46.701534, -23.570897, 725.45 ], [ -46.70128, -23.571463, 725.11 ], [ -46.70114, -23.571704, 724.96 ], [ -46.700605, -23.572358, 724.5 ], [ -46.700212, -23.572721, 724.22 ], [ -46.700016, -23.572873, 724.09 ], [ -46.699393, -23.573301, 723.69 ], [ -46.698885, -23.573709, 723.54 ] ] }, "instructions": [ { "distance": 43.743, "heading": 253.59, "sign": 0, "interval": [ 0, 3 ], "text": "Continue onto Rua dos Cariris", "time": 8749, "street_name": "Rua dos Cariris" }, { "distance": 276.95, "sign": -1, "interval": [ 3, 16 ], "text": "Turn slight left onto Rua dos Cariris", "time": 55390, "street_name": "Rua dos Cariris" }, { "distance": 181.455, "sign": 2, "interval": [ 16, 17 ], "text": "Turn right onto Rua Cláudio Soares", "time": 37511, "street_name": "Rua Cláudio Soares" }, { "distance": 37.919, "sign": 2, "interval": [ 17, 18 ], "text": "Turn right onto Praça João Nassar", "time": 7584, "street_name": "Praça João Nassar" }, { "distance": 26.8, "sign": -3, "interval": [ 18, 19 ], "text": "Turn sharp left onto Ciclovia da Avenida Faria Lima", "time": 5956, "street_name": "Ciclovia da Avenida Faria Lima" }, { "distance": 350.853, "sign": 0, "interval": [ 19, 32 ], "text": "Continue onto Ciclovia da Avenida Faria Lima", "time": 70171, "street_name": "Ciclovia da Avenida Faria Lima" }, { "distance": 571.271, "sign": -2, "interval": [ 32, 44 ], "text": "Turn left onto Rua Cristóvão Gonçalves", "time": 113221, "street_name": "Rua Cristóvão Gonçalves" }, { "distance": 288.995, "sign": -2, "interval": [ 44, 48 ], "text": "Turn left onto Rua Eugênio de Medeiros", "time": 57799, "street_name": "Rua Eugênio de Medeiros" }, { "distance": 98.149, "sign": 3, "interval": [ 48, 50 ], "text": "Turn sharp right onto Rua Capri", "time": 17845, "street_name": "Rua Capri" }, { "distance": 43.429, "sign": 1, "interval": [ 50, 51 ], "text": "Turn slight right", "time": 34180, "street_name": "" }, { "distance": 159.415, "sign": -2, "interval": [ 51, 54 ], "text": "Turn left", "time": 47824, "street_name": "" }, { "distance": 841.632, "sign": -2, "interval": [ 54, 68 ], "text": "Turn left onto Ciclovia do Rio Pinheiros", "time": 168326, "street_name": "Ciclovia do Rio Pinheiros" }, { "distance": 0.0, "sign": 4, "last_heading": 131.21879424086114, "interval": [ 68, 68 ], "text": "Arrive at destination", "time": 0, "street_name": "" } ], "legs": [ ], "details": { }, "ascend": 23.4488525390625, "descend": 37.17633056640625, "snapped_waypoints": { "type": "LineString", "coordinates": [ [ -46.69394, -23.56932, 737.27 ], [ -46.698885, -23.573709, 723.54 ] ] } } ] }, "geometry": null },
{ "type": "Feature", "properties": { "hints": { "visited_nodes.sum": 24, "visited_nodes.average": 24.0 }, "info": { "copyrights": [ "GraphHopper", "OpenStreetMap contributors" ], "took": 2, "road_data_timestamp": "2024-09-03T15:00:00Z" }, "paths": [ { "distance": 968.524, "weight": 289.103952, "time": 239770, "transfers": 0, "points_encoded": false, "bbox": [ -46.691349, -23.586503, -46.686041, -23.584644 ], "points": { "type": "LineString", "coordinates": [ [ -46.686041, -23.584644, 735.41 ], [ -46.688046, -23.585615, 732.62 ], [ -46.688084, -23.585662, 732.5 ], [ -46.688089, -23.585745, 732.42 ], [ -46.687852, -23.585765, 732.94 ], [ -46.687563, -23.585819, 733.6 ], [ -46.687429, -23.585857, 733.91 ], [ -46.687315, -23.585911, 734.2 ], [ -46.687164, -23.58603, 734.59 ], [ -46.687223, -23.586301, 733.99 ], [ -46.687244, -23.586357, 733.88 ], [ -46.68735, -23.586346, 733.44 ], [ -46.687785, -23.586419, 731.63 ], [ -46.68786, -23.586493, 731.18 ], [ -46.68794, -23.586503, 730.85 ], [ -46.688032, -23.586454, 730.42 ], [ -46.688144, -23.586415, 729.92 ], [ -46.688375, -23.58636, 728.94 ], [ -46.68845, -23.586316, 728.58 ], [ -46.688563, -23.586228, 727.97 ], [ -46.688686, -23.586179, 727.42 ], [ -46.688795, -23.586166, 727.5 ], [ -46.688776, -23.586013, 727.49 ], [ -46.688781, -23.585966, 727.49 ], [ -46.688794, -23.585938, 727.4 ], [ -46.688823, -23.585919, 727.29 ], [ -46.688917, -23.585903, 727.02 ], [ -46.688969, -23.58592, 726.85 ], [ -46.689014, -23.585957, 726.68 ], [ -46.689115, -23.586022, 726.51 ], [ -46.689901, -23.585359, 724.71 ], [ -46.690235, -23.585163, 724.76 ], [ -46.69031, -23.58513, 724.77 ], [ -46.69038, -23.585072, 724.78 ], [ -46.690384, -23.584968, 725.09 ], [ -46.690403, -23.584819, 725.38 ], [ -46.690447, -23.584827, 724.86 ], [ -46.691058, -23.585307, 721.37 ], [ -46.691165, -23.585371, 721.71 ], [ -46.691184, -23.585291, 721.26 ], [ -46.691349, -23.585319, 722.58 ], [ -46.691318, -23.585541, 722.58 ] ] }, "instructions": [ { "distance": 246.908, "heading": 242.15, "sign": 0, "interval": [ 0, 3 ], "text": "Continue onto Rua Jacurici", "time": 49382, "street_name": "Rua Jacurici" }, { "distance": 102.058, "sign": -2, "interval": [ 3, 8 ], "text": "Turn left onto Rua Brigadeiro Haroldo Veloso and drive toward Itaim, Ibirapuera", "time": 20412, "street_destination": "Itaim, Ibirapuera", "street_name": "Rua Brigadeiro Haroldo Veloso" }, { "distance": 37.286, "sign": 2, "interval": [ 8, 10 ], "text": "Turn right", "time": 35918, "street_name": "" }, { "distance": 172.014, "sign": 2, "interval": [ 10, 21 ], "text": "Turn right", "time": 31319, "street_name": "" }, { "distance": 63.544, "sign": 2, "interval": [ 21, 29 ], "text": "Turn right", "time": 12709, "street_name": "" }, { "distance": 167.379, "sign": 2, "interval": [ 29, 33 ], "text": "Turn right", "time": 33476, "street_name": "" }, { "distance": 28.257, "sign": 2, "interval": [ 33, 35 ], "text": "Turn right", "time": 8477, "street_name": "" }, { "distance": 126.099, "sign": -2, "interval": [ 35, 40 ], "text": "Turn left", "time": 43081, "street_name": "" }, { "distance": 24.979, "sign": -2, "interval": [ 40, 41 ], "text": "Turn left onto Ciclovia do Rio Pinheiros", "time": 4996, "street_name": "Ciclovia do Rio Pinheiros" }, { "distance": 0.0, "sign": 4, "last_heading": 172.82698932326153, "interval": [ 41, 41 ], "text": "Arrive at destination", "time": 0, "street_name": "" } ], "legs": [ ], "details": { }, "ascend": 4.9410400390625, "descend": 17.77301025390625, "snapped_waypoints": { "type": "LineString", "coordinates": [ [ -46.686041, -23.584644, 735.41 ], [ -46.691318, -23.585541, 722.58 ] ] } } ] }, "geometry": null },
{ "type": "Feature", "properties": { "hints": { "visited_nodes.sum": 54, "visited_nodes.average": 54.0 }, "info": { "copyrights": [ "GraphHopper", "OpenStreetMap contributors" ], "took": 1, "road_data_timestamp": "2024-09-03T15:00:00Z" }, "paths": [ { "distance": 2055.018, "weight": 404.778169, "time": 452294, "transfers": 0, "points_encoded": false, "bbox": [ -46.69569, -23.605537, -46.690206, -23.593412 ], "points": { "type": "LineString", "coordinates": [ [ -46.69569, -23.603524, 730.61 ], [ -46.694348, -23.603936, 734.86 ], [ -46.694697, -23.604899, 741.02 ], [ -46.694245, -23.604894, 738.24 ], [ -46.694034, -23.604913, 736.68 ], [ -46.693917, -23.604935, 735.83 ], [ -46.693776, -23.604979, 734.78 ], [ -46.693655, -23.605024, 733.85 ], [ -46.693547, -23.605076, 733.01 ], [ -46.693358, -23.605183, 733.09 ], [ -46.693279, -23.605244, 733.12 ], [ -46.693128, -23.605395, 733.2 ], [ -46.692969, -23.605537, 732.11 ], [ -46.692567, -23.604394, 734.78 ], [ -46.692159, -23.603289, 736.45 ], [ -46.691927, -23.60262, 735.52 ], [ -46.6914, -23.601187, 736.99 ], [ -46.690927, -23.599861, 730.5 ], [ -46.690804, -23.599561, 731.71 ], [ -46.690906, -23.5995, 731.74 ], [ -46.690891, -23.599169, 731.52 ], [ -46.690891, -23.598885, 731.32 ], [ -46.691044, -23.598334, 730.93 ], [ -46.691111, -23.597942, 730.65 ], [ -46.691131, -23.597757, 730.52 ], [ -46.691117, -23.597385, 730.29 ], [ -46.69107, -23.597235, 730.02 ], [ -46.691095, -23.597026, 729.87 ], [ -46.690999, -23.5966, 729.57 ], [ -46.690878, -23.596593, 729.48 ], [ -46.690817, -23.596286, 729.7 ], [ -46.690692, -23.595807, 730.87 ], [ -46.690552, -23.595432, 730.58 ], [ -46.690313, -23.59487, 730.14 ], [ -46.690206, -23.594703, 730.0 ], [ -46.690304, -23.594709, 729.94 ], [ -46.690396, -23.594658, 729.91 ], [ -46.691132, -23.594001, 730.8 ], [ -46.691234, -23.593964, 730.66 ], [ -46.69168, -23.59356, 726.55 ], [ -46.691788, -23.59361, 725.76 ], [ -46.692032, -23.593576, 724.39 ], [ -46.692036, -23.593617, 724.29 ], [ -46.692641, -23.593496, 723.66 ], [ -46.692693, -23.593419, 723.56 ], [ -46.692766, -23.593412, 723.52 ] ] }, "instructions": [ { "distance": 144.298, "heading": 108.54, "sign": 0, "interval": [ 0, 1 ], "text": "Continue onto Rua Amintas Pires de Carvalho", "time": 32066, "street_name": "Rua Amintas Pires de Carvalho" }, { "distance": 113.068, "sign": 2, "interval": [ 1, 2 ], "text": "Turn right onto Rua Sansão Alves dos Santos", "time": 25143, "street_name": "Rua Sansão Alves dos Santos" }, { "distance": 199.606, "sign": -3, "interval": [ 2, 12 ], "text": "Turn sharp left onto Praça General Gentil Falcão", "time": 37513, "street_name": "Praça General Gentil Falcão" }, { "distance": 1274.368, "sign": -3, "interval": [ 12, 34 ], "text": "Turn sharp left onto Ciclovia Avenida Engenheiro Luís Carlos Berrini", "time": 255334, "street_name": "Ciclovia Avenida Engenheiro Luís Carlos Berrini" }, { "distance": 9.979, "sign": -3, "interval": [ 34, 35 ], "text": "Turn sharp left onto Rua Gomes de Carvalho", "time": 1996, "street_name": "Rua Gomes de Carvalho" }, { "distance": 115.693, "sign": 1, "interval": [ 35, 37 ], "text": "Turn slight right onto Rua Gomes de Carvalho", "time": 23138, "street_name": "Rua Gomes de Carvalho" }, { "distance": 112.706, "sign": -7, "interval": [ 37, 41 ], "text": "Keep left", "time": 30902, "street_name": "" }, { "distance": 85.3, "sign": -2, "interval": [ 41, 45 ], "text": "Turn left", "time": 46202, "street_name": "" }, { "distance": 0.0, "sign": 4, "last_heading": 275.91928540115055, "interval": [ 45, 45 ], "text": "Arrive at destination", "time": 0, "street_name": "" } ], "legs": [ ], "details": { }, "ascend": 20.75164794921875, "descend": 27.84814453125, "snapped_waypoints": { "type": "LineString", "coordinates": [ [ -46.69569, -23.603524, 730.61 ], [ -46.692766, -23.593412, 723.52 ] ] } } ] }, "geometry": null },
{ "type": "Feature", "properties": { "hints": { "visited_nodes.sum": 110, "visited_nodes.average": 110.0 }, "info": { "copyrights": [ "GraphHopper", "OpenStreetMap contributors" ], "took": 1, "road_data_timestamp": "2024-09-03T15:00:00Z" }, "paths": [ { "distance": 2089.515, "weight": 678.787489, "time": 538556, "transfers": 0, "points_encoded": false, "bbox": [ -46.701798, -23.62336, -46.69, -23.615328 ], "points": { "type": "LineString", "coordinates": [ [ -46.69, -23.615889, 729.0 ], [ -46.690012, -23.615944, 730.1 ], [ -46.690932, -23.615328, 728.65 ], [ -46.692295, -23.616999, 735.35 ], [ -46.694321, -23.619521, 737.36 ], [ -46.694446, -23.619815, 737.91 ], [ -46.694975, -23.621277, 734.38 ], [ -46.69706, -23.620617, 729.71 ], [ -46.697659, -23.620433, 728.03 ], [ -46.698128, -23.620299, 729.82 ], [ -46.698231, -23.62026, 730.37 ], [ -46.698311, -23.620242, 730.82 ], [ -46.698397, -23.620531, 732.35 ], [ -46.698403, -23.620768, 733.62 ], [ -46.698392, -23.620964, 734.68 ], [ -46.698445, -23.621098, 735.51 ], [ -46.698568, -23.621216, 737.24 ], [ -46.698647, -23.621302, 736.9 ], [ -46.698765, -23.621453, 736.28 ], [ -46.698921, -23.621724, 735.27 ], [ -46.699422, -23.622806, 731.38 ], [ -46.699492, -23.622993, 729.82 ], [ -46.699618, -23.622941, 730.18 ], [ -46.699649, -23.622903, 730.4 ], [ -46.699667, -23.622953, 730.11 ], [ -46.699661, -23.623031, 729.67 ], [ -46.69982, -23.62336, 730.54 ], [ -46.70047, -23.623131, 729.88 ], [ -46.700636, -23.622978, 729.47 ], [ -46.700803, -23.622792, 728.79 ], [ -46.700836, -23.622775, 728.68 ], [ -46.700889, -23.622772, 728.51 ], [ -46.700971, -23.622815, 728.38 ], [ -46.701015, -23.622749, 728.05 ], [ -46.701151, -23.622712, 727.53 ], [ -46.701431, -23.62249, 726.31 ], [ -46.701511, -23.622305, 725.63 ], [ -46.701499, -23.622269, 725.62 ], [ -46.701498, -23.622217, 725.61 ], [ -46.701511, -23.62216, 725.6 ], [ -46.701318, -23.621916, 726.3 ], [ -46.701188, -23.621969, 726.55 ], [ -46.70109, -23.622025, 727.07 ], [ -46.701051, -23.621982, 727.17 ], [ -46.701147, -23.621919, 726.76 ], [ -46.701562, -23.621598, 725.79 ], [ -46.701798, -23.621863, 725.33 ] ] }, "instructions": [ { "distance": 6.298, "heading": 191.53, "sign": 0, "interval": [ 0, 1 ], "text": "Continue onto Rua Gabriel de Lara", "time": 4534, "street_name": "Rua Gabriel de Lara" }, { "distance": 116.118, "sign": 3, "interval": [ 1, 2 ], "text": "Turn sharp right onto Rua Bartolomeu Feio", "time": 23224, "street_name": "Rua Bartolomeu Feio" }, { "distance": 786.669, "sign": -2, "interval": [ 2, 6 ], "text": "Turn left onto Rua João Amaro", "time": 155530, "street_name": "Rua João Amaro" }, { "distance": 359.103, "sign": 2, "interval": [ 6, 11 ], "text": "Turn right onto Rua Professor José Leite e Oiticica", "time": 71317, "street_name": "Rua Professor José Leite e Oiticica" }, { "distance": 335.718, "sign": -2, "interval": [ 11, 21 ], "text": "Turn left onto Ciclovia Avenida Doutor Chucri Zaidan", "time": 69499, "street_name": "Ciclovia Avenida Doutor Chucri Zaidan" }, { "distance": 19.398, "sign": 2, "interval": [ 21, 23 ], "text": "Turn right", "time": 17458, "street_name": "" }, { "distance": 5.852, "sign": -3, "interval": [ 23, 24 ], "text": "Turn sharp left", "time": 5267, "street_name": "" }, { "distance": 8.705, "sign": -1, "interval": [ 24, 25 ], "text": "Turn slight left", "time": 1583, "street_name": "" }, { "distance": 40.055, "sign": 1, "interval": [ 25, 26 ], "text": "Turn slight right onto Avenida Doutor Chucri Zaidan", "time": 8011, "street_name": "Avenida Doutor Chucri Zaidan" }, { "distance": 140.628, "sign": 2, "interval": [ 26, 32 ], "text": "Turn right onto Rua Interna Ao Condomínio Rochaverá", "time": 42189, "street_name": "Rua Interna Ao Condomínio Rochaverá" }, { "distance": 60.777, "sign": 2, "interval": [ 32, 35 ], "text": "Turn right onto Acesso à Avenida das Nações Unidas", "time": 17604, "street_name": "Acesso à Avenida das Nações Unidas" }, { "distance": 22.218, "sign": 7, "interval": [ 35, 36 ], "text": "Keep right onto Acesso à Avenida das Nações Unidas", "time": 6665, "street_name": "Acesso à Avenida das Nações Unidas" }, { "distance": 16.428, "sign": 1, "interval": [ 36, 39 ], "text": "Turn slight right", "time": 4928, "street_name": "" }, { "distance": 33.538, "sign": 2, "interval": [ 39, 40 ], "text": "Turn right onto Avenida das Nações Unidas", "time": 6708, "street_name": "Avenida das Nações Unidas" }, { "distance": 32.525, "sign": 2, "interval": [ 40, 43 ], "text": "Turn right", "time": 31491, "street_name": "" }, { "distance": 67.432, "sign": -2, "interval": [ 43, 45 ], "text": "Turn left", "time": 38300, "street_name": "" }, { "street_ref": "2", "distance": 38.053, "sign": -2, "interval": [ 45, 46 ], "text": "Turn left onto Plataforma 2", "time": 34248, "street_name": "Plataforma 2" }, { "distance": 0.0, "sign": 4, "last_heading": 219.13343832573466, "interval": [ 46, 46 ], "text": "Arrive at destination", "time": 0, "street_name": "" } ], "legs": [ ], "details": { }, "ascend": 23.63311767578125, "descend": 27.30859375, "snapped_waypoints": { "type": "LineString", "coordinates": [ [ -46.69, -23.615889, 729.0 ], [ -46.701798, -23.621863, 725.33 ] ] } } ] }, "geometry": null },
{ "type": "Feature", "properties": { "hints": { "visited_nodes.sum": 54, "visited_nodes.average": 54.0 }, "info": { "copyrights": [ "GraphHopper", "OpenStreetMap contributors" ], "took": 1, "road_data_timestamp": "2024-09-03T15:00:00Z" }, "paths": [ { "distance": 2284.822, "weight": 397.075539, "time": 471812, "transfers": 0, "points_encoded": false, "bbox": [ -46.718804, -23.637261, -46.710714, -23.627799 ], "points": { "type": "LineString", "coordinates": [ [ -46.710714, -23.636831, 737.98 ], [ -46.711436, -23.637261, 738.07 ], [ -46.711606, -23.636883, 736.06 ], [ -46.711726, -23.636699, 734.66 ], [ -46.711724, -23.636567, 734.29 ], [ -46.711866, -23.636641, 733.64 ], [ -46.712047, -23.63675, 732.76 ], [ -46.712275, -23.636755, 731.92 ], [ -46.712322, -23.63673, 731.77 ], [ -46.712353, -23.636724, 731.68 ], [ -46.712382, -23.636729, 731.6 ], [ -46.712407, -23.636746, 731.51 ], [ -46.712696, -23.637048, 730.45 ], [ -46.713158, -23.63594, 728.8 ], [ -46.714618, -23.636538, 729.28 ], [ -46.714768, -23.636586, 729.43 ], [ -46.714846, -23.636597, 729.5 ], [ -46.715042, -23.636604, 729.67 ], [ -46.715281, -23.636577, 729.66 ], [ -46.71588, -23.636034, 730.91 ], [ -46.715723, -23.635965, 730.62 ], [ -46.715861, -23.635981, 730.93 ], [ -46.71672, -23.636309, 730.32 ], [ -46.718267, -23.633631, 729.99 ], [ -46.718344, -23.633525, 729.99 ], [ -46.718478, -23.633394, 729.98 ], [ -46.71861, -23.633294, 729.98 ], [ -46.718804, -23.633192, 729.97 ], [ -46.718685, -23.633058, 730.3 ], [ -46.718771, -23.632993, 730.35 ], [ -46.71871, -23.632947, 730.35 ], [ -46.718556, -23.632924, 730.34 ], [ -46.718281, -23.632691, 730.31 ], [ -46.716922, -23.631216, 730.13 ], [ -46.715558, -23.629694, 729.95 ], [ -46.714792, -23.628808, 729.84 ], [ -46.714558, -23.628556, 729.65 ], [ -46.713772, -23.629203, 726.19 ], [ -46.712434, -23.627799, 726.1 ] ] }, "instructions": [ { "distance": 87.724, "heading": 236.99, "sign": 0, "interval": [ 0, 1 ], "text": "Continue onto Rua Maria de Lourdes Vital da Silva", "time": 17545, "street_name": "Rua Maria de Lourdes Vital da Silva" }, { "distance": 69.327, "sign": 2, "interval": [ 1, 3 ], "text": "Turn right onto Rua Visconde de Taunay", "time": 12605, "street_name": "Rua Visconde de Taunay" }, { "distance": 14.74, "sign": 1, "interval": [ 3, 4 ], "text": "Turn slight right onto Avenida João Carlos da Silva Borges", "time": 2948, "street_name": "Avenida João Carlos da Silva Borges" }, { "distance": 38.785, "sign": -3, "interval": [ 4, 6 ], "text": "Turn sharp left onto Praça Monsenhor Francisco Cipullo", "time": 7052, "street_name": "Praça Monsenhor Francisco Cipullo" }, { "distance": 23.217, "sign": 7, "interval": [ 6, 7 ], "text": "Keep right onto Praça Monsenhor Francisco Cipullo", "time": 4221, "street_name": "Praça Monsenhor Francisco Cipullo" }, { "distance": 59.763, "sign": 1, "interval": [ 7, 12 ], "text": "Turn slight right onto Rua Ferreira do Alentejo", "time": 11953, "street_name": "Rua Ferreira do Alentejo" }, { "distance": 131.985, "sign": 3, "interval": [ 12, 13 ], "text": "Turn sharp right onto Rua Pedro Paulino de Andrade", "time": 26397, "street_name": "Rua Pedro Paulino de Andrade" }, { "distance": 162.923, "sign": -2, "interval": [ 13, 14 ], "text": "Turn left onto Avenida Professor Alceu Maynard Araújo", "time": 32585, "street_name": "Avenida Professor Alceu Maynard Araújo" }, { "distance": 68.683, "sign": 0, "interval": [ 14, 18 ], "text": "Continue onto Avenida Professor Alceu Maynard Araújo", "time": 13737, "street_name": "Avenida Professor Alceu Maynard Araújo" }, { "distance": 85.914, "sign": 1, "interval": [ 18, 19 ], "text": "Turn slight right", "time": 17183, "street_name": "" }, { "distance": 17.722, "sign": 3, "interval": [ 19, 20 ], "text": "Turn sharp right onto Rua Luiz Seráphico Júnior", "time": 3544, "street_name": "Rua Luiz Seráphico Júnior" }, { "distance": 14.163, "sign": -3, "interval": [ 20, 21 ], "text": "Turn sharp left", "time": 2833, "street_name": "" }, { "distance": 94.785, "sign": -7, "interval": [ 21, 22 ], "text": "Keep left", "time": 18957, "street_name": "" }, { "distance": 411.333, "sign": 2, "interval": [ 22, 27 ], "text": "Turn right onto Calçada Partilhada Ponte Laguna", "time": 82267, "street_name": "Calçada Partilhada Ponte Laguna" }, { "distance": 30.577, "sign": 2, "interval": [ 27, 29 ], "text": "Turn right onto Acesso à Ciclovia do Rio Pinheiros (Margem Oeste)", "time": 6115, "street_name": "Acesso à Ciclovia do Rio Pinheiros (Margem Oeste)" }, { "distance": 621.355, "sign": 2, "interval": [ 29, 35 ], "text": "Turn right onto Ciclovia do Rio Pinheiros (Margem Oeste)", "time": 124271, "street_name": "Ciclovia do Rio Pinheiros (Margem Oeste)" }, { "distance": 36.843, "sign": 0, "interval": [ 35, 36 ], "text": "Continue onto Ciclovia do Rio Pinheiros (Margem Oeste)", "time": 7369, "street_name": "Ciclovia do Rio Pinheiros (Margem Oeste)" }, { "distance": 107.707, "sign": 2, "interval": [ 36, 37 ], "text": "Turn right onto Ciclopassarela flutuante", "time": 38775, "street_name": "Ciclopassarela flutuante" }, { "distance": 207.275, "sign": -2, "interval": [ 37, 38 ], "text": "Turn left onto Ciclovia do Rio Pinheiros", "time": 41455, "street_name": "Ciclovia do Rio Pinheiros" }, { "distance": 0.0, "sign": 4, "last_heading": 41.12691053449049, "interval": [ 38, 38 ], "text": "Arrive at destination", "time": 0, "street_name": "" } ], "legs": [ ], "details": { }, "ascend": 3.1639404296875, "descend": 15.0494384765625, "snapped_waypoints": { "type": "LineString", "coordinates": [ [ -46.710714, -23.636831, 737.98 ], [ -46.712434, -23.627799, 726.1 ] ] } } ] }, "geometry": null },
{ "type": "Feature", "properties": { "hints": { "visited_nodes.sum": 66, "visited_nodes.average": 66.0 }, "info": { "copyrights": [ "GraphHopper", "OpenStreetMap contributors" ], "took": 1, "road_data_timestamp": "2024-09-03T15:00:00Z" }, "paths": [ { "distance": 1788.817, "weight": 508.052151, "time": 462983, "transfers": 0, "points_encoded": false, "bbox": [ -46.710978, -23.670268, -46.701309, -23.663011 ], "points": { "type": "LineString", "coordinates": [ [ -46.702397, -23.670268, 730.68 ], [ -46.702531, -23.670115, 731.55 ], [ -46.701836, -23.669608, 731.14 ], [ -46.701425, -23.670081, 731.54 ], [ -46.701309, -23.670002, 731.63 ], [ -46.70294, -23.668161, 729.82 ], [ -46.702975, -23.66815, 729.86 ], [ -46.703036, -23.668163, 729.9 ], [ -46.703172, -23.668211, 729.75 ], [ -46.703214, -23.668253, 729.69 ], [ -46.703232, -23.668313, 729.65 ], [ -46.703747, -23.668668, 729.38 ], [ -46.704504, -23.667545, 730.95 ], [ -46.705071, -23.66636, 731.97 ], [ -46.706017, -23.664182, 730.63 ], [ -46.706217, -23.663695, 731.03 ], [ -46.706991, -23.663961, 731.93 ], [ -46.707251, -23.663343, 731.8 ], [ -46.70731, -23.663252, 731.85 ], [ -46.707435, -23.663146, 731.9 ], [ -46.707524, -23.66314, 731.91 ], [ -46.707611, -23.663152, 731.92 ], [ -46.707838, -23.663341, 731.56 ], [ -46.708169, -23.663036, 732.55 ], [ -46.708232, -23.663017, 732.58 ], [ -46.708308, -23.663011, 732.62 ], [ -46.708384, -23.663032, 732.65 ], [ -46.709416, -23.663703, 733.03 ], [ -46.709579, -23.66354, 732.81 ], [ -46.709822, -23.663642, 732.39 ], [ -46.709876, -23.663583, 732.26 ], [ -46.7099, -23.663578, 732.23 ], [ -46.710707, -23.663567, 730.55 ], [ -46.710911, -23.663627, 730.73 ], [ -46.710978, -23.663504, 727.71 ] ] }, "instructions": [ { "distance": 21.778, "heading": 321.13, "sign": 0, "interval": [ 0, 1 ], "text": "Continue onto Rua Galeno de Castro", "time": 4356, "street_name": "Rua Galeno de Castro" }, { "distance": 90.446, "sign": 2, "interval": [ 1, 2 ], "text": "Turn right onto Rua Maestro Joaquim Capocchi", "time": 18089, "street_name": "Rua Maestro Joaquim Capocchi" }, { "distance": 67.196, "sign": 2, "interval": [ 2, 3 ], "text": "Turn right onto Avenida Engenheiro Eusébio Stevaux", "time": 13439, "street_name": "Avenida Engenheiro Eusébio Stevaux" }, { "distance": 14.707, "sign": -2, "interval": [ 3, 4 ], "text": "Turn left", "time": 4412, "street_name": "" }, { "distance": 301.892, "sign": -2, "interval": [ 4, 10 ], "text": "Turn left onto Avenida Engenheiro Eusébio Stevaux", "time": 60379, "street_name": "Avenida Engenheiro Eusébio Stevaux" }, { "distance": 65.651, "sign": 1, "interval": [ 10, 11 ], "text": "Turn slight right onto Rua Moacir Padilha", "time": 13130, "street_name": "Rua Moacir Padilha" }, { "distance": 609.137, "sign": 2, "interval": [ 11, 15 ], "text": "Turn right onto Rua Galeno de Castro", "time": 121828, "street_name": "Rua Galeno de Castro" }, { "distance": 84.169, "sign": -2, "interval": [ 15, 16 ], "text": "Turn left onto Rua Luís Alves de Carvalho", "time": 16834, "street_name": "Rua Luís Alves de Carvalho" }, { "distance": 151.976, "sign": 2, "interval": [ 16, 22 ], "text": "Turn right onto Rua Cristiano Rolim de Freitas", "time": 30394, "street_name": "Rua Cristiano Rolim de Freitas" }, { "distance": 199.317, "sign": 2, "interval": [ 22, 27 ], "text": "Turn right onto Rua Bruges", "time": 39864, "street_name": "Rua Bruges" }, { "distance": 51.81, "sign": 2, "interval": [ 27, 29 ], "text": "Turn right", "time": 46629, "street_name": "" }, { "distance": 115.14, "sign": 2, "interval": [ 29, 33 ], "text": "Turn right", "time": 90509, "street_name": "" }, { "distance": 15.598, "sign": 2, "interval": [ 33, 34 ], "text": "Turn right onto Ciclovia do Rio Pinheiros", "time": 3120, "street_name": "Ciclovia do Rio Pinheiros" }, { "distance": 0.0, "sign": 4, "last_heading": 333.8854255345359, "interval": [ 34, 34 ], "text": "Arrive at destination", "time": 0, "street_name": "" } ], "legs": [ ], "details": { }, "ascend": 7.653564453125, "descend": 10.62408447265625, "snapped_waypoints": { "type": "LineString", "coordinates": [ [ -46.702397, -23.670268, 730.68 ], [ -46.710978, -23.663504, 727.71 ] ] } } ] }, "geometry": null },
{ "type": "Feature", "properties": { "hints": { "visited_nodes.sum": 88, "visited_nodes.average": 88.0 }, "info": { "copyrights": [ "GraphHopper", "OpenStreetMap contributors" ], "took": 1, "road_data_timestamp": "2024-09-03T15:00:00Z" }, "paths": [ { "distance": 1208.159, "weight": 467.622613, "time": 379236, "transfers": 0, "points_encoded": false, "bbox": [ -46.471114, -23.54226, -46.463893, -23.538972 ], "points": { "type": "LineString", "coordinates": [ [ -46.464488, -23.538972, 789.08 ], [ -46.463893, -23.540029, 776.02 ], [ -46.463993, -23.540073, 776.62 ], [ -46.46427, -23.540174, 777.46 ], [ -46.464933, -23.540531, 777.04 ], [ -46.464996, -23.540561, 776.93 ], [ -46.465045, -23.540576, 776.84 ], [ -46.465267, -23.540626, 777.46 ], [ -46.465256, -23.540663, 777.3 ], [ -46.465084, -23.54062, 776.61 ], [ -46.464773, -23.540961, 774.27 ], [ -46.464427, -23.540845, 775.8 ], [ -46.464413, -23.540884, 775.6 ], [ -46.464738, -23.541003, 774.01 ], [ -46.464699, -23.541076, 773.61 ], [ -46.46543, -23.541279, 772.32 ], [ -46.466055, -23.5414, 771.97 ], [ -46.469195, -23.541976, 770.22 ], [ -46.469355, -23.541942, 770.81 ], [ -46.469474, -23.541881, 771.27 ], [ -46.469493, -23.54169, 771.33 ], [ -46.469646, -23.541667, 771.93 ], [ -46.470437, -23.541743, 773.11 ], [ -46.470717, -23.541791, 773.42 ], [ -46.47064, -23.542186, 775.19 ], [ -46.471073, -23.54226, 775.96 ], [ -46.471114, -23.542055, 775.69 ] ] }, "instructions": [ { "distance": 133.238, "heading": 152.48, "sign": 0, "interval": [ 0, 1 ], "text": "Continue onto Rua Piava", "time": 24391, "street_name": "Rua Piava" }, { "distance": 11.393, "sign": 2, "interval": [ 1, 2 ], "text": "Turn right onto Avenida José Pinheiro Borges", "time": 2532, "street_name": "Avenida José Pinheiro Borges" }, { "distance": 121.24, "sign": 7, "interval": [ 2, 6 ], "text": "Keep right onto Rua Joapitanga", "time": 24248, "street_name": "Rua Joapitanga" }, { "distance": 182.217, "sign": -7, "interval": [ 6, 14 ], "text": "Keep left", "time": 53469, "street_name": "" }, { "distance": 469.414, "sign": 2, "interval": [ 14, 17 ], "text": "Turn right onto Rua Nicolino Mastrocola", "time": 93882, "street_name": "Rua Nicolino Mastrocola" }, { "distance": 30.682, "sign": 7, "interval": [ 17, 19 ], "text": "Keep right onto Rua Nicolino Mastrocola", "time": 6136, "street_name": "Rua Nicolino Mastrocola" }, { "distance": 21.338, "sign": 2, "interval": [ 19, 20 ], "text": "Turn right onto Rua Engenheiro Sidney Aparecido de Moraes", "time": 4268, "street_name": "Rua Engenheiro Sidney Aparecido de Moraes" }, { "distance": 125.866, "sign": -2, "interval": [ 20, 23 ], "text": "Turn left onto Rua Engenheiro Sidney Aparecido de Moraes", "time": 25769, "street_name": "Rua Engenheiro Sidney Aparecido de Moraes" }, { "distance": 44.715, "sign": -2, "interval": [ 23, 24 ], "text": "Turn left", "time": 44715, "street_name": "" }, { "distance": 44.961, "sign": 2, "interval": [ 24, 25 ], "text": "Turn right", "time": 80930, "street_name": "" }, { "distance": 23.096, "sign": 2, "interval": [ 25, 26 ], "text": "Turn right", "time": 18896, "street_name": "" }, { "distance": 0.0, "sign": 4, "last_heading": 349.7850043494163, "interval": [ 26, 26 ], "text": "Arrive at destination", "time": 0, "street_name": "" } ], "legs": [ ], "details": { }, "ascend": 9.8609619140625, "descend": 23.251953125, "snapped_waypoints": { "type": "LineString", "coordinates": [ [ -46.464488, -23.538972, 789.08 ], [ -46.471114, -23.542055, 775.69 ] ] } } ] }, "geometry": null },
{ "type": "Feature", "properties": { "hints": { "visited_nodes.sum": 50, "visited_nodes.average": 50.0 }, "info": { "copyrights": [ "GraphHopper", "OpenStreetMap contributors" ], "took": 1, "road_data_timestamp": "2024-09-03T15:00:00Z" }, "paths": [ { "distance": 1116.956, "weight": 205.635811, "time": 235688, "transfers": 0, "points_encoded": false, "bbox": [ -46.448122, -23.545913, -46.440941, -23.541799 ], "points": { "type": "LineString", "coordinates": [ [ -46.440941, -23.544644, 781.68 ], [ -46.440982, -23.544674, 781.25 ], [ -46.441045, -23.544746, 780.22 ], [ -46.441087, -23.544815, 779.34 ], [ -46.441099, -23.54486, 779.06 ], [ -46.441163, -23.544861, 779.15 ], [ -46.441201, -23.544872, 779.06 ], [ -46.441459, -23.545007, 778.46 ], [ -46.441549, -23.545062, 778.23 ], [ -46.441763, -23.545209, 777.69 ], [ -46.441803, -23.545255, 777.56 ], [ -46.441904, -23.545348, 777.26 ], [ -46.441973, -23.545393, 777.09 ], [ -46.442006, -23.545397, 777.02 ], [ -46.442089, -23.545383, 776.85 ], [ -46.442137, -23.545329, 776.69 ], [ -46.443083, -23.545913, 768.56 ], [ -46.443703, -23.545078, 772.42 ], [ -46.444634, -23.54381, 766.24 ], [ -46.445284, -23.542907, 764.13 ], [ -46.445574, -23.542464, 763.1 ], [ -46.44629, -23.542914, 757.39 ], [ -46.446657, -23.54199, 758.1 ], [ -46.447044, -23.542104, 756.87 ], [ -46.448122, -23.542089, 759.24 ], [ -46.448105, -23.541799, 759.19 ] ] }, "instructions": [ { "distance": 29.669, "heading": 231.22, "sign": 0, "interval": [ 0, 4 ], "text": "Continue onto Rua Isidoro de Lara", "time": 5394, "street_name": "Rua Isidoro de Lara" }, { "distance": 128.749, "sign": 2, "interval": [ 4, 15 ], "text": "Turn right", "time": 25750, "street_name": "" }, { "distance": 116.589, "sign": -2, "interval": [ 15, 16 ], "text": "Turn left onto Rua Rio Uruu", "time": 21198, "street_name": "Rua Rio Uruu" }, { "distance": 460.238, "sign": 2, "interval": [ 16, 20 ], "text": "Turn right onto Rua Rio Imburana", "time": 89917, "street_name": "Rua Rio Imburana" }, { "distance": 88.663, "sign": -2, "interval": [ 20, 21 ], "text": "Turn left onto Rua Botuporã", "time": 16121, "street_name": "Rua Botuporã" }, { "distance": 109.372, "sign": 3, "interval": [ 21, 22 ], "text": "Turn sharp right onto Rua Sabbado D'Ângelo", "time": 21875, "street_name": "Rua Sabbado D'Ângelo" }, { "distance": 151.439, "sign": -2, "interval": [ 22, 24 ], "text": "Turn left", "time": 45762, "street_name": "" }, { "distance": 32.237, "sign": 2, "interval": [ 24, 25 ], "text": "Turn right", "time": 9671, "street_name": "" }, { "distance": 0.0, "sign": 4, "last_heading": 3.008028424436822, "interval": [ 25, 25 ], "text": "Arrive at destination", "time": 0, "street_name": "" } ], "legs": [ ], "details": { }, "ascend": 8.11181640625, "descend": 30.602783203125, "snapped_waypoints": { "type": "LineString", "coordinates": [ [ -46.440941, -23.544644, 781.68 ], [ -46.448105, -23.541799, 759.19 ] ] } } ] }, "geometry": null },
{ "type": "Feature", "properties": { "hints": { "visited_nodes.sum": 102, "visited_nodes.average": 102.0 }, "info": { "copyrights": [ "GraphHopper", "OpenStreetMap contributors" ], "took": 1, "road_data_timestamp": "2024-09-03T15:00:00Z" }, "paths": [ { "distance": 1915.765, "weight": 414.766613, "time": 425515, "transfers": 0, "points_encoded": false, "bbox": [ -46.438957, -23.540093, -46.431273, -23.531188 ], "points": { "type": "LineString", "coordinates": [ [ -46.438957, -23.531188, 792.6 ], [ -46.438508, -23.532292, 792.82 ], [ -46.437639, -23.534494, 779.27 ], [ -46.437252, -23.535423, 773.54 ], [ -46.437031, -23.535351, 773.4 ], [ -46.436698, -23.536201, 773.8 ], [ -46.436647, -23.536354, 775.44 ], [ -46.436335, -23.53716, 784.22 ], [ -46.436273, -23.537128, 784.13 ], [ -46.435751, -23.537758, 792.3 ], [ -46.434928, -23.538701, 798.61 ], [ -46.434899, -23.53875, 798.6 ], [ -46.434898, -23.538798, 798.59 ], [ -46.434907, -23.538842, 798.57 ], [ -46.434932, -23.538877, 798.54 ], [ -46.434986, -23.538915, 798.51 ], [ -46.435082, -23.53895, 798.45 ], [ -46.435459, -23.539051, 798.26 ], [ -46.436065, -23.539178, 795.11 ], [ -46.435842, -23.540093, 792.63 ], [ -46.432759, -23.53942, 783.98 ], [ -46.432743, -23.539421, 783.88 ], [ -46.432725, -23.53944, 783.8 ], [ -46.432635, -23.539782, 782.35 ], [ -46.43234, -23.539714, 777.93 ], [ -46.432295, -23.539866, 777.24 ], [ -46.432114, -23.539825, 775.82 ], [ -46.432211, -23.539497, 775.29 ], [ -46.432171, -23.539485, 775.2 ], [ -46.432062, -23.539824, 775.62 ], [ -46.432015, -23.539811, 775.47 ], [ -46.432073, -23.539631, 774.3 ], [ -46.432086, -23.539545, 773.93 ], [ -46.432069, -23.53948, 773.6 ], [ -46.43201, -23.539404, 773.14 ], [ -46.431977, -23.539465, 772.35 ], [ -46.431744, -23.53938, 769.68 ], [ -46.43141, -23.539539, 767.14 ], [ -46.431273, -23.539296, 765.8 ], [ -46.431404, -23.539236, 766.94 ], [ -46.431347, -23.539138, 766.6 ] ] }, "instructions": [ { "distance": 502.491, "heading": 159.53, "sign": 0, "interval": [ 0, 3 ], "text": "Continue onto Rua Jiparaná", "time": 93744, "street_name": "Rua Jiparaná" }, { "distance": 23.91, "sign": -2, "interval": [ 3, 4 ], "text": "Turn left onto Rua Senador Amaral Furlan", "time": 4782, "street_name": "Rua Senador Amaral Furlan" }, { "distance": 213.797, "sign": 2, "interval": [ 4, 7 ], "text": "Turn right onto Travessa Tucupi", "time": 48425, "street_name": "Travessa Tucupi" }, { "distance": 7.204, "sign": -2, "interval": [ 7, 8 ], "text": "Turn left onto Rua Amanari", "time": 1441, "street_name": "Rua Amanari" }, { "distance": 365.059, "sign": 2, "interval": [ 8, 18 ], "text": "Turn right onto Rua Gonçalves Coelho", "time": 78307, "street_name": "Rua Gonçalves Coelho" }, { "distance": 104.304, "sign": -2, "interval": [ 18, 19 ], "text": "Turn left onto Rua Eugenio Albini", "time": 20861, "street_name": "Rua Eugenio Albini" }, { "distance": 366.849, "sign": -2, "interval": [ 19, 23 ], "text": "Turn left onto Rua Silvio Barbini", "time": 69255, "street_name": "Rua Silvio Barbini" }, { "distance": 48.907, "sign": -2, "interval": [ 23, 25 ], "text": "Turn left", "time": 13338, "street_name": "" }, { "distance": 153.634, "sign": -2, "interval": [ 25, 34 ], "text": "Turn left", "time": 45340, "street_name": "" }, { "distance": 71.876, "sign": 3, "interval": [ 34, 37 ], "text": "Turn sharp right", "time": 19602, "street_name": "" }, { "distance": 30.476, "sign": -2, "interval": [ 37, 38 ], "text": "Turn left onto Avenida Nagib Farah Maluf", "time": 5541, "street_name": "Avenida Nagib Farah Maluf" }, { "distance": 14.958, "sign": -2, "interval": [ 38, 39 ], "text": "Turn left", "time": 16828, "street_name": "" }, { "distance": 12.3, "sign": 2, "interval": [ 39, 40 ], "text": "Turn right onto Avenida Nagib Farah Maluf", "time": 8051, "street_name": "Avenida Nagib Farah Maluf" }, { "distance": 0.0, "sign": 4, "last_heading": 27.937422090578938, "interval": [ 40, 40 ], "text": "Arrive at destination", "time": 0, "street_name": "" } ], "legs": [ ], "details": { }, "ascend": 28.33758544921875, "descend": 54.33203125, "snapped_waypoints": { "type": "LineString", "coordinates": [ [ -46.438957, -23.531188, 792.6 ], [ -46.431347, -23.539138, 766.6 ] ] } } ] }, "geometry": null },
{ "type": "Feature", "properties": { "hints": { "visited_nodes.sum": 60, "visited_nodes.average": 60.0 }, "info": { "copyrights": [ "GraphHopper", "OpenStreetMap contributors" ], "took": 1, "road_data_timestamp": "2024-09-03T15:00:00Z" }, "paths": [ { "distance": 1777.949, "weight": 416.262983, "time": 406879, "transfers": 0, "points_encoded": false, "bbox": [ -46.42156, -23.543017, -46.415134, -23.536628 ], "points": { "type": "LineString", "coordinates": [ [ -46.42156, -23.536628, 754.09 ], [ -46.421254, -23.536655, 756.1 ], [ -46.420904, -23.536697, 757.24 ], [ -46.419956, -23.536967, 756.57 ], [ -46.418791, -23.53722, 759.23 ], [ -46.418232, -23.53754, 764.66 ], [ -46.4181, -23.537466, 765.62 ], [ -46.417536, -23.537688, 769.45 ], [ -46.416591, -23.538043, 769.86 ], [ -46.417208, -23.539837, 754.25 ], [ -46.417361, -23.54026, 752.04 ], [ -46.417571, -23.540881, 750.55 ], [ -46.418164, -23.54083, 750.22 ], [ -46.418258, -23.540925, 750.36 ], [ -46.418333, -23.540937, 750.46 ], [ -46.418674, -23.540966, 750.9 ], [ -46.418703, -23.54121, 751.86 ], [ -46.41681, -23.541577, 753.29 ], [ -46.416835, -23.541664, 754.02 ], [ -46.416836, -23.541705, 754.18 ], [ -46.416828, -23.541725, 754.26 ], [ -46.416786, -23.54176, 754.47 ], [ -46.416751, -23.541773, 754.6 ], [ -46.416472, -23.541839, 755.49 ], [ -46.416496, -23.541932, 756.27 ], [ -46.416916, -23.54184, 757.75 ], [ -46.416928, -23.541868, 757.79 ], [ -46.416476, -23.541962, 756.49 ], [ -46.416639, -23.542618, 760.44 ], [ -46.416275, -23.542699, 759.47 ], [ -46.416284, -23.542735, 759.51 ], [ -46.416648, -23.542657, 760.78 ], [ -46.41661, -23.542742, 761.13 ], [ -46.415198, -23.543017, 760.76 ], [ -46.415134, -23.542814, 759.83 ], [ -46.41516, -23.542753, 759.52 ], [ -46.415237, -23.542668, 758.97 ], [ -46.415677, -23.542574, 759.23 ] ] }, "instructions": [ { "distance": 290.676, "heading": 95.44, "sign": 0, "interval": [ 0, 4 ], "text": "Continue onto Rua Miguel Martins Lisboa", "time": 58134, "street_name": "Rua Miguel Martins Lisboa" }, { "distance": 67.498, "sign": 7, "interval": [ 4, 5 ], "text": "Keep right onto Rua Manuel Xavier dos Passos", "time": 16610, "street_name": "Rua Manuel Xavier dos Passos" }, { "distance": 15.73, "sign": -2, "interval": [ 5, 6 ], "text": "Turn left onto Rua Aníbal Thomaz Gomes", "time": 3496, "street_name": "Rua Aníbal Thomaz Gomes" }, { "distance": 166.858, "sign": 2, "interval": [ 6, 8 ], "text": "Turn right onto Rua Manoel Xavier Passos", "time": 35551, "street_name": "Rua Manoel Xavier Passos" }, { "distance": 331.73, "sign": 2, "interval": [ 8, 11 ], "text": "Turn right onto Rua Eugênio Radiante", "time": 61009, "street_name": "Rua Eugênio Radiante" }, { "distance": 60.774, "sign": 2, "interval": [ 11, 12 ], "text": "Turn right onto Rua Benedito Leite de Ávila", "time": 12155, "street_name": "Rua Benedito Leite de Ávila" }, { "distance": 56.953, "sign": -2, "interval": [ 12, 15 ], "text": "Turn left", "time": 11391, "street_name": "" }, { "distance": 27.364, "sign": -2, "interval": [ 15, 16 ], "text": "Turn left onto Rua Iacuacanga", "time": 6081, "street_name": "Rua Iacuacanga" }, { "distance": 197.308, "sign": -2, "interval": [ 16, 17 ], "text": "Turn left onto Rua Copenhague", "time": 39461, "street_name": "Rua Copenhague" }, { "distance": 316.613, "sign": 2, "interval": [ 17, 31 ], "text": "Turn right", "time": 98752, "street_name": "" }, { "distance": 10.222, "sign": -3, "interval": [ 31, 32 ], "text": "Turn sharp left", "time": 3067, "street_name": "" }, { "distance": 147.117, "sign": -2, "interval": [ 32, 33 ], "text": "Turn left", "time": 44135, "street_name": "" }, { "distance": 23.523, "sign": -2, "interval": [ 33, 34 ], "text": "Turn left onto Rua Doutor Meira Pena", "time": 4277, "street_name": "Rua Doutor Meira Pena" }, { "distance": 19.581, "sign": -1, "interval": [ 34, 36 ], "text": "Turn slight left and drive toward Itaquera", "time": 3560, "street_destination": "Itaquera", "street_name": "" }, { "distance": 46.001, "sign": -1, "interval": [ 36, 37 ], "text": "Turn slight left onto Rua Salvador Gianetti", "time": 9200, "street_name": "Rua Salvador Gianetti" }, { "distance": 0.0, "sign": 4, "last_heading": 283.15001277570155, "interval": [ 37, 37 ], "text": "Arrive at destination", "time": 0, "street_name": "" } ], "legs": [ ], "details": { }, "ascend": 30.63262939453125, "descend": 25.484130859375, "snapped_waypoints": { "type": "LineString", "coordinates": [ [ -46.42156, -23.536628, 754.09 ], [ -46.415677, -23.542574, 759.23 ] ] } } ] }, "geometry": null },
{ "type": "Feature", "properties": { "hints": { "visited_nodes.sum": 46, "visited_nodes.average": 46.0 }, "info": { "copyrights": [ "GraphHopper", "OpenStreetMap contributors" ], "took": 1, "road_data_timestamp": "2024-09-03T15:00:00Z" }, "paths": [ { "distance": 1760.968, "weight": 389.622443, "time": 405829, "transfers": 0, "points_encoded": false, "bbox": [ -46.503986, -23.488143, -46.495595, -23.484093 ], "points": { "type": "LineString", "coordinates": [ [ -46.502985, -23.487892, 739.98 ], [ -46.503083, -23.48807, 739.05 ], [ -46.503113, -23.488112, 739.05 ], [ -46.503142, -23.488134, 739.05 ], [ -46.503188, -23.488143, 739.04 ], [ -46.503328, -23.488114, 739.02 ], [ -46.503588, -23.488016, 738.98 ], [ -46.503403, -23.487461, 739.97 ], [ -46.503986, -23.487093, 736.34 ], [ -46.503803, -23.486846, 736.35 ], [ -46.503631, -23.486668, 736.63 ], [ -46.503383, -23.486453, 737.18 ], [ -46.503074, -23.486272, 737.79 ], [ -46.502705, -23.48611, 737.99 ], [ -46.502512, -23.486033, 738.09 ], [ -46.502159, -23.485932, 738.0 ], [ -46.501931, -23.485891, 738.01 ], [ -46.501727, -23.485867, 738.02 ], [ -46.501269, -23.485848, 738.04 ], [ -46.500429, -23.485842, 738.07 ], [ -46.498586, -23.485799, 738.14 ], [ -46.498262, -23.485757, 738.15 ], [ -46.498039, -23.485719, 738.16 ], [ -46.497674, -23.485618, 738.17 ], [ -46.497379, -23.485511, 738.18 ], [ -46.497078, -23.485367, 738.19 ], [ -46.496707, -23.485134, 738.21 ], [ -46.495595, -23.484181, 738.26 ], [ -46.495681, -23.484093, 736.72 ], [ -46.496731, -23.484985, 736.79 ], [ -46.496913, -23.485119, 736.81 ], [ -46.497155, -23.485254, 736.82 ], [ -46.497402, -23.485371, 736.83 ], [ -46.497731, -23.485501, 736.85 ], [ -46.498001, -23.485577, 736.86 ], [ -46.498287, -23.485637, 736.88 ], [ -46.498661, -23.485677, 736.89 ], [ -46.500711, -23.485734, 737.01 ] ] }, "instructions": [ { "distance": 79.719, "heading": 206.94, "sign": 0, "interval": [ 0, 6 ], "text": "Continue", "time": 69931, "street_name": "" }, { "distance": 64.571, "sign": 2, "interval": [ 6, 7 ], "text": "Turn right onto Rua Apaura", "time": 12914, "street_name": "Rua Apaura" }, { "distance": 72.261, "sign": -2, "interval": [ 7, 8 ], "text": "Turn left onto Rua Ríbeira do Amparo", "time": 13138, "street_name": "Rua Ríbeira do Amparo" }, { "distance": 961.336, "sign": 2, "interval": [ 8, 27 ], "text": "Turn right onto Avenida Doutor Assis Ribeiro", "time": 192267, "street_name": "Avenida Doutor Assis Ribeiro" }, { "distance": 13.244, "sign": -2, "interval": [ 27, 28 ], "text": "Turn left", "time": 3612, "street_name": "" }, { "distance": 569.837, "sign": -2, "interval": [ 28, 37 ], "text": "Turn left onto Avenida Doutor Assis Ribeiro", "time": 113967, "street_name": "Avenida Doutor Assis Ribeiro" }, { "distance": 0.0, "sign": 4, "last_heading": 270.0006313774491, "interval": [ 37, 37 ], "text": "Arrive at destination", "time": 0, "street_name": "" } ], "legs": [ ], "details": { }, "ascend": 3.37847900390625, "descend": 6.3499755859375, "snapped_waypoints": { "type": "LineString", "coordinates": [ [ -46.502985, -23.487892, 739.98 ], [ -46.500711, -23.485734, 737.01 ] ] } } ] }, "geometry": null },
{ "type": "Feature", "properties": { "hints": { "visited_nodes.sum": 46, "visited_nodes.average": 46.0 }, "info": { "copyrights": [ "GraphHopper", "OpenStreetMap contributors" ], "took": 2, "road_data_timestamp": "2024-09-03T15:00:00Z" }, "paths": [ { "distance": 893.341, "weight": 257.313192, "time": 200300, "transfers": 0, "points_encoded": false, "bbox": [ -46.737623, -23.528928, -46.73197, -23.523778 ], "points": { "type": "LineString", "coordinates": [ [ -46.73197, -23.528282, 730.29 ], [ -46.732786, -23.528928, 731.98 ], [ -46.733202, -23.528478, 729.14 ], [ -46.733314, -23.528304, 728.49 ], [ -46.733921, -23.527643, 727.66 ], [ -46.734389, -23.527154, 727.84 ], [ -46.734481, -23.527111, 727.88 ], [ -46.735985, -23.525481, 728.03 ], [ -46.736602, -23.524825, 729.88 ], [ -46.737373, -23.52398, 727.14 ], [ -46.737274, -23.523911, 727.25 ], [ -46.737385, -23.52386, 727.1 ], [ -46.737466, -23.523778, 726.95 ], [ -46.737554, -23.523849, 726.65 ], [ -46.737623, -23.52378, 726.56 ] ] }, "instructions": [ { "distance": 110.019, "heading": 229.18, "sign": 0, "interval": [ 0, 1 ], "text": "Continue onto Rua Padre Meliton Vigueira Penillos", "time": 22004, "street_name": "Rua Padre Meliton Vigueira Penillos" }, { "distance": 65.636, "sign": 2, "interval": [ 1, 2 ], "text": "Turn right onto Avenida Imperatriz Leopoldina", "time": 12192, "street_name": "Avenida Imperatriz Leopoldina" }, { "distance": 657.785, "sign": 7, "interval": [ 2, 9 ], "text": "Keep right onto Avenida Imperatriz Leopoldina", "time": 131556, "street_name": "Avenida Imperatriz Leopoldina" }, { "distance": 12.637, "sign": 2, "interval": [ 9, 10 ], "text": "Turn right onto Rua Guaipá", "time": 2527, "street_name": "Rua Guaipá" }, { "distance": 47.263, "sign": -3, "interval": [ 10, 14 ], "text": "Turn sharp left", "time": 32021, "street_name": "" }, { "distance": 0.0, "sign": 4, "last_heading": 316.98890015612795, "interval": [ 14, 14 ], "text": "Arrive at destination", "time": 0, "street_name": "" } ], "legs": [ ], "details": { }, "ascend": 5.899169921875, "descend": 9.62969970703125, "snapped_waypoints": { "type": "LineString", "coordinates": [ [ -46.73197, -23.528282, 730.29 ], [ -46.737623, -23.52378, 726.56 ] ] } } ] }, "geometry": null },
{ "type": "Feature", "properties": { "hints": { "visited_nodes.sum": 50, "visited_nodes.average": 50.0 }, "info": { "copyrights": [ "GraphHopper", "OpenStreetMap contributors" ], "took": 1, "road_data_timestamp": "2024-09-03T15:00:00Z" }, "paths": [ { "distance": 2186.339, "weight": 471.923796, "time": 450906, "transfers": 0, "points_encoded": false, "bbox": [ -46.596676, -23.587295, -46.586614, -23.581514 ], "points": { "type": "LineString", "coordinates": [ [ -46.590226, -23.583643, 738.7 ], [ -46.589287, -23.585591, 737.84 ], [ -46.589154, -23.585918, 737.67 ], [ -46.588994, -23.586194, 737.89 ], [ -46.588934, -23.586269, 738.04 ], [ -46.588781, -23.586345, 738.45 ], [ -46.58861, -23.586456, 738.94 ], [ -46.588503, -23.586541, 738.9 ], [ -46.587648, -23.587295, 737.91 ], [ -46.586614, -23.586293, 739.87 ], [ -46.587102, -23.585869, 739.86 ], [ -46.587682, -23.585378, 739.05 ], [ -46.588033, -23.58515, 738.53 ], [ -46.588084, -23.585108, 738.51 ], [ -46.588135, -23.585044, 738.49 ], [ -46.588172, -23.584967, 738.47 ], [ -46.588199, -23.584885, 738.45 ], [ -46.588213, -23.584705, 738.98 ], [ -46.588135, -23.581872, 752.42 ], [ -46.588285, -23.581885, 752.48 ], [ -46.589021, -23.581921, 752.82 ], [ -46.58956, -23.581938, 751.92 ], [ -46.590159, -23.58194, 748.35 ], [ -46.590557, -23.581925, 745.61 ], [ -46.59103, -23.581884, 742.34 ], [ -46.591875, -23.581841, 738.75 ], [ -46.592957, -23.581775, 739.19 ], [ -46.593003, -23.58174, 739.13 ], [ -46.593071, -23.581718, 739.06 ], [ -46.593144, -23.581705, 738.99 ], [ -46.59425, -23.581612, 736.66 ], [ -46.594546, -23.581579, 736.4 ], [ -46.59514, -23.581529, 735.9 ], [ -46.5954, -23.581514, 735.58 ], [ -46.595354, -23.581806, 735.34 ], [ -46.59539, -23.581863, 735.41 ], [ -46.595449, -23.581906, 735.22 ], [ -46.595997, -23.58209, 733.76 ], [ -46.596023, -23.582094, 733.69 ], [ -46.596057, -23.582086, 733.6 ], [ -46.596095, -23.582047, 733.46 ], [ -46.596115, -23.582011, 733.35 ], [ -46.596273, -23.582066, 733.81 ], [ -46.596471, -23.58209, 734.36 ], [ -46.596579, -23.58212, 734.66 ], [ -46.596676, -23.582169, 734.96 ], [ -46.596534, -23.582429, 734.95 ], [ -46.596658, -23.582479, 735.44 ] ] }, "instructions": [ { "distance": 495.136, "heading": 156.3, "sign": 0, "interval": [ 0, 8 ], "text": "Continue onto Rua Dianópolis and drive toward Vila Prudente, São Caetano do Sul", "time": 99027, "street_destination": "Vila Prudente, São Caetano do Sul", "street_name": "Rua Dianópolis" }, { "distance": 153.325, "sign": -2, "interval": [ 8, 9 ], "text": "Turn left onto Rua Pindamonhangaba", "time": 30665, "street_name": "Rua Pindamonhangaba" }, { "distance": 562.999, "sign": -2, "interval": [ 9, 18 ], "text": "Turn left onto Rua Maria Daffré", "time": 119891, "street_name": "Rua Maria Daffré" }, { "distance": 492.644, "sign": -2, "interval": [ 18, 26 ], "text": "Turn left onto Rua Capitão Pacheco e Chaves", "time": 94226, "street_name": "Rua Capitão Pacheco e Chaves" }, { "distance": 251.871, "sign": 7, "interval": [ 26, 33 ], "text": "Keep right onto Rua Capitão Pacheco e Chaves", "time": 50374, "street_name": "Rua Capitão Pacheco e Chaves" }, { "distance": 32.776, "sign": -2, "interval": [ 33, 34 ], "text": "Turn left onto Rua Henry Ford", "time": 6555, "street_name": "Rua Henry Ford" }, { "distance": 91.087, "sign": 1, "interval": [ 34, 41 ], "text": "Turn slight right onto Rua Ilha Serigipe", "time": 18217, "street_name": "Rua Ilha Serigipe" }, { "distance": 106.5, "sign": -2, "interval": [ 41, 47 ], "text": "Turn left", "time": 31951, "street_name": "" }, { "distance": 0.0, "sign": 4, "last_heading": 246.20569414566606, "interval": [ 47, 47 ], "text": "Arrive at destination", "time": 0, "street_name": "" } ], "legs": [ ], "details": { }, "ascend": 20.298583984375, "descend": 23.55609130859375, "snapped_waypoints": { "type": "LineString", "coordinates": [ [ -46.590226, -23.583643, 738.7 ], [ -46.596658, -23.582479, 735.44 ] ] } } ] }, "geometry": null },
{ "type": "Feature", "properties": { "hints": { "visited_nodes.sum": 172, "visited_nodes.average": 172.0 }, "info": { "copyrights": [ "GraphHopper", "OpenStreetMap contributors" ], "took": 2, "road_data_timestamp": "2024-09-03T15:00:00Z" }, "paths": [ { "distance": 2225.377, "weight": 436.147731, "time": 494856, "transfers": 0, "points_encoded": false, "bbox": [ -46.407507, -23.493843, -46.402013, -23.480155 ], "points": { "type": "LineString", "coordinates": [ [ -46.406204, -23.480302, 734.83 ], [ -46.406432, -23.480289, 734.51 ], [ -46.407285, -23.480155, 734.01 ], [ -46.407507, -23.485545, 732.35 ], [ -46.406903, -23.485573, 732.98 ], [ -46.406666, -23.48561, 733.24 ], [ -46.40658, -23.485647, 733.34 ], [ -46.406495, -23.48572, 733.46 ], [ -46.406248, -23.486021, 733.78 ], [ -46.406212, -23.486107, 733.91 ], [ -46.406197, -23.486258, 734.13 ], [ -46.406198, -23.486406, 734.33 ], [ -46.406254, -23.48749, 735.84 ], [ -46.406308, -23.488343, 735.69 ], [ -46.406534, -23.491281, 737.02 ], [ -46.4067, -23.493159, 739.47 ], [ -46.406693, -23.493346, 739.34 ], [ -46.406597, -23.493328, 739.18 ], [ -46.405645, -23.493268, 737.21 ], [ -46.405691, -23.493352, 737.33 ], [ -46.405702, -23.493414, 737.42 ], [ -46.405703, -23.493494, 737.53 ], [ -46.40568, -23.493843, 737.98 ], [ -46.40505, -23.493816, 737.74 ], [ -46.403661, -23.493733, 740.06 ], [ -46.402013, -23.493646, 740.98 ] ] }, "instructions": [ { "distance": 111.539, "heading": 273.57, "sign": 0, "interval": [ 0, 2 ], "text": "Continue onto Rua Manima", "time": 33462, "street_name": "Rua Manima" }, { "distance": 599.838, "sign": -2, "interval": [ 2, 3 ], "text": "Turn left onto Rua Tiete", "time": 157690, "street_name": "Rua Tiete" }, { "distance": 966.732, "sign": -2, "interval": [ 3, 16 ], "text": "Turn left onto Rua Araruta", "time": 193345, "street_name": "Rua Araruta" }, { "distance": 107.326, "sign": -2, "interval": [ 16, 18 ], "text": "Turn left onto Rua Pedro Nunes Dias", "time": 21466, "street_name": "Rua Pedro Nunes Dias" }, { "distance": 65.228, "sign": 3, "interval": [ 18, 22 ], "text": "Turn sharp right onto Rua Serra do Grão Mongol", "time": 13046, "street_name": "Rua Serra do Grão Mongol" }, { "distance": 374.715, "sign": -2, "interval": [ 22, 25 ], "text": "Turn left onto Rua Cordão de São Francisco", "time": 75847, "street_name": "Rua Cordão de São Francisco" }, { "distance": 0.0, "sign": 4, "last_heading": 85.98950589323394, "interval": [ 25, 25 ], "text": "Arrive at destination", "time": 0, "street_name": "" } ], "legs": [ ], "details": { }, "ascend": 14.85882568359375, "descend": 8.71185302734375, "snapped_waypoints": { "type": "LineString", "coordinates": [ [ -46.406204, -23.480302, 734.83 ], [ -46.402013, -23.493646, 740.98 ] ] } } ] }, "geometry": null },
{ "type": "Feature", "properties": { "hints": { "visited_nodes.sum": 42, "visited_nodes.average": 42.0 }, "info": { "copyrights": [ "GraphHopper", "OpenStreetMap contributors" ], "took": 1, "road_data_timestamp": "2024-09-03T15:00:00Z" }, "paths": [ { "distance": 2085.775, "weight": 402.825701, "time": 458655, "transfers": 0, "points_encoded": false, "bbox": [ -46.743225, -23.45562, -46.738719, -23.44439 ], "points": { "type": "LineString", "coordinates": [ [ -46.739121, -23.44439, 816.3 ], [ -46.739034, -23.445029, 815.05 ], [ -46.738986, -23.44545, 816.57 ], [ -46.738987, -23.445552, 816.92 ], [ -46.739289, -23.445459, 816.16 ], [ -46.739564, -23.445413, 815.47 ], [ -46.739863, -23.445384, 814.72 ], [ -46.740275, -23.445387, 813.7 ], [ -46.740251, -23.445673, 814.8 ], [ -46.740215, -23.445805, 815.33 ], [ -46.740194, -23.44591, 815.65 ], [ -46.740145, -23.446038, 816.05 ], [ -46.740108, -23.446109, 816.28 ], [ -46.740124, -23.44612, 816.18 ], [ -46.740343, -23.44611, 814.46 ], [ -46.741084, -23.445737, 806.61 ], [ -46.741659, -23.445434, 803.05 ], [ -46.741641, -23.445968, 804.2 ], [ -46.741616, -23.446207, 804.72 ], [ -46.741581, -23.446501, 805.37 ], [ -46.741471, -23.447265, 807.04 ], [ -46.741387, -23.447975, 808.58 ], [ -46.7418, -23.447986, 813.6 ], [ -46.742356, -23.448129, 820.75 ], [ -46.742316, -23.448188, 821.6 ], [ -46.742264, -23.448287, 822.96 ], [ -46.742236, -23.448386, 824.23 ], [ -46.742229, -23.448517, 825.84 ], [ -46.742238, -23.448659, 827.6 ], [ -46.742297, -23.449039, 831.98 ], [ -46.742477, -23.449892, 827.12 ], [ -46.742615, -23.450674, 822.67 ], [ -46.742646, -23.451822, 820.65 ], [ -46.742685, -23.452425, 821.7 ], [ -46.74271, -23.452525, 821.87 ], [ -46.742761, -23.452612, 822.05 ], [ -46.742911, -23.452751, 822.38 ], [ -46.743044, -23.452855, 822.66 ], [ -46.74311, -23.452925, 822.82 ], [ -46.743155, -23.452987, 822.95 ], [ -46.743225, -23.453114, 823.07 ], [ -46.742889, -23.45349, 819.59 ], [ -46.742506, -23.453231, 816.18 ], [ -46.742378, -23.453157, 816.21 ], [ -46.742321, -23.453141, 816.39 ], [ -46.742268, -23.453143, 816.55 ], [ -46.742213, -23.453162, 816.73 ], [ -46.742158, -23.453199, 816.93 ], [ -46.741219, -23.453994, 820.81 ], [ -46.741038, -23.454115, 821.49 ], [ -46.740898, -23.454185, 821.97 ], [ -46.740729, -23.454237, 822.52 ], [ -46.740506, -23.454294, 823.46 ], [ -46.740334, -23.454358, 824.44 ], [ -46.740118, -23.454469, 825.76 ], [ -46.739675, -23.454717, 828.5 ], [ -46.739599, -23.454781, 829.05 ], [ -46.739512, -23.454883, 829.8 ], [ -46.739382, -23.455095, 831.2 ], [ -46.738922, -23.455414, 831.73 ], [ -46.738774, -23.455545, 832.92 ], [ -46.738719, -23.45562, 833.49 ] ] }, "instructions": [ { "distance": 130.07, "heading": 172.84, "sign": 0, "interval": [ 0, 3 ], "text": "Continue onto Rua Baquilides", "time": 26014, "street_name": "Rua Baquilides" }, { "distance": 133.718, "sign": 3, "interval": [ 3, 7 ], "text": "Turn sharp right onto Avenida Atílio Brugnoli", "time": 26744, "street_name": "Avenida Atílio Brugnoli" }, { "distance": 47.017, "sign": -2, "interval": [ 7, 9 ], "text": "Turn left onto Rua Friedrich Von Voith", "time": 9403, "street_name": "Rua Friedrich Von Voith" }, { "distance": 35.69, "sign": 0, "interval": [ 9, 12 ], "text": "Continue onto Rua Friedrich Von Voith", "time": 7138, "street_name": "Rua Friedrich Von Voith" }, { "exit_number": 1, "distance": 178.755, "sign": 6, "exited": true, "turn_angle": -1.07, "interval": [ 12, 16 ], "text": "At roundabout, take exit 1 onto Rua Napoleão Mendes de Almeida", "time": 32538, "street_name": "Rua Napoleão Mendes de Almeida" }, { "distance": 284.12, "sign": -3, "interval": [ 16, 21 ], "text": "Turn sharp left onto Rua Vicente Amato Sobrinho", "time": 56824, "street_name": "Rua Vicente Amato Sobrinho" }, { "distance": 101.855, "sign": 2, "interval": [ 21, 23 ], "text": "Turn right", "time": 61113, "street_name": "" }, { "distance": 581.214, "sign": -3, "interval": [ 23, 40 ], "text": "Turn sharp left onto Rua Doutor Rafael de Araújo Ribeiro", "time": 116243, "street_name": "Rua Doutor Rafael de Araújo Ribeiro" }, { "distance": 54.248, "sign": -2, "interval": [ 40, 41 ], "text": "Turn left onto Rua Lavrinha", "time": 9863, "street_name": "Rua Lavrinha" }, { "distance": 539.088, "sign": -2, "interval": [ 41, 61 ], "text": "Turn left onto Avenida Doutor Felipe Pinel", "time": 112775, "street_name": "Avenida Doutor Felipe Pinel" }, { "distance": 0.0, "sign": 4, "last_heading": 146.06986029065206, "interval": [ 61, 61 ], "text": "Arrive at destination", "time": 0, "street_name": "" } ], "legs": [ ], "details": { }, "ascend": 53.1180419921875, "descend": 35.93096923828125, "snapped_waypoints": { "type": "LineString", "coordinates": [ [ -46.739121, -23.44439, 816.3 ], [ -46.738719, -23.45562, 833.49 ] ] } } ] }, "geometry": null },
{ "type": "Feature", "properties": { "hints": { "visited_nodes.sum": 48, "visited_nodes.average": 48.0 }, "info": { "copyrights": [ "GraphHopper", "OpenStreetMap contributors" ], "took": 4, "road_data_timestamp": "2024-09-03T15:00:00Z" }, "paths": [ { "distance": 1249.353, "weight": 270.772768, "time": 290166, "transfers": 0, "points_encoded": false, "bbox": [ -46.641469, -23.540971, -46.63629, -23.532802 ], "points": { "type": "LineString", "coordinates": [ [ -46.636684, -23.540649, 766.11 ], [ -46.636746, -23.54079, 765.67 ], [ -46.636745, -23.540945, 765.52 ], [ -46.636615, -23.540946, 765.38 ], [ -46.636483, -23.540971, 765.13 ], [ -46.63629, -23.539977, 766.59 ], [ -46.636704, -23.539862, 767.38 ], [ -46.636944, -23.539701, 767.06 ], [ -46.637836, -23.538528, 754.18 ], [ -46.637884, -23.538455, 753.91 ], [ -46.638534, -23.53763, 754.64 ], [ -46.639732, -23.536153, 751.81 ], [ -46.640494, -23.535198, 754.86 ], [ -46.640648, -23.535315, 754.93 ], [ -46.64082, -23.535106, 755.61 ], [ -46.641469, -23.53427, 754.54 ], [ -46.640742, -23.533773, 754.67 ], [ -46.640725, -23.533727, 754.37 ], [ -46.640726, -23.533688, 754.26 ], [ -46.640738, -23.533645, 754.13 ], [ -46.640788, -23.533567, 753.86 ], [ -46.641164, -23.533059, 751.14 ], [ -46.64134, -23.532802, 751.45 ] ] }, "instructions": [ { "distance": 34.17, "heading": 198.66, "sign": 0, "interval": [ 0, 2 ], "text": "Continue", "time": 30753, "street_name": "" }, { "distance": 26.933, "sign": -2, "interval": [ 2, 4 ], "text": "Turn left", "time": 24240, "street_name": "" }, { "distance": 112.296, "sign": -2, "interval": [ 4, 5 ], "text": "Turn left onto Avenida Cásper Líbero", "time": 22681, "street_name": "Avenida Cásper Líbero" }, { "distance": 693.127, "sign": -2, "interval": [ 5, 12 ], "text": "Turn left onto Rua dos Andradas", "time": 136898, "street_name": "Rua dos Andradas" }, { "distance": 20.346, "sign": -2, "interval": [ 12, 13 ], "text": "Turn left onto Avenida Duque de Caxias", "time": 4069, "street_name": "Avenida Duque de Caxias" }, { "distance": 143.168, "sign": 2, "interval": [ 13, 15 ], "text": "Turn right onto Alameda Dino Bueno", "time": 28634, "street_name": "Alameda Dino Bueno" }, { "distance": 219.313, "sign": 2, "interval": [ 15, 22 ], "text": "Turn right onto Praça Júlio Prestes", "time": 42891, "street_name": "Praça Júlio Prestes" }, { "distance": 0.0, "sign": 4, "last_heading": 327.83499121795444, "interval": [ 22, 22 ], "text": "Arrive at destination", "time": 0, "street_name": "" } ], "legs": [ ], "details": { }, "ascend": 8.46044921875, "descend": 23.11297607421875, "snapped_waypoints": { "type": "LineString", "coordinates": [ [ -46.636684, -23.540649, 766.11 ], [ -46.64134, -23.532802, 751.45 ] ] } } ] }, "geometry": null },
{ "type": "Feature", "properties": { "hints": { "visited_nodes.sum": 14, "visited_nodes.average": 14.0 }, "info": { "copyrights": [ "GraphHopper", "OpenStreetMap contributors" ], "took": 0, "road_data_timestamp": "2024-09-03T15:00:00Z" }, "paths": [ { "distance": 1117.296, "weight": 257.764678, "time": 299772, "transfers": 0, "points_encoded": false, "bbox": [ -46.762, -23.53114, -46.753195, -23.528016 ], "points": { "type": "LineString", "coordinates": [ [ -46.753195, -23.529485, 732.41 ], [ -46.753895, -23.52911, 734.91 ], [ -46.754035, -23.529016, 735.51 ], [ -46.754136, -23.528925, 736.01 ], [ -46.754202, -23.528836, 736.42 ], [ -46.754241, -23.528755, 736.76 ], [ -46.754294, -23.528577, 737.46 ], [ -46.754324, -23.528505, 737.76 ], [ -46.754375, -23.52844, 738.06 ], [ -46.754436, -23.528388, 738.35 ], [ -46.75481, -23.52818, 739.89 ], [ -46.754987, -23.528112, 740.56 ], [ -46.755153, -23.528075, 740.34 ], [ -46.755675, -23.528016, 737.86 ], [ -46.755825, -23.528017, 737.16 ], [ -46.756261, -23.528067, 735.09 ], [ -46.756577, -23.528106, 734.83 ], [ -46.757251, -23.528209, 734.24 ], [ -46.758335, -23.528462, 733.27 ], [ -46.758466, -23.52846, 733.15 ], [ -46.758775, -23.528377, 731.72 ], [ -46.758929, -23.528353, 730.57 ], [ -46.759007, -23.528323, 729.99 ], [ -46.759054, -23.528282, 729.53 ], [ -46.759746, -23.528906, 727.78 ], [ -46.760448, -23.529576, 727.16 ], [ -46.761007, -23.530147, 728.39 ], [ -46.762, -23.531115, 728.52 ], [ -46.761965, -23.53114, 728.44 ], [ -46.761934, -23.531107, 728.4 ] ] }, "instructions": [ { "distance": 672.415, "heading": 300.3, "sign": 0, "interval": [ 0, 23 ], "text": "Continue", "time": 196977, "street_name": "" }, { "distance": 435.411, "sign": -2, "interval": [ 23, 27 ], "text": "Turn left onto Rua Abílio Mendes", "time": 94272, "street_name": "Rua Abílio Mendes" }, { "distance": 9.47, "sign": -2, "interval": [ 27, 29 ], "text": "Turn left", "time": 8523, "street_name": "" }, { "distance": 0.0, "sign": 4, "last_heading": 40.31904004335603, "interval": [ 29, 29 ], "text": "Arrive at destination", "time": 0, "street_name": "" } ], "legs": [ ], "details": { }, "ascend": 10.4989013671875, "descend": 14.5059814453125, "snapped_waypoints": { "type": "LineString", "coordinates": [ [ -46.753195, -23.529485, 732.41 ], [ -46.761934, -23.531107, 728.4 ] ] } } ] }, "geometry": null },
{ "type": "Feature", "properties": { "hints": { "visited_nodes.sum": 92, "visited_nodes.average": 92.0 }, "info": { "copyrights": [ "GraphHopper", "OpenStreetMap contributors" ], "took": 2, "road_data_timestamp": "2024-09-03T15:00:00Z" }, "paths": [ { "distance": 2574.744, "weight": 502.078679, "time": 531613, "transfers": 0, "points_encoded": false, "bbox": [ -46.57358, -23.609836, -46.562133, -23.600945 ], "points": { "type": "LineString", "coordinates": [ [ -46.562133, -23.600945, 757.11 ], [ -46.563478, -23.601919, 747.45 ], [ -46.56537, -23.603325, 742.06 ], [ -46.565469, -23.603405, 741.98 ], [ -46.565548, -23.603479, 741.91 ], [ -46.565641, -23.603587, 741.82 ], [ -46.565699, -23.603674, 741.75 ], [ -46.565893, -23.604076, 741.46 ], [ -46.568314, -23.60304, 744.4 ], [ -46.568581, -23.602916, 743.54 ], [ -46.56913, -23.602626, 741.71 ], [ -46.569018, -23.601897, 746.6 ], [ -46.57065, -23.601843, 742.55 ], [ -46.570503, -23.603068, 738.07 ], [ -46.570537, -23.603621, 737.59 ], [ -46.570568, -23.603854, 737.34 ], [ -46.570559, -23.603963, 737.26 ], [ -46.570535, -23.604048, 737.26 ], [ -46.570501, -23.604127, 737.26 ], [ -46.570524, -23.604185, 737.14 ], [ -46.570549, -23.604213, 737.06 ], [ -46.570626, -23.60426, 736.91 ], [ -46.571549, -23.604228, 735.49 ], [ -46.57358, -23.604203, 741.59 ], [ -46.573558, -23.60529, 744.74 ], [ -46.573267, -23.605292, 743.66 ], [ -46.572468, -23.606664, 746.58 ], [ -46.572137, -23.60721, 748.95 ], [ -46.572096, -23.607264, 749.19 ], [ -46.572693, -23.607972, 745.91 ], [ -46.571701, -23.60872, 746.78 ], [ -46.570785, -23.609361, 747.56 ], [ -46.570567, -23.609457, 747.8 ], [ -46.570638, -23.609636, 747.57 ], [ -46.570055, -23.609836, 747.09 ] ] }, "instructions": [ { "distance": 523.736, "heading": 231.31, "sign": 0, "interval": [ 0, 7 ], "text": "Continue onto Rua Justiniano", "time": 101564, "street_name": "Rua Justiniano" }, { "distance": 367.388, "sign": 2, "interval": [ 7, 10 ], "text": "Turn right onto Rua Visconde de Alcântara", "time": 75095, "street_name": "Rua Visconde de Alcântara" }, { "distance": 81.975, "sign": 2, "interval": [ 10, 11 ], "text": "Turn right onto Rua Industrial", "time": 18217, "street_name": "Rua Industrial" }, { "distance": 166.456, "sign": -2, "interval": [ 11, 12 ], "text": "Turn left onto Rua das Papoulas", "time": 31925, "street_name": "Rua das Papoulas" }, { "distance": 256.118, "sign": -2, "interval": [ 12, 18 ], "text": "Turn left onto Rua Baía Grande", "time": 49316, "street_name": "Rua Baía Grande" }, { "distance": 20.396, "sign": 7, "interval": [ 18, 21 ], "text": "Keep right onto Rua Ceará", "time": 4079, "street_name": "Rua Ceará" }, { "distance": 301.161, "sign": 1, "interval": [ 21, 23 ], "text": "Turn slight right onto Rua Ceará", "time": 62363, "street_name": "Rua Ceará" }, { "distance": 120.974, "sign": -2, "interval": [ 23, 24 ], "text": "Turn left onto Rua Fausto Luis Pina", "time": 24195, "street_name": "Rua Fausto Luis Pina" }, { "distance": 29.712, "sign": -2, "interval": [ 24, 25 ], "text": "Turn left onto Rua 28 de Julho", "time": 5402, "street_name": "Rua 28 de Julho" }, { "distance": 249.73, "sign": 2, "interval": [ 25, 28 ], "text": "Turn right onto Rua Heloisa Pamplona", "time": 49946, "street_name": "Rua Heloisa Pamplona" }, { "distance": 99.44, "sign": 2, "interval": [ 28, 29 ], "text": "Turn right onto Avenida Doutor Rodrigues Alves", "time": 19888, "street_name": "Avenida Doutor Rodrigues Alves" }, { "distance": 272.981, "sign": -2, "interval": [ 29, 32 ], "text": "Turn left onto Rua Perrella", "time": 54596, "street_name": "Rua Perrella" }, { "distance": 84.677, "sign": 2, "interval": [ 32, 34 ], "text": "Turn right", "time": 35027, "street_name": "" }, { "distance": 0.0, "sign": 4, "last_heading": 110.16832484775469, "interval": [ 34, 34 ], "text": "Arrive at destination", "time": 0, "street_name": "" } ], "legs": [ ], "details": { }, "ascend": 26.83831787109375, "descend": 36.8642578125, "snapped_waypoints": { "type": "LineString", "coordinates": [ [ -46.562133, -23.600945, 757.11 ], [ -46.570055, -23.609836, 747.09 ] ] } } ] }, "geometry": null },
{ "type": "Feature", "properties": { "hints": { "visited_nodes.sum": 84, "visited_nodes.average": 84.0 }, "info": { "copyrights": [ "GraphHopper", "OpenStreetMap contributors" ], "took": 1, "road_data_timestamp": "2024-09-03T15:00:00Z" }, "paths": [ { "distance": 1457.176, "weight": 645.401638, "time": 507355, "transfers": 0, "points_encoded": false, "bbox": [ -46.449561, -23.492622, -46.444268, -23.489271 ], "points": { "type": "LineString", "coordinates": [ [ -46.449561, -23.489282, 732.15 ], [ -46.449346, -23.489271, 732.4 ], [ -46.449322, -23.489703, 733.94 ], [ -46.448581, -23.489687, 733.86 ], [ -46.447593, -23.489635, 733.75 ], [ -46.447586, -23.489979, 736.28 ], [ -46.447541, -23.490396, 741.14 ], [ -46.447203, -23.490336, 742.39 ], [ -46.447248, -23.490396, 742.9 ], [ -46.447932, -23.49055, 743.86 ], [ -46.447888, -23.490757, 743.94 ], [ -46.447392, -23.490652, 744.92 ], [ -46.447359, -23.490666, 745.31 ], [ -46.447341, -23.490683, 745.59 ], [ -46.447006, -23.491193, 752.54 ], [ -46.446749, -23.491632, 756.22 ], [ -46.447949, -23.492237, 759.9 ], [ -46.448536, -23.492556, 759.38 ], [ -46.448496, -23.492622, 760.03 ], [ -46.448191, -23.492454, 760.21 ], [ -46.447126, -23.491901, 757.42 ], [ -46.4464, -23.491539, 756.85 ], [ -46.446317, -23.491522, 756.79 ], [ -46.446226, -23.491528, 756.73 ], [ -46.445915, -23.491855, 756.9 ], [ -46.445015, -23.491154, 753.5 ], [ -46.444981, -23.491134, 753.15 ], [ -46.445011, -23.491041, 752.22 ], [ -46.44467, -23.490701, 747.85 ], [ -46.444473, -23.490721, 746.13 ], [ -46.44445, -23.490651, 745.43 ], [ -46.444481, -23.490647, 746.82 ], [ -46.444429, -23.490274, 743.84 ], [ -46.444268, -23.490289, 743.62 ] ] }, "instructions": [ { "distance": 21.944, "heading": 87.28, "sign": 0, "interval": [ 0, 1 ], "text": "Continue onto Rua Maria Zélio Augusto", "time": 4388, "street_name": "Rua Maria Zélio Augusto" }, { "distance": 48.039, "sign": 2, "interval": [ 1, 2 ], "text": "Turn right onto Rua José Gory", "time": 9608, "street_name": "Rua José Gory" }, { "distance": 176.477, "sign": -2, "interval": [ 2, 4 ], "text": "Turn left onto Rua Isaura Fonseca", "time": 35295, "street_name": "Rua Isaura Fonseca" }, { "distance": 85.133, "sign": 2, "interval": [ 4, 6 ], "text": "Turn right onto Rua Doutor Almiro dos Reis", "time": 20220, "street_name": "Rua Doutor Almiro dos Reis" }, { "distance": 35.093, "sign": -2, "interval": [ 6, 7 ], "text": "Turn left onto Rua Rafael Zimbardi", "time": 7798, "street_name": "Rua Rafael Zimbardi" }, { "distance": 283.623, "sign": 3, "interval": [ 7, 15 ], "text": "Turn sharp right", "time": 77124, "street_name": "" }, { "distance": 209.362, "sign": 2, "interval": [ 15, 17 ], "text": "Turn right onto Avenida São Miguel", "time": 41873, "street_name": "Avenida São Miguel" }, { "distance": 8.484, "sign": -2, "interval": [ 17, 18 ], "text": "Turn left onto Rua Faustino Santana", "time": 2121, "street_name": "Rua Faustino Santana" }, { "distance": 311.679, "sign": -2, "interval": [ 18, 24 ], "text": "Turn left onto Avenida São Miguel", "time": 61093, "street_name": "Avenida São Miguel" }, { "distance": 219.0, "sign": -2, "interval": [ 24, 31 ], "text": "Turn left", "time": 183931, "street_name": "" }, { "distance": 41.873, "sign": 2, "interval": [ 31, 32 ], "text": "Turn right", "time": 34260, "street_name": "" }, { "distance": 16.469, "sign": 2, "interval": [ 32, 33 ], "text": "Turn right", "time": 29644, "street_name": "" }, { "distance": 0.0, "sign": 4, "last_heading": 95.62092642938309, "interval": [ 33, 33 ], "text": "Arrive at destination", "time": 0, "street_name": "" } ], "legs": [ ], "details": { }, "ascend": 30.61077880859375, "descend": 19.1478271484375, "snapped_waypoints": { "type": "LineString", "coordinates": [ [ -46.449561, -23.489282, 732.15 ], [ -46.444268, -23.490289, 743.62 ] ] } } ] }, "geometry": null },
{ "type": "Feature", "properties": { "hints": { "visited_nodes.sum": 76, "visited_nodes.average": 76.0 }, "info": { "copyrights": [ "GraphHopper", "OpenStreetMap contributors" ], "took": 1, "road_data_timestamp": "2024-09-03T15:00:00Z" }, "paths": [ { "distance": 1739.871, "weight": 421.415623, "time": 473189, "transfers": 0, "points_encoded": false, "bbox": [ -46.59848, -23.602095, -46.590007, -23.592539 ], "points": { "type": "LineString", "coordinates": [ [ -46.597576, -23.601998, 750.97 ], [ -46.597653, -23.602059, 749.34 ], [ -46.597716, -23.602095, 748.45 ], [ -46.597854, -23.601821, 748.61 ], [ -46.598029, -23.601642, 748.26 ], [ -46.598222, -23.601504, 747.48 ], [ -46.59848, -23.601361, 745.56 ], [ -46.597813, -23.600395, 743.92 ], [ -46.597492, -23.599855, 742.14 ], [ -46.59735, -23.599497, 741.01 ], [ -46.597257, -23.599217, 740.4 ], [ -46.597142, -23.598748, 739.5 ], [ -46.596776, -23.598715, 739.42 ], [ -46.596632, -23.598716, 739.81 ], [ -46.596499, -23.598734, 740.19 ], [ -46.59641, -23.59879, 740.56 ], [ -46.596224, -23.598776, 741.03 ], [ -46.596102, -23.598754, 741.35 ], [ -46.59601, -23.598705, 741.1 ], [ -46.595921, -23.598645, 740.85 ], [ -46.595282, -23.59817, 739.09 ], [ -46.595341, -23.598102, 739.0 ], [ -46.595245, -23.598032, 739.0 ], [ -46.594902, -23.597826, 738.99 ], [ -46.592394, -23.595936, 738.29 ], [ -46.59237, -23.59591, 738.23 ], [ -46.592355, -23.595877, 738.17 ], [ -46.592323, -23.595719, 737.9 ], [ -46.592296, -23.595671, 737.81 ], [ -46.592257, -23.595634, 737.72 ], [ -46.592185, -23.595601, 737.6 ], [ -46.591898, -23.595557, 737.15 ], [ -46.591795, -23.595498, 737.1 ], [ -46.591727, -23.595441, 737.12 ], [ -46.591647, -23.595345, 737.16 ], [ -46.591613, -23.595279, 737.17 ], [ -46.59159, -23.5952, 737.19 ], [ -46.591585, -23.594984, 737.25 ], [ -46.591545, -23.594897, 737.27 ], [ -46.59117, -23.594533, 737.39 ], [ -46.59214, -23.593408, 739.09 ], [ -46.591213, -23.592744, 737.54 ], [ -46.590834, -23.593188, 739.47 ], [ -46.590416, -23.59287, 738.66 ], [ -46.590346, -23.592855, 738.63 ], [ -46.590317, -23.592836, 738.62 ], [ -46.590278, -23.59278, 738.6 ], [ -46.590119, -23.59266, 738.38 ], [ -46.590007, -23.592539, 738.23 ] ] }, "instructions": [ { "distance": 18.098, "heading": 228.97, "sign": 0, "interval": [ 0, 2 ], "text": "Continue onto Rua Dezenove de Novembro", "time": 14808, "street_name": "Rua Dezenove de Novembro" }, { "distance": 116.038, "sign": 2, "interval": [ 2, 6 ], "text": "Turn right onto Rua 19 de Dezembro", "time": 101914, "street_name": "Rua 19 de Dezembro" }, { "street_ref": "BR-050", "distance": 323.92, "sign": 2, "interval": [ 6, 11 ], "text": "Turn right onto Rua das Juntas Provisórias", "time": 64785, "street_name": "Rua das Juntas Provisórias" }, { "distance": 214.491, "sign": 2, "interval": [ 11, 20 ], "text": "Turn right onto Rua do Grito", "time": 42897, "street_name": "Rua do Grito" }, { "distance": 9.719, "sign": -2, "interval": [ 20, 21 ], "text": "Turn left onto Rua Lício de Miranda", "time": 1944, "street_name": "Rua Lício de Miranda" }, { "distance": 603.062, "sign": 2, "interval": [ 21, 39 ], "text": "Turn right onto Ciclovia Rua Aida", "time": 120613, "street_name": "Ciclovia Rua Aida" }, { "distance": 159.477, "sign": -2, "interval": [ 39, 40 ], "text": "Turn left onto Rua Roberto Koch", "time": 31897, "street_name": "Rua Roberto Koch" }, { "distance": 119.895, "sign": 2, "interval": [ 40, 41 ], "text": "Turn right onto Rua Pedro Fachini", "time": 23979, "street_name": "Rua Pedro Fachini" }, { "distance": 62.78, "sign": 2, "interval": [ 41, 42 ], "text": "Turn right onto Avenida Presidente Wilson", "time": 13379, "street_name": "Avenida Presidente Wilson" }, { "distance": 55.368, "sign": -2, "interval": [ 42, 43 ], "text": "Turn left", "time": 16610, "street_name": "" }, { "exit_number": 1, "distance": 57.023, "sign": 6, "exited": true, "turn_angle": -3.14, "interval": [ 43, 48 ], "text": "At roundabout, take exit 1", "time": 40363, "street_name": "" }, { "distance": 0.0, "sign": 4, "last_heading": 28.286926345608745, "interval": [ 48, 48 ], "text": "Arrive at destination", "time": 0, "street_name": "" } ], "legs": [ ], "details": { }, "ascend": 6.2100830078125, "descend": 18.95654296875, "snapped_waypoints": { "type": "LineString", "coordinates": [ [ -46.597576, -23.601998, 750.97 ], [ -46.590007, -23.592539, 738.23 ] ] } } ] }, "geometry": null },
{ "type": "Feature", "properties": { "hints": { "visited_nodes.sum": 74, "visited_nodes.average": 74.0 }, "info": { "copyrights": [ "GraphHopper", "OpenStreetMap contributors" ], "took": 1, "road_data_timestamp": "2024-09-03T15:00:00Z" }, "paths": [ { "distance": 1867.764, "weight": 454.345293, "time": 474461, "transfers": 0, "points_encoded": false, "bbox": [ -46.751913, -23.473945, -46.74425, -23.467232 ], "points": { "type": "LineString", "coordinates": [ [ -46.751556, -23.473945, 747.58 ], [ -46.75149, -23.47362, 749.24 ], [ -46.751195, -23.472615, 754.68 ], [ -46.751059, -23.472557, 756.43 ], [ -46.750967, -23.472505, 757.71 ], [ -46.750383, -23.4721, 766.41 ], [ -46.750592, -23.471714, 764.0 ], [ -46.750831, -23.471301, 761.4 ], [ -46.750757, -23.471258, 761.44 ], [ -46.751326, -23.470413, 750.54 ], [ -46.751913, -23.469593, 747.5 ], [ -46.751893, -23.46948, 747.95 ], [ -46.751822, -23.469334, 748.55 ], [ -46.75131, -23.468526, 752.73 ], [ -46.751071, -23.468204, 753.85 ], [ -46.750971, -23.468095, 754.26 ], [ -46.750773, -23.467906, 755.01 ], [ -46.750713, -23.46785, 754.84 ], [ -46.750651, -23.467647, 754.38 ], [ -46.750625, -23.46749, 754.06 ], [ -46.749762, -23.46727, 758.17 ], [ -46.749692, -23.467286, 758.74 ], [ -46.749629, -23.467322, 759.32 ], [ -46.749532, -23.46743, 760.53 ], [ -46.749464, -23.46752, 761.46 ], [ -46.749386, -23.467562, 762.06 ], [ -46.749102, -23.467931, 765.52 ], [ -46.748131, -23.467397, 773.44 ], [ -46.747833, -23.467827, 775.99 ], [ -46.747306, -23.467509, 781.55 ], [ -46.746783, -23.467232, 787.88 ], [ -46.746584, -23.467346, 789.05 ], [ -46.746536, -23.467382, 789.44 ], [ -46.746497, -23.467425, 789.82 ], [ -46.746118, -23.46809, 794.91 ], [ -46.745999, -23.468374, 796.98 ], [ -46.745893, -23.468686, 799.2 ], [ -46.745775, -23.46892, 800.18 ], [ -46.745572, -23.469226, 801.56 ], [ -46.745372, -23.469503, 802.84 ], [ -46.745148, -23.469769, 804.13 ], [ -46.744947, -23.469982, 802.12 ], [ -46.744524, -23.470292, 798.54 ], [ -46.744288, -23.469995, 797.75 ], [ -46.744458, -23.469865, 800.43 ], [ -46.744345, -23.469737, 799.06 ], [ -46.744275, -23.469803, 797.85 ], [ -46.74425, -23.469854, 797.41 ] ] }, "instructions": [ { "distance": 152.622, "heading": 6.85, "sign": 0, "interval": [ 0, 2 ], "text": "Continue onto Rua Desem José Eduardo Coelho de Paula", "time": 33916, "street_name": "Rua Desem José Eduardo Coelho de Paula" }, { "distance": 101.755, "sign": 2, "interval": [ 2, 5 ], "text": "Turn right onto Rua Roberto Boyle", "time": 61053, "street_name": "Rua Roberto Boyle" }, { "distance": 100.07, "sign": -2, "interval": [ 5, 7 ], "text": "Turn left onto Rua Desembargador Joaquim Bandeira de Melo", "time": 18195, "street_name": "Rua Desembargador Joaquim Bandeira de Melo" }, { "distance": 8.942, "sign": 2, "interval": [ 7, 8 ], "text": "Turn right onto Rua Major Alfredo Romão", "time": 1788, "street_name": "Rua Major Alfredo Romão" }, { "distance": 220.157, "sign": -2, "interval": [ 8, 10 ], "text": "Turn left onto Rua Padre Vicente Gaudineri", "time": 42012, "street_name": "Rua Padre Vicente Gaudineri" }, { "distance": 222.883, "sign": 1, "interval": [ 10, 16 ], "text": "Turn slight right onto Rua Inacia de Toledo", "time": 46351, "street_name": "Rua Inacia de Toledo" }, { "distance": 49.818, "sign": 0, "interval": [ 16, 19 ], "text": "Continue onto Rua Inacia de Toledo", "time": 9964, "street_name": "Rua Inacia de Toledo" }, { "distance": 91.492, "sign": 2, "interval": [ 19, 20 ], "text": "Turn right onto Rua Ana Amaral", "time": 20546, "street_name": "Rua Ana Amaral" }, { "distance": 102.369, "sign": 7, "interval": [ 20, 26 ], "text": "Keep right onto Avenida Guilherme Mankel", "time": 22749, "street_name": "Avenida Guilherme Mankel" }, { "distance": 115.738, "sign": -2, "interval": [ 26, 27 ], "text": "Turn left onto Rua Venâncio García Simões", "time": 25720, "street_name": "Rua Venâncio García Simões" }, { "distance": 56.824, "sign": 2, "interval": [ 27, 28 ], "text": "Turn right onto Rua João Rodrigues Leite", "time": 12628, "street_name": "Rua João Rodrigues Leite" }, { "distance": 126.458, "sign": -2, "interval": [ 28, 30 ], "text": "Turn left onto Travessa Júlio Bas", "time": 31615, "street_name": "Travessa Júlio Bas" }, { "distance": 420.04, "sign": 2, "interval": [ 30, 42 ], "text": "Turn right onto Rua Maria José Vasconcelos Mankel", "time": 88241, "street_name": "Rua Maria José Vasconcelos Mankel" }, { "distance": 40.821, "sign": -2, "interval": [ 42, 43 ], "text": "Turn left", "time": 11944, "street_name": "" }, { "distance": 57.775, "sign": -2, "interval": [ 43, 47 ], "text": "Turn left", "time": 47739, "street_name": "" }, { "distance": 0.0, "sign": 4, "last_heading": 155.95338225665878, "interval": [ 47, 47 ], "text": "Arrive at destination", "time": 0, "street_name": "" } ], "legs": [ ], "details": { }, "ascend": 79.12744140625, "descend": 29.2958984375, "snapped_waypoints": { "type": "LineString", "coordinates": [ [ -46.751556, -23.473945, 747.58 ], [ -46.74425, -23.469854, 797.41 ] ] } } ] }, "geometry": null },
{ "type": "Feature", "properties": { "hints": { "visited_nodes.sum": 94, "visited_nodes.average": 94.0 }, "info": { "copyrights": [ "GraphHopper", "OpenStreetMap contributors" ], "took": 1, "road_data_timestamp": "2024-09-03T15:00:00Z" }, "paths": [ { "distance": 2729.602, "weight": 615.317459, "time": 647995, "transfers": 0, "points_encoded": false, "bbox": [ -46.617052, -23.550927, -46.606976, -23.542767 ], "points": { "type": "LineString", "coordinates": [ [ -46.611117, -23.549509, 739.79 ], [ -46.611535, -23.549745, 739.45 ], [ -46.611504, -23.54979, 739.5 ], [ -46.611584, -23.549836, 739.35 ], [ -46.610774, -23.550927, 743.55 ], [ -46.60951, -23.550215, 741.01 ], [ -46.608295, -23.549519, 739.45 ], [ -46.610056, -23.547417, 741.97 ], [ -46.609428, -23.547063, 739.06 ], [ -46.609211, -23.546962, 738.68 ], [ -46.609122, -23.546933, 738.53 ], [ -46.607978, -23.546781, 738.98 ], [ -46.607886, -23.546787, 739.19 ], [ -46.60782, -23.546809, 739.34 ], [ -46.60773, -23.546857, 739.52 ], [ -46.607367, -23.54683, 739.47 ], [ -46.607281, -23.546784, 739.39 ], [ -46.606976, -23.546724, 739.09 ], [ -46.607272, -23.545545, 738.92 ], [ -46.607355, -23.545169, 739.27 ], [ -46.607338, -23.545138, 739.3 ], [ -46.607435, -23.544988, 739.64 ], [ -46.607381, -23.544851, 739.55 ], [ -46.608876, -23.545483, 738.12 ], [ -46.609719, -23.544508, 739.4 ], [ -46.611174, -23.542767, 738.69 ], [ -46.613152, -23.54405, 738.3 ], [ -46.615, -23.545224, 734.72 ], [ -46.615499, -23.544544, 735.11 ], [ -46.616483, -23.543248, 734.83 ], [ -46.616936, -23.543518, 735.49 ], [ -46.61691, -23.543556, 735.4 ], [ -46.617038, -23.543624, 735.31 ], [ -46.617051, -23.543638, 735.29 ], [ -46.617052, -23.543657, 735.28 ], [ -46.617041, -23.543676, 735.26 ] ] }, "instructions": [ { "distance": 49.997, "heading": 238.34, "sign": 0, "interval": [ 0, 1 ], "text": "Continue", "time": 44997, "street_name": "" }, { "distance": 5.922, "sign": -2, "interval": [ 1, 2 ], "text": "Turn left", "time": 5330, "street_name": "" }, { "distance": 9.624, "sign": 2, "interval": [ 2, 3 ], "text": "Turn right onto Rua Ipanema", "time": 1925, "street_name": "Rua Ipanema" }, { "distance": 146.83, "sign": -2, "interval": [ 3, 4 ], "text": "Turn left onto Rua Doutor Almeida Lima", "time": 29366, "street_name": "Rua Doutor Almeida Lima" }, { "distance": 297.281, "sign": -2, "interval": [ 4, 6 ], "text": "Turn left onto Rua Frei Gaspar", "time": 59456, "street_name": "Rua Frei Gaspar" }, { "distance": 294.852, "sign": -2, "interval": [ 6, 7 ], "text": "Turn left onto Rua Almirante Brasil", "time": 61082, "street_name": "Rua Almirante Brasil" }, { "distance": 254.588, "sign": 2, "interval": [ 7, 14 ], "text": "Turn right onto Rua Visconde de Parnaíba", "time": 49551, "street_name": "Rua Visconde de Parnaíba" }, { "distance": 37.153, "sign": -7, "interval": [ 14, 15 ], "text": "Keep left", "time": 11146, "street_name": "" }, { "distance": 219.145, "sign": -7, "interval": [ 15, 19 ], "text": "Keep left", "time": 65744, "street_name": "" }, { "distance": 23.362, "sign": 7, "interval": [ 19, 21 ], "text": "Keep right", "time": 21026, "street_name": "" }, { "distance": 16.181, "sign": 2, "interval": [ 21, 22 ], "text": "Turn right", "time": 4854, "street_name": "" }, { "distance": 167.833, "sign": -3, "interval": [ 22, 23 ], "text": "Turn sharp left onto Rua Inácio de Araújo", "time": 33567, "street_name": "Rua Inácio de Araújo" }, { "distance": 382.245, "sign": 2, "interval": [ 23, 25 ], "text": "Turn right onto Rua do Hipódromo", "time": 76450, "street_name": "Rua do Hipódromo" }, { "distance": 476.211, "sign": -2, "interval": [ 25, 27 ], "text": "Turn left onto Rua Uruguaiana", "time": 95243, "street_name": "Rua Uruguaiana" }, { "distance": 266.7, "sign": 2, "interval": [ 27, 29 ], "text": "Turn right onto Rua Doutor Almeida Lima", "time": 53341, "street_name": "Rua Doutor Almeida Lima" }, { "distance": 55.134, "sign": -2, "interval": [ 29, 30 ], "text": "Turn left", "time": 11027, "street_name": "" }, { "distance": 4.894, "sign": -2, "interval": [ 30, 31 ], "text": "Turn left", "time": 4405, "street_name": "" }, { "distance": 21.65, "sign": 2, "interval": [ 31, 35 ], "text": "Turn right", "time": 19485, "street_name": "" }, { "distance": 0.0, "sign": 4, "last_heading": 150.63633391784475, "interval": [ 35, 35 ], "text": "Arrive at destination", "time": 0, "street_name": "" } ], "legs": [ ], "details": { }, "ascend": 17.06689453125, "descend": 21.59283447265625, "snapped_waypoints": { "type": "LineString", "coordinates": [ [ -46.611117, -23.549509, 739.79 ], [ -46.617041, -23.543676, 735.26 ] ] } } ] }, "geometry": null },
{ "type": "Feature", "properties": { "hints": { "visited_nodes.sum": 126, "visited_nodes.average": 126.0 }, "info": { "copyrights": [ "GraphHopper", "OpenStreetMap contributors" ], "took": 1, "road_data_timestamp": "2024-09-03T15:00:00Z" }, "paths": [ { "distance": 2678.669, "weight": 1216.662035, "time": 605424, "transfers": 0, "points_encoded": false, "bbox": [ -46.746592, -23.55115, -46.732523, -23.542098 ], "points": { "type": "LineString", "coordinates": [ [ -46.743549, -23.542489, 779.28 ], [ -46.743868, -23.542352, 780.39 ], [ -46.744297, -23.542146, 776.25 ], [ -46.744381, -23.542114, 775.47 ], [ -46.74455, -23.542098, 774.02 ], [ -46.744625, -23.542114, 773.36 ], [ -46.744707, -23.542145, 772.6 ], [ -46.744792, -23.542198, 771.73 ], [ -46.74488, -23.542298, 770.52 ], [ -46.745043, -23.542606, 767.33 ], [ -46.745192, -23.542928, 767.87 ], [ -46.74588, -23.544293, 764.4 ], [ -46.745949, -23.544412, 764.05 ], [ -46.746102, -23.544708, 763.92 ], [ -46.746272, -23.545066, 764.05 ], [ -46.746592, -23.545595, 764.24 ], [ -46.746483, -23.545683, 763.25 ], [ -46.74583, -23.546013, 758.21 ], [ -46.745567, -23.546124, 755.61 ], [ -46.745439, -23.546165, 754.61 ], [ -46.745285, -23.54626, 753.23 ], [ -46.745169, -23.546384, 751.9 ], [ -46.744634, -23.547191, 745.58 ], [ -46.744176, -23.547746, 742.07 ], [ -46.743396, -23.548302, 737.03 ], [ -46.743345, -23.548377, 737.13 ], [ -46.743229, -23.548493, 737.24 ], [ -46.74319, -23.548515, 737.23 ], [ -46.743063, -23.548566, 737.18 ], [ -46.743084, -23.548629, 737.4 ], [ -46.743073, -23.548665, 737.51 ], [ -46.743053, -23.548689, 737.53 ], [ -46.743008, -23.548711, 737.56 ], [ -46.742858, -23.548837, 737.77 ], [ -46.741878, -23.549707, 744.09 ], [ -46.740255, -23.55115, 727.75 ], [ -46.738626, -23.549584, 727.43 ], [ -46.736274, -23.547337, 725.98 ], [ -46.735977, -23.547106, 725.46 ], [ -46.735698, -23.546929, 725.35 ], [ -46.735649, -23.546928, 725.34 ], [ -46.735053, -23.546349, 725.08 ], [ -46.733692, -23.545059, 724.47 ], [ -46.733282, -23.544661, 724.28 ], [ -46.733191, -23.544799, 724.63 ], [ -46.733059, -23.545036, 725.42 ], [ -46.732844, -23.545355, 726.54 ], [ -46.732726, -23.54536, 726.87 ], [ -46.732712, -23.545436, 727.24 ], [ -46.732623, -23.545525, 727.67 ], [ -46.732523, -23.545602, 727.97 ], [ -46.732875, -23.545966, 727.04 ] ] }, "instructions": [ { "distance": 35.901, "heading": 295.03, "sign": 0, "interval": [ 0, 1 ], "text": "Continue onto Rua Marselha", "time": 7978, "street_name": "Rua Marselha" }, { "distance": 377.327, "sign": 0, "interval": [ 1, 12 ], "text": "Continue onto Rua Marselha", "time": 71917, "street_name": "Rua Marselha" }, { "distance": 147.137, "sign": 0, "interval": [ 12, 15 ], "text": "Continue onto Rua Marselha", "time": 29427, "street_name": "Rua Marselha" }, { "distance": 455.21, "sign": -2, "interval": [ 15, 24 ], "text": "Turn left onto Rua Engenheiro Vítor Freire", "time": 82764, "street_name": "Rua Engenheiro Vítor Freire" }, { "distance": 9.828, "sign": 7, "interval": [ 24, 25 ], "text": "Keep right onto Rua Engenheiro Vítor Freire", "time": 1966, "street_name": "Rua Engenheiro Vítor Freire" }, { "distance": 36.29, "sign": -7, "interval": [ 25, 28 ], "text": "Keep left onto Rua Engenheiro Vítor Freire", "time": 7258, "street_name": "Rua Engenheiro Vítor Freire" }, { "exit_number": 3, "distance": 411.173, "sign": 6, "exited": true, "turn_angle": -2.81, "interval": [ 28, 35 ], "text": "At roundabout, take exit 3 onto Avenida Kenkiti Simomoto", "time": 80981, "street_name": "Avenida Kenkiti Simomoto" }, { "distance": 240.573, "sign": -2, "interval": [ 35, 36 ], "text": "Turn left onto Ciclovia Avenida Jaguaré", "time": 48115, "street_name": "Ciclovia Avenida Jaguaré" }, { "distance": 386.079, "sign": 0, "interval": [ 36, 38 ], "text": "Continue", "time": 115824, "street_name": "" }, { "distance": 39.502, "sign": 7, "interval": [ 38, 40 ], "text": "Keep right", "time": 11851, "street_name": "" }, { "distance": 348.933, "sign": -2, "interval": [ 40, 43 ], "text": "Turn left onto Ponte do Jaguaré - Hirant Sanazar and drive toward Ceagesp, Lapa", "time": 69787, "street_destination": "Ceagesp, Lapa", "street_name": "Ponte do Jaguaré - Hirant Sanazar" }, { "distance": 101.269, "sign": 3, "interval": [ 43, 47 ], "text": "Turn sharp right", "time": 30381, "street_name": "" }, { "distance": 8.537, "sign": 2, "interval": [ 47, 48 ], "text": "Turn right", "time": 2846, "street_name": "" }, { "distance": 26.813, "sign": -7, "interval": [ 48, 50 ], "text": "Keep left", "time": 28099, "street_name": "" }, { "distance": 54.097, "sign": 2, "interval": [ 50, 51 ], "text": "Turn right", "time": 16230, "street_name": "" }, { "distance": 0.0, "sign": 4, "last_heading": 225.51045858554073, "interval": [ 51, 51 ], "text": "Arrive at destination", "time": 0, "street_name": "" } ], "legs": [ ], "details": { }, "ascend": 13.9349365234375, "descend": 66.1754150390625, "snapped_waypoints": { "type": "LineString", "coordinates": [ [ -46.743549, -23.542489, 779.28 ], [ -46.732875, -23.545966, 727.04 ] ] } } ] }, "geometry": null },
{ "type": "Feature", "properties": { "hints": { "visited_nodes.sum": 40, "visited_nodes.average": 40.0 }, "info": { "copyrights": [ "GraphHopper", "OpenStreetMap contributors" ], "took": 1, "road_data_timestamp": "2024-09-03T15:00:00Z" }, "paths": [ { "distance": 1270.603, "weight": 237.60232, "time": 266266, "transfers": 0, "points_encoded": false, "bbox": [ -46.753473, -23.438068, -46.74697, -23.435278 ], "points": { "type": "LineString", "coordinates": [ [ -46.753473, -23.435984, 825.53 ], [ -46.753223, -23.436342, 826.14 ], [ -46.752849, -23.436815, 827.18 ], [ -46.752734, -23.436763, 828.42 ], [ -46.75259, -23.436929, 828.21 ], [ -46.752253, -23.437436, 827.63 ], [ -46.75219, -23.43754, 827.82 ], [ -46.752112, -23.437589, 828.01 ], [ -46.751903, -23.437708, 828.49 ], [ -46.75165, -23.437833, 829.05 ], [ -46.751546, -23.437897, 829.29 ], [ -46.751449, -23.437933, 829.5 ], [ -46.751261, -23.437995, 829.89 ], [ -46.751131, -23.438024, 830.15 ], [ -46.750546, -23.438068, 823.78 ], [ -46.750532, -23.438015, 824.05 ], [ -46.749976, -23.437993, 818.06 ], [ -46.749688, -23.437964, 814.96 ], [ -46.749652, -23.437867, 814.25 ], [ -46.749601, -23.437761, 813.16 ], [ -46.749541, -23.437688, 812.31 ], [ -46.749158, -23.437435, 808.25 ], [ -46.748821, -23.437192, 804.07 ], [ -46.748733, -23.437145, 802.77 ], [ -46.748637, -23.437116, 801.49 ], [ -46.748551, -23.436586, 801.21 ], [ -46.748536, -23.436406, 800.92 ], [ -46.748551, -23.436296, 800.73 ], [ -46.748648, -23.435986, 800.2 ], [ -46.748739, -23.435789, 799.85 ], [ -46.748849, -23.435517, 799.38 ], [ -46.748858, -23.435471, 799.35 ], [ -46.748779, -23.435443, 802.11 ], [ -46.748513, -23.43548, 799.62 ], [ -46.748328, -23.43547, 797.91 ], [ -46.748027, -23.435473, 795.13 ], [ -46.748006, -23.435573, 794.1 ], [ -46.747803, -23.435563, 792.21 ], [ -46.747803, -23.435285, 789.41 ], [ -46.747665, -23.435278, 789.05 ], [ -46.747332, -23.435331, 788.48 ], [ -46.747082, -23.436685, 790.29 ], [ -46.74697, -23.437394, 791.23 ] ] }, "instructions": [ { "distance": 112.315, "heading": 147.34, "sign": 0, "interval": [ 0, 2 ], "text": "Continue onto Avenida Alexios Jafet", "time": 22463, "street_name": "Avenida Alexios Jafet" }, { "distance": 13.082, "sign": -2, "interval": [ 2, 3 ], "text": "Turn left onto Avenida Alexios Jafet", "time": 3271, "street_name": "Avenida Alexios Jafet" }, { "distance": 89.638, "sign": 2, "interval": [ 3, 5 ], "text": "Turn right onto Avenida Alexios Jafet", "time": 17928, "street_name": "Avenida Alexios Jafet" }, { "distance": 195.012, "sign": 0, "interval": [ 5, 14 ], "text": "Continue onto Travessa Júlia Pereira da Costa", "time": 39002, "street_name": "Travessa Júlia Pereira da Costa" }, { "distance": 6.09, "sign": -2, "interval": [ 14, 15 ], "text": "Turn left onto Rua Amadeu Roldan", "time": 1218, "street_name": "Rua Amadeu Roldan" }, { "distance": 86.777, "sign": 2, "interval": [ 15, 17 ], "text": "Turn right onto Rua Ambrósio Lonati", "time": 15778, "street_name": "Rua Ambrósio Lonati" }, { "distance": 147.688, "sign": -2, "interval": [ 17, 24 ], "text": "Turn left onto Rua Alfredo Romea", "time": 26852, "street_name": "Rua Alfredo Romea" }, { "distance": 189.173, "sign": -2, "interval": [ 24, 31 ], "text": "Turn left onto Rua Acaricuara", "time": 37834, "street_name": "Rua Acaricuara" }, { "distance": 198.423, "sign": 2, "interval": [ 31, 40 ], "text": "Turn right", "time": 55439, "street_name": "" }, { "distance": 232.405, "sign": 2, "interval": [ 40, 42 ], "text": "Turn right onto Rua Aracy Rondon Amarante", "time": 46481, "street_name": "Rua Aracy Rondon Amarante" }, { "distance": 0.0, "sign": 4, "last_heading": 171.77274698022083, "interval": [ 42, 42 ], "text": "Arrive at destination", "time": 0, "street_name": "" } ], "legs": [ ], "details": { }, "ascend": 11.263427734375, "descend": 45.5589599609375, "snapped_waypoints": { "type": "LineString", "coordinates": [ [ -46.753473, -23.435984, 825.53 ], [ -46.74697, -23.437394, 791.23 ] ] } } ] }, "geometry": null },
{ "type": "Feature", "properties": { "hints": { "visited_nodes.sum": 96, "visited_nodes.average": 96.0 }, "info": { "copyrights": [ "GraphHopper", "OpenStreetMap contributors" ], "took": 1, "road_data_timestamp": "2024-09-03T15:00:00Z" }, "paths": [ { "distance": 2508.945, "weight": 551.168706, "time": 532195, "transfers": 0, "points_encoded": false, "bbox": [ -46.70714, -23.530677, -46.699059, -23.517735 ], "points": { "type": "LineString", "coordinates": [ [ -46.70714, -23.530301, 758.98 ], [ -46.706944, -23.530245, 757.35 ], [ -46.706718, -23.530221, 755.47 ], [ -46.706683, -23.53033, 755.12 ], [ -46.706654, -23.530394, 754.9 ], [ -46.706574, -23.530507, 754.47 ], [ -46.706499, -23.530562, 754.19 ], [ -46.706385, -23.530625, 753.81 ], [ -46.706218, -23.530677, 753.44 ], [ -46.706217, -23.530645, 753.22 ], [ -46.70617, -23.530565, 752.3 ], [ -46.70616, -23.530209, 750.21 ], [ -46.706129, -23.529711, 747.28 ], [ -46.706055, -23.529399, 748.51 ], [ -46.705969, -23.529172, 749.3 ], [ -46.705855, -23.528957, 749.65 ], [ -46.705718, -23.528744, 748.99 ], [ -46.705545, -23.52852, 748.02 ], [ -46.705291, -23.528296, 747.0 ], [ -46.704704, -23.527847, 745.37 ], [ -46.703972, -23.528043, 745.78 ], [ -46.702671, -23.528364, 749.12 ], [ -46.701669, -23.52824, 743.29 ], [ -46.701568, -23.527062, 742.06 ], [ -46.699615, -23.527079, 748.91 ], [ -46.699556, -23.525965, 744.69 ], [ -46.699291, -23.525972, 743.99 ], [ -46.699237, -23.524919, 741.88 ], [ -46.69914, -23.522724, 738.48 ], [ -46.699059, -23.521273, 737.7 ], [ -46.699461, -23.521146, 738.04 ], [ -46.700333, -23.520835, 740.19 ], [ -46.70059, -23.52075, 739.21 ], [ -46.700739, -23.520576, 738.08 ], [ -46.700797, -23.520465, 737.45 ], [ -46.700826, -23.520368, 736.93 ], [ -46.700814, -23.520176, 735.95 ], [ -46.700773, -23.519976, 734.72 ], [ -46.700774, -23.519887, 734.18 ], [ -46.700797, -23.519828, 733.84 ], [ -46.701007, -23.519477, 732.71 ], [ -46.701125, -23.519301, 732.47 ], [ -46.701228, -23.519242, 732.66 ], [ -46.70224, -23.51878, 734.41 ], [ -46.703212, -23.518343, 737.93 ], [ -46.703577, -23.51819, 739.29 ], [ -46.703745, -23.518112, 739.93 ], [ -46.703702, -23.518036, 739.87 ], [ -46.70379, -23.518001, 739.69 ], [ -46.703658, -23.517735, 737.69 ] ] }, "instructions": [ { "distance": 44.167, "heading": 72.89, "sign": 0, "interval": [ 0, 2 ], "text": "Continue onto Rua Agostinho de Queirós", "time": 8030, "street_name": "Rua Agostinho de Queirós" }, { "distance": 76.716, "sign": 2, "interval": [ 2, 8 ], "text": "Turn right onto Praça Tcheco", "time": 15343, "street_name": "Praça Tcheco" }, { "distance": 3.532, "sign": -3, "interval": [ 8, 9 ], "text": "Turn sharp left onto Avenida Ricardo Medina Filho", "time": 706, "street_name": "Avenida Ricardo Medina Filho" }, { "distance": 366.169, "sign": 7, "interval": [ 9, 19 ], "text": "Keep right onto Avenida Ricardo Medina Filho", "time": 71315, "street_name": "Avenida Ricardo Medina Filho" }, { "distance": 318.68, "sign": 2, "interval": [ 19, 22 ], "text": "Turn right onto Rua Tito", "time": 64259, "street_name": "Rua Tito" }, { "distance": 131.451, "sign": -2, "interval": [ 22, 23 ], "text": "Turn left onto Rua Manoel Jacinto do Rego", "time": 26063, "street_name": "Rua Manoel Jacinto do Rego" }, { "distance": 199.27, "sign": 2, "interval": [ 23, 24 ], "text": "Turn right onto Rua Fábia", "time": 41886, "street_name": "Rua Fábia" }, { "distance": 124.043, "sign": -2, "interval": [ 24, 25 ], "text": "Turn left onto Rua Henrique Elkis", "time": 24809, "street_name": "Rua Henrique Elkis" }, { "distance": 26.965, "sign": 2, "interval": [ 25, 26 ], "text": "Turn right onto Rua Coriolano", "time": 5393, "street_name": "Rua Coriolano" }, { "distance": 523.029, "sign": -2, "interval": [ 26, 29 ], "text": "Turn left onto Rua Cipião", "time": 104606, "street_name": "Rua Cipião" }, { "distance": 166.646, "sign": -2, "interval": [ 29, 32 ], "text": "Turn left onto Rua Guaicurus", "time": 32823, "street_name": "Rua Guaicurus" }, { "distance": 476.312, "sign": 7, "interval": [ 32, 46 ], "text": "Keep right onto Praça Miguel Dell'Erba", "time": 93251, "street_name": "Praça Miguel Dell'Erba" }, { "distance": 51.964, "sign": 2, "interval": [ 46, 49 ], "text": "Turn right", "time": 43711, "street_name": "" }, { "distance": 0.0, "sign": 4, "last_heading": 24.562700677258395, "interval": [ 49, 49 ], "text": "Arrive at destination", "time": 0, "street_name": "" } ], "legs": [ ], "details": { }, "ascend": 24.74609375, "descend": 46.0380859375, "snapped_waypoints": { "type": "LineString", "coordinates": [ [ -46.70714, -23.530301, 758.98 ], [ -46.703658, -23.517735, 737.69 ] ] } } ] }, "geometry": null },
{ "type": "Feature", "properties": { "hints": { "visited_nodes.sum": 74, "visited_nodes.average": 74.0 }, "info": { "copyrights": [ "GraphHopper", "OpenStreetMap contributors" ], "took": 1, "road_data_timestamp": "2024-09-03T15:00:00Z" }, "paths": [ { "distance": 1973.049, "weight": 358.136636, "time": 405782, "transfers": 0, "points_encoded": false, "bbox": [ -46.70714, -23.530677, -46.699033, -23.520236 ], "points": { "type": "LineString", "coordinates": [ [ -46.70714, -23.530301, 758.98 ], [ -46.706944, -23.530245, 757.35 ], [ -46.706718, -23.530221, 755.47 ], [ -46.706683, -23.53033, 755.12 ], [ -46.706654, -23.530394, 754.9 ], [ -46.706574, -23.530507, 754.47 ], [ -46.706499, -23.530562, 754.19 ], [ -46.706385, -23.530625, 753.81 ], [ -46.706218, -23.530677, 753.44 ], [ -46.706217, -23.530645, 753.22 ], [ -46.70617, -23.530565, 752.3 ], [ -46.70616, -23.530209, 750.21 ], [ -46.706129, -23.529711, 747.28 ], [ -46.706055, -23.529399, 748.51 ], [ -46.705969, -23.529172, 749.3 ], [ -46.705855, -23.528957, 749.65 ], [ -46.705718, -23.528744, 748.99 ], [ -46.705545, -23.52852, 748.02 ], [ -46.705291, -23.528296, 747.0 ], [ -46.704704, -23.527847, 745.37 ], [ -46.703972, -23.528043, 745.78 ], [ -46.702671, -23.528364, 749.12 ], [ -46.701669, -23.52824, 743.29 ], [ -46.701568, -23.527062, 742.06 ], [ -46.699615, -23.527079, 748.91 ], [ -46.699556, -23.525965, 744.69 ], [ -46.699291, -23.525972, 743.99 ], [ -46.699237, -23.524919, 741.88 ], [ -46.69914, -23.522724, 738.48 ], [ -46.699059, -23.521273, 737.7 ], [ -46.699461, -23.521146, 738.04 ], [ -46.699191, -23.520599, 736.21 ], [ -46.699091, -23.520528, 735.82 ], [ -46.699136, -23.520428, 735.47 ], [ -46.699033, -23.520236, 734.74 ] ] }, "instructions": [ { "distance": 44.167, "heading": 72.89, "sign": 0, "interval": [ 0, 2 ], "text": "Continue onto Rua Agostinho de Queirós", "time": 8030, "street_name": "Rua Agostinho de Queirós" }, { "distance": 76.716, "sign": 2, "interval": [ 2, 8 ], "text": "Turn right onto Praça Tcheco", "time": 15343, "street_name": "Praça Tcheco" }, { "distance": 3.532, "sign": -3, "interval": [ 8, 9 ], "text": "Turn sharp left onto Avenida Ricardo Medina Filho", "time": 706, "street_name": "Avenida Ricardo Medina Filho" }, { "distance": 366.169, "sign": 7, "interval": [ 9, 19 ], "text": "Keep right onto Avenida Ricardo Medina Filho", "time": 71315, "street_name": "Avenida Ricardo Medina Filho" }, { "distance": 318.68, "sign": 2, "interval": [ 19, 22 ], "text": "Turn right onto Rua Tito", "time": 64259, "street_name": "Rua Tito" }, { "distance": 131.451, "sign": -2, "interval": [ 22, 23 ], "text": "Turn left onto Rua Manoel Jacinto do Rego", "time": 26063, "street_name": "Rua Manoel Jacinto do Rego" }, { "distance": 199.27, "sign": 2, "interval": [ 23, 24 ], "text": "Turn right onto Rua Fábia", "time": 41886, "street_name": "Rua Fábia" }, { "distance": 124.043, "sign": -2, "interval": [ 24, 25 ], "text": "Turn left onto Rua Henrique Elkis", "time": 24809, "street_name": "Rua Henrique Elkis" }, { "distance": 26.965, "sign": 2, "interval": [ 25, 26 ], "text": "Turn right onto Rua Coriolano", "time": 5393, "street_name": "Rua Coriolano" }, { "distance": 523.029, "sign": -2, "interval": [ 26, 29 ], "text": "Turn left onto Rua Cipião", "time": 104606, "street_name": "Rua Cipião" }, { "distance": 43.365, "sign": -2, "interval": [ 29, 30 ], "text": "Turn left onto Rua Guaicurus", "time": 8673, "street_name": "Rua Guaicurus" }, { "distance": 115.662, "sign": 2, "interval": [ 30, 34 ], "text": "Turn right onto Acesso à Estação Lapa (Linha 8) and drive toward Estação Ferroviaria Lapa", "time": 34699, "street_destination": "Estação Ferroviaria Lapa", "street_name": "Acesso à Estação Lapa (Linha 8)" }, { "distance": 0.0, "sign": 4, "last_heading": 26.705562831047672, "interval": [ 34, 34 ], "text": "Arrive at destination", "time": 0, "street_name": "" } ], "legs": [ ], "details": { }, "ascend": 15.14306640625, "descend": 39.3875732421875, "snapped_waypoints": { "type": "LineString", "coordinates": [ [ -46.70714, -23.530301, 758.98 ], [ -46.699033, -23.520236, 734.74 ] ] } } ] }, "geometry": null },
{ "type": "Feature", "properties": { "hints": { "visited_nodes.sum": 142, "visited_nodes.average": 142.0 }, "info": { "copyrights": [ "GraphHopper", "OpenStreetMap contributors" ], "took": 1, "road_data_timestamp": "2024-09-03T15:00:00Z" }, "paths": [ { "distance": 8879.514, "weight": 1644.083639, "time": 1890823, "transfers": 0, "points_encoded": false, "bbox": [ -46.738386, -23.658164, -46.718139, -23.632993 ], "points": { "type": "LineString", "coordinates": [ [ -46.725951, -23.655885, 752.99 ], [ -46.72612, -23.655818, 752.99 ], [ -46.726121, -23.655532, 750.91 ], [ -46.726706, -23.655294, 754.28 ], [ -46.726754, -23.655314, 752.62 ], [ -46.726846, -23.655337, 753.98 ], [ -46.726967, -23.65533, 755.7 ], [ -46.727023, -23.655337, 756.5 ], [ -46.72707, -23.655367, 757.32 ], [ -46.727137, -23.65543, 758.69 ], [ -46.727449, -23.655768, 765.56 ], [ -46.727648, -23.655921, 769.26 ], [ -46.727755, -23.656024, 771.46 ], [ -46.727836, -23.656123, 773.39 ], [ -46.727926, -23.656251, 775.75 ], [ -46.728039, -23.656462, 779.4 ], [ -46.728114, -23.656655, 782.58 ], [ -46.72817, -23.656841, 785.57 ], [ -46.728217, -23.65709, 789.5 ], [ -46.728276, -23.657507, 789.38 ], [ -46.72833, -23.657724, 789.31 ], [ -46.728394, -23.657903, 789.26 ], [ -46.728508, -23.658164, 789.17 ], [ -46.72885, -23.658051, 788.12 ], [ -46.730292, -23.657505, 784.59 ], [ -46.731024, -23.657083, 782.63 ], [ -46.73107, -23.657026, 783.47 ], [ -46.731065, -23.65699, 784.36 ], [ -46.731086, -23.656957, 784.94 ], [ -46.731125, -23.656944, 785.0 ], [ -46.731165, -23.656955, 784.96 ], [ -46.731214, -23.656842, 786.28 ], [ -46.731886, -23.655766, 799.89 ], [ -46.73285, -23.654419, 779.25 ], [ -46.733045, -23.654141, 774.2 ], [ -46.733276, -23.653787, 767.57 ], [ -46.733423, -23.653615, 764.05 ], [ -46.7336, -23.65344, 760.22 ], [ -46.733737, -23.653332, 757.55 ], [ -46.733992, -23.653152, 752.8 ], [ -46.734077, -23.653167, 752.91 ], [ -46.73426, -23.653179, 753.13 ], [ -46.734482, -23.653179, 752.8 ], [ -46.734685, -23.653155, 750.91 ], [ -46.734864, -23.653176, 749.77 ], [ -46.735208, -23.653251, 747.55 ], [ -46.735655, -23.653336, 748.56 ], [ -46.735764, -23.65334, 748.94 ], [ -46.73612, -23.653333, 750.07 ], [ -46.736052, -23.653193, 749.16 ], [ -46.735922, -23.653027, 749.0 ], [ -46.735991, -23.652923, 749.34 ], [ -46.736083, -23.65284, 750.32 ], [ -46.736186, -23.652782, 751.25 ], [ -46.736281, -23.652751, 752.02 ], [ -46.736392, -23.652733, 752.89 ], [ -46.738369, -23.652605, 768.03 ], [ -46.738381, -23.652328, 768.86 ], [ -46.738386, -23.651235, 778.31 ], [ -46.738369, -23.650906, 781.98 ], [ -46.738273, -23.650414, 787.42 ], [ -46.738129, -23.649879, 792.95 ], [ -46.737756, -23.64997, 791.99 ], [ -46.73764, -23.6499, 791.11 ], [ -46.737278, -23.649717, 788.49 ], [ -46.737181, -23.64965, 787.72 ], [ -46.737069, -23.649555, 786.75 ], [ -46.736635, -23.649109, 782.71 ], [ -46.736456, -23.648912, 780.53 ], [ -46.735592, -23.649388, 785.97 ], [ -46.735042, -23.648859, 785.63 ], [ -46.734951, -23.648743, 784.63 ], [ -46.734737, -23.648422, 783.03 ], [ -46.73428, -23.647687, 779.84 ], [ -46.733977, -23.647157, 777.88 ], [ -46.733894, -23.647027, 778.02 ], [ -46.73364, -23.646663, 779.8 ], [ -46.732889, -23.645643, 773.33 ], [ -46.73283, -23.645589, 772.8 ], [ -46.732105, -23.645115, 768.68 ], [ -46.732059, -23.645054, 767.6 ], [ -46.732045, -23.64501, 766.93 ], [ -46.73204, -23.644959, 766.18 ], [ -46.732055, -23.644872, 764.9 ], [ -46.732256, -23.644559, 759.57 ], [ -46.732264, -23.644501, 758.71 ], [ -46.73225, -23.644451, 757.96 ], [ -46.732185, -23.644368, 756.47 ], [ -46.732104, -23.644307, 755.06 ], [ -46.732059, -23.644283, 754.36 ], [ -46.731955, -23.644246, 752.87 ], [ -46.731723, -23.644274, 752.34 ], [ -46.731625, -23.644299, 752.11 ], [ -46.731468, -23.644353, 751.74 ], [ -46.731275, -23.644445, 751.27 ], [ -46.73122, -23.644392, 750.94 ], [ -46.731274, -23.644363, 750.17 ], [ -46.731184, -23.643877, 744.06 ], [ -46.730924, -23.64392, 744.26 ], [ -46.730895, -23.643752, 744.37 ], [ -46.730309, -23.643823, 744.82 ], [ -46.729983, -23.643842, 745.06 ], [ -46.72985, -23.643834, 745.16 ], [ -46.729753, -23.643817, 745.24 ], [ -46.729626, -23.643777, 745.34 ], [ -46.729512, -23.643725, 745.43 ], [ -46.729352, -23.643621, 745.58 ], [ -46.729212, -23.643512, 745.72 ], [ -46.728006, -23.642234, 734.71 ], [ -46.72786, -23.642053, 732.8 ], [ -46.72751, -23.641337, 732.02 ], [ -46.727468, -23.641215, 731.89 ], [ -46.727428, -23.640976, 731.66 ], [ -46.727424, -23.640824, 731.7 ], [ -46.727531, -23.640685, 731.38 ], [ -46.727573, -23.640602, 731.19 ], [ -46.727554, -23.640587, 731.14 ], [ -46.727467, -23.64058, 731.65 ], [ -46.727373, -23.640554, 732.22 ], [ -46.727234, -23.640465, 733.17 ], [ -46.727196, -23.640478, 733.19 ], [ -46.727175, -23.640712, 733.31 ], [ -46.727145, -23.640778, 733.35 ], [ -46.727099, -23.640844, 733.39 ], [ -46.727033, -23.640895, 733.43 ], [ -46.726967, -23.640921, 733.46 ], [ -46.726913, -23.640924, 733.49 ], [ -46.726846, -23.640901, 733.53 ], [ -46.726784, -23.640862, 733.56 ], [ -46.726657, -23.640706, 733.47 ], [ -46.726255, -23.640139, 745.44 ], [ -46.726025, -23.63984, 751.9 ], [ -46.725566, -23.639277, 756.96 ], [ -46.724906, -23.638602, 763.47 ], [ -46.724012, -23.637609, 765.32 ], [ -46.723492, -23.63689, 761.6 ], [ -46.723294, -23.636593, 760.11 ], [ -46.722938, -23.63617, 754.53 ], [ -46.722543, -23.635761, 748.81 ], [ -46.722192, -23.635412, 743.86 ], [ -46.722128, -23.635362, 743.07 ], [ -46.722033, -23.635418, 741.49 ], [ -46.721998, -23.635424, 740.94 ], [ -46.721972, -23.635419, 740.53 ], [ -46.721694, -23.635103, 738.76 ], [ -46.721442, -23.634838, 737.84 ], [ -46.720213, -23.633477, 733.46 ], [ -46.72008, -23.633347, 733.06 ], [ -46.719957, -23.633264, 732.74 ], [ -46.719708, -23.633152, 732.14 ], [ -46.719576, -23.633114, 731.83 ], [ -46.719427, -23.63309, 731.49 ], [ -46.719226, -23.633093, 731.03 ], [ -46.719032, -23.633121, 730.56 ], [ -46.718804, -23.633192, 729.97 ], [ -46.718685, -23.633058, 730.3 ], [ -46.718771, -23.632993, 730.35 ], [ -46.718867, -23.633102, 730.36 ], [ -46.719012, -23.633368, 730.38 ], [ -46.71904, -23.633464, 730.39 ], [ -46.719233, -23.633623, 730.41 ], [ -46.720217, -23.63468, 730.5 ], [ -46.722469, -23.637055, 732.64 ], [ -46.724272, -23.639036, 742.25 ], [ -46.724687, -23.63933, 744.01 ], [ -46.724767, -23.639415, 743.26 ], [ -46.725077, -23.639871, 739.67 ], [ -46.725946, -23.641378, 728.27 ], [ -46.726001, -23.641439, 727.73 ], [ -46.726059, -23.641473, 727.4 ], [ -46.726379, -23.641567, 728.4 ], [ -46.726557, -23.64163, 728.98 ], [ -46.726625, -23.641674, 729.22 ], [ -46.726668, -23.641744, 729.49 ], [ -46.726802, -23.642073, 730.64 ], [ -46.726877, -23.642378, 731.66 ], [ -46.726968, -23.643119, 734.1 ], [ -46.727013, -23.643431, 735.13 ], [ -46.727039, -23.64376, 735.43 ], [ -46.727013, -23.643896, 735.2 ], [ -46.72697, -23.643971, 735.03 ], [ -46.726948, -23.644038, 734.89 ], [ -46.726923, -23.644252, 734.45 ], [ -46.726893, -23.644288, 734.36 ], [ -46.726809, -23.644351, 734.15 ], [ -46.726832, -23.644522, 733.53 ], [ -46.726048, -23.644611, 729.23 ], [ -46.726095, -23.644973, 728.66 ], [ -46.726084, -23.645255, 728.21 ], [ -46.725946, -23.646362, 726.44 ], [ -46.725771, -23.647357, 724.84 ], [ -46.725575, -23.648176, 723.51 ], [ -46.725409, -23.648658, 722.75 ], [ -46.725173, -23.649211, 723.16 ], [ -46.724942, -23.649648, 723.5 ], [ -46.72465, -23.650085, 723.86 ], [ -46.724263, -23.650547, 724.26 ], [ -46.723058, -23.651949, 725.5 ], [ -46.720945, -23.654383, 727.67 ], [ -46.720269, -23.655264, 728.42 ], [ -46.719916, -23.65567, 728.78 ], [ -46.719895, -23.655716, 728.79 ], [ -46.719682, -23.655922, 728.48 ], [ -46.719699, -23.655937, 728.49 ], [ -46.719145, -23.656474, 728.04 ], [ -46.719159, -23.656486, 728.04 ], [ -46.7193, -23.65635, 727.9 ], [ -46.719176, -23.65626, 728.48 ], [ -46.719169, -23.656224, 728.59 ], [ -46.719073, -23.656166, 729.01 ], [ -46.718759, -23.655906, 730.54 ], [ -46.718668, -23.655842, 730.96 ], [ -46.718188, -23.655642, 732.91 ], [ -46.718139, -23.655599, 733.16 ], [ -46.718676, -23.655828, 730.26 ], [ -46.718769, -23.655893, 729.7 ], [ -46.719084, -23.656156, 727.66 ], [ -46.719166, -23.656208, 727.53 ] ] }, "instructions": [ { "distance": 50.532, "heading": 293.44, "sign": 0, "interval": [ 0, 2 ], "text": "Continue", "time": 27419, "street_name": "" }, { "distance": 65.361, "sign": -2, "interval": [ 2, 3 ], "text": "Turn left", "time": 21787, "street_name": "" }, { "distance": 395.926, "sign": -2, "interval": [ 3, 22 ], "text": "Turn left onto Travessa do Carteiro", "time": 98982, "street_name": "Travessa do Carteiro" }, { "distance": 37.048, "sign": 2, "interval": [ 22, 23 ], "text": "Turn right onto Travessa do Carteiro", "time": 7410, "street_name": "Travessa do Carteiro" }, { "distance": 247.114, "sign": 0, "interval": [ 23, 25 ], "text": "Continue onto Rua José Joaquim Esteves", "time": 49423, "street_name": "Rua José Joaquim Esteves" }, { "distance": 7.849, "sign": 7, "interval": [ 25, 26 ], "text": "Keep right onto Rua José Joaquim Esteves", "time": 1570, "street_name": "Rua José Joaquim Esteves" }, { "exit_number": 5, "distance": 169.112, "sign": 6, "exited": true, "turn_angle": -2.88, "interval": [ 26, 32 ], "text": "At roundabout, take exit 5 onto Rua Satulnino de Oliveira", "time": 41429, "street_name": "Rua Satulnino de Oliveira" }, { "distance": 180.221, "sign": 0, "interval": [ 32, 33 ], "text": "Continue onto Rua Satulnino de Oliveira", "time": 32767, "street_name": "Rua Satulnino de Oliveira" }, { "distance": 186.534, "sign": 0, "interval": [ 33, 39 ], "text": "Continue onto Rua Satulnino de Oliveira", "time": 33915, "street_name": "Rua Satulnino de Oliveira" }, { "distance": 50.071, "sign": -2, "interval": [ 39, 42 ], "text": "Turn left onto Rua Geraldo Fraga de Oliveira", "time": 10014, "street_name": "Rua Geraldo Fraga de Oliveira" }, { "distance": 169.392, "sign": 7, "interval": [ 42, 48 ], "text": "Keep right onto Rua Geraldo Fraga de Oliveira", "time": 32507, "street_name": "Rua Geraldo Fraga de Oliveira" }, { "distance": 39.822, "sign": 3, "interval": [ 48, 50 ], "text": "Turn sharp right onto Rua Arlindo Fraga de Oliveira", "time": 7655, "street_name": "Rua Arlindo Fraga de Oliveira" }, { "distance": 263.318, "sign": -2, "interval": [ 50, 56 ], "text": "Turn left onto Rua Arraial dos Couros", "time": 58515, "street_name": "Rua Arraial dos Couros" }, { "distance": 307.016, "sign": 2, "interval": [ 56, 61 ], "text": "Turn right onto Rua João Brito de Araújo", "time": 73318, "street_name": "Rua João Brito de Araújo" }, { "distance": 39.32, "sign": 2, "interval": [ 61, 62 ], "text": "Turn right onto Rua João Meimberg", "time": 7864, "street_name": "Rua João Meimberg" }, { "distance": 179.43, "sign": -2, "interval": [ 62, 68 ], "text": "Turn left onto Rua Inácio Dias de Oliveira", "time": 32624, "street_name": "Rua Inácio Dias de Oliveira" }, { "distance": 102.815, "sign": 2, "interval": [ 68, 69 ], "text": "Turn right onto Rua Georges Arie", "time": 22848, "street_name": "Rua Georges Arie" }, { "distance": 722.078, "sign": -2, "interval": [ 69, 90 ], "text": "Turn left onto Rua Luís Grassman", "time": 138229, "street_name": "Rua Luís Grassman" }, { "distance": 73.438, "sign": 1, "interval": [ 90, 94 ], "text": "Turn slight right onto Avenida João Dias", "time": 14688, "street_name": "Avenida João Dias" }, { "distance": 115.601, "sign": -2, "interval": [ 94, 99 ], "text": "Turn left", "time": 68248, "street_name": "" }, { "distance": 395.896, "sign": 2, "interval": [ 99, 109 ], "text": "Turn right onto Rua Itapaiúna", "time": 76246, "street_name": "Rua Itapaiúna" }, { "distance": 145.297, "sign": -7, "interval": [ 109, 113 ], "text": "Keep left onto Rua Itapaiuva", "time": 29060, "street_name": "Rua Itapaiuva" }, { "distance": 67.87, "sign": -7, "interval": [ 113, 119 ], "text": "Keep left", "time": 14378, "street_name": "" }, { "distance": 861.804, "sign": 2, "interval": [ 119, 140 ], "text": "Turn right onto Calçada Compartilhada Avenida Maj. Sylvio Magalhães Padilha", "time": 172361, "street_name": "Calçada Compartilhada Avenida Maj. Sylvio Magalhães Padilha" }, { "distance": 456.946, "sign": 2, "interval": [ 140, 154 ], "text": "Turn right onto Calçada Partilhada Ponte Laguna", "time": 91019, "street_name": "Calçada Partilhada Ponte Laguna" }, { "distance": 30.577, "sign": -2, "interval": [ 154, 156 ], "text": "Turn left onto Acesso à Ciclovia do Rio Pinheiros (Margem Oeste)", "time": 6115, "street_name": "Acesso à Ciclovia do Rio Pinheiros (Margem Oeste)" }, { "distance": 1581.134, "sign": -2, "interval": [ 156, 184 ], "text": "Turn left onto Ciclovia do Rio Pinheiros (Margem Oeste)", "time": 316227, "street_name": "Ciclovia do Rio Pinheiros (Margem Oeste)" }, { "distance": 99.693, "sign": 2, "interval": [ 184, 186 ], "text": "Turn right", "time": 18538, "street_name": "" }, { "distance": 1426.216, "sign": 2, "interval": [ 186, 201 ], "text": "Turn right onto Ciclovia do Rio Pinheiros", "time": 285243, "street_name": "Ciclovia do Rio Pinheiros" }, { "distance": 286.19, "sign": -7, "interval": [ 201, 213 ], "text": "Keep left onto Acesso a Ciclovia do Rio Pinheiros", "time": 60511, "street_name": "Acesso a Ciclovia do Rio Pinheiros" }, { "distance": 125.893, "sign": -3, "interval": [ 213, 217 ], "text": "Turn sharp left", "time": 39913, "street_name": "" }, { "distance": 0.0, "sign": 4, "last_heading": 235.34814392793695, "interval": [ 217, 217 ], "text": "Arrive at destination", "time": 0, "street_name": "" } ], "legs": [ ], "details": { }, "ascend": 182.7574462890625, "descend": 208.2178955078125, "snapped_waypoints": { "type": "LineString", "coordinates": [ [ -46.725951, -23.655885, 752.99 ], [ -46.719166, -23.656208, 727.53 ] ] } } ] }, "geometry": null },
{ "type": "Feature", "properties": { "hints": { "visited_nodes.sum": 84, "visited_nodes.average": 84.0 }, "info": { "copyrights": [ "GraphHopper", "OpenStreetMap contributors" ], "took": 1, "road_data_timestamp": "2024-09-03T15:00:00Z" }, "paths": [ { "distance": 2079.797, "weight": 557.503099, "time": 445552, "transfers": 0, "points_encoded": false, "bbox": [ -46.635303, -23.534962, -46.625551, -23.527344 ], "points": { "type": "LineString", "coordinates": [ [ -46.626432, -23.528349, 727.07 ], [ -46.626692, -23.527828, 726.72 ], [ -46.625617, -23.527344, 726.6 ], [ -46.625639, -23.528301, 726.87 ], [ -46.625551, -23.528305, 727.08 ], [ -46.625597, -23.530064, 728.24 ], [ -46.625713, -23.530086, 728.07 ], [ -46.625736, -23.531297, 727.62 ], [ -46.62578, -23.531632, 727.42 ], [ -46.625997, -23.532081, 727.67 ], [ -46.626451, -23.53316, 730.66 ], [ -46.626693, -23.533775, 731.82 ], [ -46.627847, -23.533492, 737.47 ], [ -46.62932, -23.5331, 739.66 ], [ -46.629392, -23.533093, 739.86 ], [ -46.629453, -23.533096, 740.02 ], [ -46.629664, -23.533168, 740.3 ], [ -46.629748, -23.533171, 740.4 ], [ -46.63285, -23.532402, 743.97 ], [ -46.633274, -23.533712, 750.3 ], [ -46.633665, -23.534906, 744.6 ], [ -46.633732, -23.534949, 745.2 ], [ -46.633807, -23.534962, 745.75 ], [ -46.633867, -23.534952, 746.19 ], [ -46.634122, -23.534882, 747.87 ], [ -46.635176, -23.534615, 750.02 ], [ -46.635226, -23.534794, 749.96 ], [ -46.635267, -23.534788, 749.92 ], [ -46.635303, -23.534916, 749.62 ] ] }, "instructions": [ { "distance": 63.724, "heading": 335.41, "sign": 0, "interval": [ 0, 1 ], "text": "Continue onto Rua Victor Airosa", "time": 12745, "street_name": "Rua Victor Airosa" }, { "distance": 122.07, "sign": 2, "interval": [ 1, 2 ], "text": "Turn right onto Rua Tapajós", "time": 24414, "street_name": "Rua Tapajós" }, { "distance": 106.359, "sign": 3, "interval": [ 2, 3 ], "text": "Turn sharp right onto Avenida Cruzeiro do Sul", "time": 21272, "street_name": "Avenida Cruzeiro do Sul" }, { "distance": 9.027, "sign": -2, "interval": [ 3, 4 ], "text": "Turn left", "time": 2708, "street_name": "" }, { "distance": 195.624, "sign": 2, "interval": [ 4, 5 ], "text": "Turn right onto Ciclovia Avenida Cruzeiro do Sul", "time": 39125, "street_name": "Ciclovia Avenida Cruzeiro do Sul" }, { "distance": 12.119, "sign": 2, "interval": [ 5, 6 ], "text": "Turn right onto Rua Vidal de Negreiros", "time": 2424, "street_name": "Rua Vidal de Negreiros" }, { "distance": 428.166, "sign": -2, "interval": [ 6, 11 ], "text": "Turn left onto Avenida Cruzeiro do Sul", "time": 85633, "street_name": "Avenida Cruzeiro do Sul" }, { "distance": 651.22, "sign": 2, "interval": [ 11, 18 ], "text": "Turn right onto Rua João Teodoro", "time": 133519, "street_name": "Rua João Teodoro" }, { "distance": 290.787, "sign": -2, "interval": [ 18, 20 ], "text": "Turn left onto Avenida Tiradentes", "time": 58950, "street_name": "Avenida Tiradentes" }, { "distance": 161.173, "sign": 7, "interval": [ 20, 25 ], "text": "Keep right onto Praça da Luz", "time": 37505, "street_name": "Praça da Luz" }, { "distance": 39.528, "sign": -2, "interval": [ 25, 28 ], "text": "Turn left", "time": 27257, "street_name": "" }, { "distance": 0.0, "sign": 4, "last_heading": 194.55927849257364, "interval": [ 28, 28 ], "text": "Arrive at destination", "time": 0, "street_name": "" } ], "legs": [ ], "details": { }, "ascend": 31.3790283203125, "descend": 8.8310546875, "snapped_waypoints": { "type": "LineString", "coordinates": [ [ -46.626432, -23.528349, 727.07 ], [ -46.635303, -23.534916, 749.62 ] ] } } ] }, "geometry": null },
{ "type": "Feature", "properties": { "hints": { "visited_nodes.sum": 64, "visited_nodes.average": 64.0 }, "info": { "copyrights": [ "GraphHopper", "OpenStreetMap contributors" ], "took": 1, "road_data_timestamp": "2024-09-03T15:00:00Z" }, "paths": [ { "distance": 1525.766, "weight": 421.455157, "time": 452118, "transfers": 0, "points_encoded": false, "bbox": [ -46.611584, -23.558453, -46.608457, -23.549509 ], "points": { "type": "LineString", "coordinates": [ [ -46.611117, -23.549509, 739.79 ], [ -46.611535, -23.549745, 739.45 ], [ -46.611504, -23.54979, 739.5 ], [ -46.611584, -23.549836, 739.35 ], [ -46.610207, -23.55169, 748.13 ], [ -46.61008, -23.551834, 745.96 ], [ -46.610061, -23.55186, 745.58 ], [ -46.610053, -23.551887, 745.28 ], [ -46.609902, -23.551821, 744.6 ], [ -46.609916, -23.551796, 744.55 ], [ -46.609942, -23.551828, 745.03 ], [ -46.60997, -23.551835, 745.34 ], [ -46.610014, -23.551833, 745.83 ], [ -46.610033, -23.551821, 746.08 ], [ -46.610045, -23.551801, 746.34 ], [ -46.610047, -23.55176, 746.83 ], [ -46.610018, -23.551726, 745.93 ], [ -46.609986, -23.551719, 745.68 ], [ -46.609937, -23.551737, 745.32 ], [ -46.609626, -23.552215, 741.09 ], [ -46.609526, -23.552491, 741.23 ], [ -46.609535, -23.552519, 741.24 ], [ -46.609562, -23.552556, 741.24 ], [ -46.609613, -23.552564, 741.24 ], [ -46.609642, -23.552542, 741.25 ], [ -46.609661, -23.552509, 741.26 ], [ -46.609662, -23.552476, 741.27 ], [ -46.609647, -23.552449, 741.3 ], [ -46.609621, -23.552435, 741.2 ], [ -46.609591, -23.55243, 741.11 ], [ -46.609554, -23.552443, 741.02 ], [ -46.609487, -23.55249, 740.98 ], [ -46.609504, -23.552559, 741.15 ], [ -46.609712, -23.552702, 741.69 ], [ -46.609789, -23.554446, 739.41 ], [ -46.60978, -23.554514, 739.53 ], [ -46.610146, -23.554494, 739.64 ], [ -46.610221, -23.554393, 739.73 ], [ -46.61057, -23.554356, 739.89 ], [ -46.610523, -23.554503, 739.97 ], [ -46.610839, -23.554456, 740.38 ], [ -46.610996, -23.55446, 740.58 ], [ -46.611096, -23.554448, 740.74 ], [ -46.611152, -23.554668, 740.26 ], [ -46.611145, -23.554805, 739.92 ], [ -46.611115, -23.554898, 739.69 ], [ -46.61102, -23.555089, 739.17 ], [ -46.610954, -23.555191, 738.91 ], [ -46.610254, -23.556655, 738.97 ], [ -46.609371, -23.558453, 738.49 ], [ -46.60858, -23.558131, 740.57 ], [ -46.608464, -23.558087, 740.54 ], [ -46.608457, -23.558102, 740.4 ] ] }, "instructions": [ { "distance": 49.997, "heading": 238.34, "sign": 0, "interval": [ 0, 1 ], "text": "Continue", "time": 44997, "street_name": "" }, { "distance": 5.922, "sign": -2, "interval": [ 1, 2 ], "text": "Turn left", "time": 5330, "street_name": "" }, { "distance": 9.624, "sign": 2, "interval": [ 2, 3 ], "text": "Turn right onto Rua Ipanema", "time": 1925, "street_name": "Rua Ipanema" }, { "distance": 276.905, "sign": -2, "interval": [ 3, 7 ], "text": "Turn left onto Rua Doutor Almeida Lima", "time": 57168, "street_name": "Rua Doutor Almeida Lima" }, { "distance": 20.246, "sign": -2, "interval": [ 7, 9 ], "text": "Turn left", "time": 11375, "street_name": "" }, { "distance": 97.17, "sign": -3, "interval": [ 9, 19 ], "text": "Turn sharp left onto Passarela Wanderley Serpa Desgualdo", "time": 28101, "street_name": "Passarela Wanderley Serpa Desgualdo" }, { "distance": 114.016, "sign": 7, "interval": [ 19, 33 ], "text": "Keep right onto Passarela Wanderley Serpa Desgualdo", "time": 34205, "street_name": "Passarela Wanderley Serpa Desgualdo" }, { "distance": 201.78, "sign": -2, "interval": [ 33, 35 ], "text": "Turn left onto Rua Doutor Almeida Lima", "time": 39455, "street_name": "Rua Doutor Almeida Lima" }, { "distance": 136.268, "sign": 2, "interval": [ 35, 40 ], "text": "Turn right", "time": 40880, "street_name": "" }, { "distance": 26.34, "sign": 0, "interval": [ 40, 42 ], "text": "Continue onto Rua da Mooca", "time": 5268, "street_name": "Rua da Mooca" }, { "distance": 484.661, "sign": -2, "interval": [ 42, 49 ], "text": "Turn left onto Rua da Mooca", "time": 96932, "street_name": "Rua da Mooca" }, { "distance": 102.837, "sign": -2, "interval": [ 49, 52 ], "text": "Turn left onto Estação da Mooca CPTM", "time": 86482, "street_name": "Estação da Mooca CPTM" }, { "distance": 0.0, "sign": 4, "last_heading": 156.13099917314935, "interval": [ 52, 52 ], "text": "Arrive at destination", "time": 0, "street_name": "" } ], "legs": [ ], "details": { }, "ascend": 16.4521484375, "descend": 15.83404541015625, "snapped_waypoints": { "type": "LineString", "coordinates": [ [ -46.611117, -23.549509, 739.79 ], [ -46.608457, -23.558102, 740.4 ] ] } } ] }, "geometry": null },
{ "type": "Feature", "properties": { "hints": { "visited_nodes.sum": 50, "visited_nodes.average": 50.0 }, "info": { "copyrights": [ "GraphHopper", "OpenStreetMap contributors" ], "took": 1, "road_data_timestamp": "2024-09-03T15:00:00Z" }, "paths": [ { "distance": 1761.979, "weight": 388.738302, "time": 363069, "transfers": 0, "points_encoded": false, "bbox": [ -46.754606, -23.41124, -46.748709, -23.404648 ], "points": { "type": "LineString", "coordinates": [ [ -46.748709, -23.411197, 761.41 ], [ -46.748937, -23.41124, 766.03 ], [ -46.748955, -23.411149, 766.05 ], [ -46.748984, -23.411067, 766.07 ], [ -46.748996, -23.41104, 766.12 ], [ -46.749028, -23.411006, 766.21 ], [ -46.749176, -23.410922, 766.81 ], [ -46.749785, -23.410649, 764.69 ], [ -46.749894, -23.410444, 761.64 ], [ -46.749993, -23.410292, 758.88 ], [ -46.750052, -23.410227, 757.56 ], [ -46.750167, -23.410132, 755.79 ], [ -46.750249, -23.410099, 754.76 ], [ -46.750342, -23.410071, 753.71 ], [ -46.750495, -23.410057, 752.7 ], [ -46.750762, -23.410071, 750.97 ], [ -46.750863, -23.410049, 750.91 ], [ -46.750954, -23.410012, 750.86 ], [ -46.751017, -23.40997, 750.82 ], [ -46.751143, -23.409821, 750.72 ], [ -46.751515, -23.409331, 752.95 ], [ -46.752409, -23.408009, 768.19 ], [ -46.752496, -23.407897, 769.53 ], [ -46.752565, -23.40777, 769.85 ], [ -46.752683, -23.407588, 770.31 ], [ -46.752747, -23.407506, 770.54 ], [ -46.753007, -23.40725, 771.31 ], [ -46.753091, -23.407179, 771.53 ], [ -46.75348, -23.406915, 768.13 ], [ -46.753864, -23.406714, 765.32 ], [ -46.754477, -23.406425, 762.26 ], [ -46.754606, -23.406332, 761.55 ], [ -46.753936, -23.406034, 757.55 ], [ -46.751619, -23.405081, 741.89 ], [ -46.751333, -23.404976, 742.24 ], [ -46.751028, -23.404891, 742.6 ], [ -46.750439, -23.404749, 741.56 ], [ -46.750291, -23.404721, 741.31 ], [ -46.749994, -23.404684, 742.96 ], [ -46.750152, -23.404648, 743.44 ], [ -46.750428, -23.404688, 742.35 ], [ -46.751082, -23.404834, 742.78 ], [ -46.751403, -23.404925, 742.25 ], [ -46.751649, -23.405017, 741.83 ], [ -46.751804, -23.405064, 742.75 ], [ -46.751879, -23.405076, 743.17 ], [ -46.752067, -23.405073, 744.22 ], [ -46.752251, -23.405057, 745.25 ], [ -46.75236, -23.405038, 745.86 ], [ -46.752579, -23.404964, 747.08 ], [ -46.752821, -23.404863, 748.41 ], [ -46.753002, -23.404819, 749.38 ], [ -46.753159, -23.404798, 750.2 ], [ -46.753347, -23.404799, 751.17 ], [ -46.753546, -23.404835, 752.22 ], [ -46.753714, -23.404885, 752.72 ] ] }, "instructions": [ { "distance": 24.163, "heading": 258.39, "sign": 0, "interval": [ 0, 1 ], "text": "Continue onto Rua Taipoca", "time": 6041, "street_name": "Rua Taipoca" }, { "distance": 115.252, "sign": 2, "interval": [ 1, 7 ], "text": "Turn right onto Rua Margarida Rainha", "time": 22198, "street_name": "Rua Margarida Rainha" }, { "distance": 438.208, "sign": 1, "interval": [ 7, 22 ], "text": "Turn slight right onto Rua Recanto dos Humildes", "time": 95847, "street_name": "Rua Recanto dos Humildes" }, { "distance": 282.989, "sign": 0, "interval": [ 22, 31 ], "text": "Continue onto Rua Ylídio Figueiredo", "time": 53291, "street_name": "Rua Ylídio Figueiredo" }, { "distance": 507.883, "sign": 3, "interval": [ 31, 38 ], "text": "Turn sharp right onto Avenida Doutor Sylvio de Campos", "time": 96380, "street_name": "Avenida Doutor Sylvio de Campos" }, { "distance": 393.484, "sign": -3, "interval": [ 38, 55 ], "text": "Turn sharp left onto Avenida Fiorelli Peccicacco", "time": 89312, "street_name": "Avenida Fiorelli Peccicacco" }, { "distance": 0.0, "sign": 4, "last_heading": 252.2160214165884, "interval": [ 55, 55 ], "text": "Arrive at destination", "time": 0, "street_name": "" } ], "legs": [ ], "details": { }, "ascend": 41.1875, "descend": 49.873046875, "snapped_waypoints": { "type": "LineString", "coordinates": [ [ -46.748709, -23.411197, 761.41 ], [ -46.753714, -23.404885, 752.72 ] ] } } ] }, "geometry": null },
{ "type": "Feature", "properties": { "hints": { "visited_nodes.sum": 42, "visited_nodes.average": 42.0 }, "info": { "copyrights": [ "GraphHopper", "OpenStreetMap contributors" ], "took": 2, "road_data_timestamp": "2024-09-03T15:00:00Z" }, "paths": [ { "distance": 1785.158, "weight": 432.306518, "time": 470804, "transfers": 0, "points_encoded": false, "bbox": [ -46.719226, -23.503879, -46.714346, -23.495646 ], "points": { "type": "LineString", "coordinates": [ [ -46.717286, -23.49822, 743.6 ], [ -46.71781, -23.497591, 746.65 ], [ -46.717691, -23.497309, 745.09 ], [ -46.717609, -23.497182, 743.87 ], [ -46.717585, -23.49711, 743.24 ], [ -46.717586, -23.497057, 742.8 ], [ -46.71762, -23.49699, 742.19 ], [ -46.717828, -23.496725, 739.48 ], [ -46.718278, -23.49619, 742.49 ], [ -46.718321, -23.496163, 742.86 ], [ -46.718369, -23.496163, 743.2 ], [ -46.718431, -23.496182, 743.67 ], [ -46.718939, -23.496507, 747.17 ], [ -46.719226, -23.496657, 748.01 ], [ -46.718135, -23.495857, 738.99 ], [ -46.718, -23.496023, 737.73 ], [ -46.718031, -23.496044, 737.42 ], [ -46.718194, -23.495843, 736.82 ], [ -46.717933, -23.495646, 734.95 ], [ -46.717666, -23.495975, 734.95 ], [ -46.717636, -23.496129, 735.26 ], [ -46.717647, -23.496164, 735.32 ], [ -46.717646, -23.496185, 735.36 ], [ -46.717632, -23.496235, 735.45 ], [ -46.71761, -23.496263, 735.5 ], [ -46.717581, -23.496333, 735.61 ], [ -46.717525, -23.496428, 735.76 ], [ -46.716872, -23.497199, 734.42 ], [ -46.716785, -23.49741, 734.63 ], [ -46.716442, -23.49787, 735.14 ], [ -46.716358, -23.497973, 735.26 ], [ -46.715341, -23.499667, 735.86 ], [ -46.714927, -23.500502, 734.46 ], [ -46.714583, -23.501275, 733.19 ], [ -46.714481, -23.501583, 732.7 ], [ -46.714374, -23.502348, 730.27 ], [ -46.714346, -23.503246, 732.28 ], [ -46.714393, -23.503872, 731.94 ], [ -46.714753, -23.503879, 735.62 ], [ -46.714793, -23.50361, 736.88 ], [ -46.714885, -23.50361, 737.38 ], [ -46.714868, -23.502893, 737.04 ] ] }, "instructions": [ { "distance": 88.071, "heading": 323.06, "sign": 0, "interval": [ 0, 1 ], "text": "Continue", "time": 19571, "street_name": "" }, { "distance": 298.176, "sign": 2, "interval": [ 1, 13 ], "text": "Turn right", "time": 60671, "street_name": "" }, { "distance": 232.098, "sign": 3, "interval": [ 13, 18 ], "text": "Turn sharp right", "time": 63931, "street_name": "" }, { "distance": 45.594, "sign": 2, "interval": [ 18, 19 ], "text": "Turn right onto Avenida Cônego José Salomon", "time": 9119, "street_name": "Avenida Cônego José Salomon" }, { "distance": 33.424, "sign": 7, "interval": [ 19, 24 ], "text": "Keep right onto Avenida Cônego José Salomon", "time": 6685, "street_name": "Avenida Cônego José Salomon" }, { "distance": 128.941, "sign": 7, "interval": [ 24, 27 ], "text": "Keep right onto Rua Doutor Pedro Jabur", "time": 25788, "street_name": "Rua Doutor Pedro Jabur" }, { "distance": 802.549, "sign": 7, "interval": [ 27, 37 ], "text": "Keep right onto Rua José Peres Campelo", "time": 160509, "street_name": "Rua José Peres Campelo" }, { "distance": 36.914, "sign": 2, "interval": [ 37, 38 ], "text": "Turn right", "time": 13122, "street_name": "" }, { "distance": 39.564, "sign": 2, "interval": [ 38, 40 ], "text": "Turn right", "time": 39564, "street_name": "" }, { "street_ref": "2", "distance": 79.826, "sign": 2, "interval": [ 40, 41 ], "text": "Turn right onto 2", "time": 71844, "street_name": "" }, { "distance": 0.0, "sign": 4, "last_heading": 1.2490479933851946, "interval": [ 41, 41 ], "text": "Arrive at destination", "time": 0, "street_name": "" } ], "legs": [ ], "details": { }, "ascend": 22.67822265625, "descend": 29.24371337890625, "snapped_waypoints": { "type": "LineString", "coordinates": [ [ -46.717286, -23.49822, 743.6 ], [ -46.714868, -23.502893, 737.04 ] ] } } ] }, "geometry": null },
{ "type": "Feature", "properties": { "hints": { "visited_nodes.sum": 44, "visited_nodes.average": 44.0 }, "info": { "copyrights": [ "GraphHopper", "OpenStreetMap contributors" ], "took": 1, "road_data_timestamp": "2024-09-03T15:00:00Z" }, "paths": [ { "distance": 893.369, "weight": 279.487854, "time": 235778, "transfers": 0, "points_encoded": false, "bbox": [ -46.729251, -23.488525, -46.72579, -23.481921 ], "points": { "type": "LineString", "coordinates": [ [ -46.728595, -23.481921, 754.94 ], [ -46.728617, -23.481961, 754.47 ], [ -46.729251, -23.48395, 743.54 ], [ -46.729176, -23.484072, 743.73 ], [ -46.729077, -23.484269, 744.06 ], [ -46.729, -23.484527, 744.47 ], [ -46.72892, -23.484704, 744.77 ], [ -46.728839, -23.48484, 745.0 ], [ -46.728607, -23.485083, 745.12 ], [ -46.728576, -23.485142, 745.37 ], [ -46.728543, -23.485184, 745.57 ], [ -46.728434, -23.485282, 746.09 ], [ -46.728293, -23.485455, 746.25 ], [ -46.72824, -23.4855, 746.27 ], [ -46.728167, -23.485698, 745.83 ], [ -46.727988, -23.4863, 744.55 ], [ -46.727931, -23.486401, 744.32 ], [ -46.727868, -23.48649, 744.1 ], [ -46.727473, -23.486919, 742.32 ], [ -46.727002, -23.487308, 742.7 ], [ -46.726693, -23.487532, 743.8 ], [ -46.725918, -23.488043, 740.57 ], [ -46.725958, -23.488098, 740.86 ], [ -46.72579, -23.488204, 743.66 ], [ -46.726022, -23.488525, 748.53 ] ] }, "instructions": [ { "distance": 235.723, "heading": 206.3, "sign": 0, "interval": [ 0, 2 ], "text": "Continue onto Rua República dos Palmares", "time": 43416, "street_name": "Rua República dos Palmares" }, { "distance": 143.9, "sign": -2, "interval": [ 2, 8 ], "text": "Turn left onto Avenida Doutor Felipe Pinel", "time": 28780, "street_name": "Avenida Doutor Felipe Pinel" }, { "distance": 177.225, "sign": 7, "interval": [ 8, 17 ], "text": "Keep right onto Avenida Doutor Felipe Pinel", "time": 35445, "street_name": "Avenida Doutor Felipe Pinel" }, { "distance": 62.475, "sign": 7, "interval": [ 17, 18 ], "text": "Keep right onto Avenida Doutor Felipe Pinel", "time": 12495, "street_name": "Avenida Doutor Felipe Pinel" }, { "exit_number": 1, "distance": 104.793, "sign": 6, "exited": true, "turn_angle": 3.0, "interval": [ 18, 20 ], "text": "At roundabout, take exit 1 onto Avenida Doutor Felipe Pinel", "time": 20959, "street_name": "Avenida Doutor Felipe Pinel" }, { "distance": 97.457, "sign": 0, "interval": [ 20, 21 ], "text": "Continue onto Avenida Paula Ferreira", "time": 19491, "street_name": "Avenida Paula Ferreira" }, { "distance": 71.796, "sign": 2, "interval": [ 21, 24 ], "text": "Turn right", "time": 75192, "street_name": "" }, { "distance": 0.0, "sign": 4, "last_heading": 213.53564066730652, "interval": [ 24, 24 ], "text": "Arrive at destination", "time": 0, "street_name": "" } ], "legs": [ ], "details": { }, "ascend": 12.4305419921875, "descend": 18.8365478515625, "snapped_waypoints": { "type": "LineString", "coordinates": [ [ -46.728595, -23.481921, 754.94 ], [ -46.726022, -23.488525, 748.53 ] ] } } ] }, "geometry": null },
{ "type": "Feature", "properties": { "hints": { "visited_nodes.sum": 72, "visited_nodes.average": 72.0 }, "info": { "copyrights": [ "GraphHopper", "OpenStreetMap contributors" ], "took": 2, "road_data_timestamp": "2024-09-03T15:00:00Z" }, "paths": [ { "distance": 4597.305, "weight": 794.747677, "time": 910912, "transfers": 0, "points_encoded": false, "bbox": [ -46.732572, -23.644611, -46.718685, -23.632993 ], "points": { "type": "LineString", "coordinates": [ [ -46.731509, -23.642051, 765.24 ], [ -46.731805, -23.642307, 762.38 ], [ -46.731921, -23.642331, 761.01 ], [ -46.732486, -23.642296, 754.51 ], [ -46.732572, -23.642273, 755.09 ], [ -46.732561, -23.642337, 754.33 ], [ -46.732389, -23.642817, 750.6 ], [ -46.732345, -23.642883, 750.03 ], [ -46.73231, -23.642909, 749.73 ], [ -46.732257, -23.64293, 749.33 ], [ -46.732162, -23.64294, 748.69 ], [ -46.731834, -23.642961, 746.46 ], [ -46.731737, -23.642956, 745.81 ], [ -46.731678, -23.642944, 746.86 ], [ -46.731617, -23.643022, 746.52 ], [ -46.73117, -23.643717, 743.62 ], [ -46.730309, -23.643823, 744.82 ], [ -46.729983, -23.643842, 745.06 ], [ -46.72985, -23.643834, 745.16 ], [ -46.729753, -23.643817, 745.24 ], [ -46.729626, -23.643777, 745.34 ], [ -46.729512, -23.643725, 745.43 ], [ -46.729352, -23.643621, 745.58 ], [ -46.729212, -23.643512, 745.72 ], [ -46.728006, -23.642234, 734.71 ], [ -46.72786, -23.642053, 732.8 ], [ -46.72751, -23.641337, 732.02 ], [ -46.727468, -23.641215, 731.89 ], [ -46.727428, -23.640976, 731.66 ], [ -46.727424, -23.640824, 731.7 ], [ -46.727531, -23.640685, 731.38 ], [ -46.727573, -23.640602, 731.19 ], [ -46.727554, -23.640587, 731.14 ], [ -46.727467, -23.64058, 731.65 ], [ -46.727373, -23.640554, 732.22 ], [ -46.727234, -23.640465, 733.17 ], [ -46.727196, -23.640478, 733.19 ], [ -46.727175, -23.640712, 733.31 ], [ -46.727145, -23.640778, 733.35 ], [ -46.727099, -23.640844, 733.39 ], [ -46.727033, -23.640895, 733.43 ], [ -46.726967, -23.640921, 733.46 ], [ -46.726913, -23.640924, 733.49 ], [ -46.726846, -23.640901, 733.53 ], [ -46.726784, -23.640862, 733.56 ], [ -46.726657, -23.640706, 733.47 ], [ -46.726255, -23.640139, 745.44 ], [ -46.726025, -23.63984, 751.9 ], [ -46.725566, -23.639277, 756.96 ], [ -46.724906, -23.638602, 763.47 ], [ -46.724012, -23.637609, 765.32 ], [ -46.723492, -23.63689, 761.6 ], [ -46.723294, -23.636593, 760.11 ], [ -46.722938, -23.63617, 754.53 ], [ -46.722543, -23.635761, 748.81 ], [ -46.722192, -23.635412, 743.86 ], [ -46.722128, -23.635362, 743.07 ], [ -46.722033, -23.635418, 741.49 ], [ -46.721998, -23.635424, 740.94 ], [ -46.721972, -23.635419, 740.53 ], [ -46.721694, -23.635103, 738.76 ], [ -46.721442, -23.634838, 737.84 ], [ -46.720213, -23.633477, 733.46 ], [ -46.72008, -23.633347, 733.06 ], [ -46.719957, -23.633264, 732.74 ], [ -46.719708, -23.633152, 732.14 ], [ -46.719576, -23.633114, 731.83 ], [ -46.719427, -23.63309, 731.49 ], [ -46.719226, -23.633093, 731.03 ], [ -46.719032, -23.633121, 730.56 ], [ -46.718804, -23.633192, 729.97 ], [ -46.718685, -23.633058, 730.3 ], [ -46.718771, -23.632993, 730.35 ], [ -46.718867, -23.633102, 730.36 ], [ -46.719012, -23.633368, 730.38 ], [ -46.71904, -23.633464, 730.39 ], [ -46.719233, -23.633623, 730.41 ], [ -46.720217, -23.63468, 730.5 ], [ -46.722469, -23.637055, 732.64 ], [ -46.724272, -23.639036, 742.25 ], [ -46.724687, -23.63933, 744.01 ], [ -46.724767, -23.639415, 743.26 ], [ -46.725077, -23.639871, 739.67 ], [ -46.725946, -23.641378, 728.27 ], [ -46.726001, -23.641439, 727.73 ], [ -46.726059, -23.641473, 727.4 ], [ -46.726379, -23.641567, 728.4 ], [ -46.726557, -23.64163, 728.98 ], [ -46.726625, -23.641674, 729.22 ], [ -46.726668, -23.641744, 729.49 ], [ -46.726802, -23.642073, 730.64 ], [ -46.726877, -23.642378, 731.66 ], [ -46.726968, -23.643119, 734.1 ], [ -46.727013, -23.643431, 735.13 ], [ -46.727039, -23.64376, 735.43 ], [ -46.727013, -23.643896, 735.2 ], [ -46.72697, -23.643971, 735.03 ], [ -46.726948, -23.644038, 734.89 ], [ -46.726923, -23.644252, 734.45 ], [ -46.726893, -23.644288, 734.36 ], [ -46.726809, -23.644351, 734.15 ], [ -46.726832, -23.644522, 733.53 ], [ -46.726048, -23.644611, 729.23 ], [ -46.725982, -23.644256, 729.21 ], [ -46.725806, -23.643723, 729.12 ], [ -46.72546, -23.642914, 728.98 ], [ -46.724929, -23.641745, 728.78 ], [ -46.72471, -23.641317, 728.7 ], [ -46.724398, -23.640835, 728.61 ], [ -46.724145, -23.64046, 728.54 ], [ -46.723892, -23.640114, 728.48 ], [ -46.723788, -23.639998, 728.44 ] ] }, "instructions": [ { "distance": 120.902, "heading": 226.63, "sign": 0, "interval": [ 0, 4 ], "text": "Continue onto Rua João de Araújo Cabral", "time": 21982, "street_name": "Rua João de Araújo Cabral" }, { "distance": 142.189, "sign": -3, "interval": [ 4, 13 ], "text": "Turn sharp left onto Rua Afonso Vidal", "time": 25986, "street_name": "Rua Afonso Vidal" }, { "distance": 100.408, "sign": 2, "interval": [ 13, 15 ], "text": "Turn right onto Rua Afonso Vidal", "time": 20082, "street_name": "Rua Afonso Vidal" }, { "distance": 424.189, "sign": -2, "interval": [ 15, 25 ], "text": "Turn left onto Rua Itapaiúna", "time": 81905, "street_name": "Rua Itapaiúna" }, { "distance": 145.297, "sign": -7, "interval": [ 25, 29 ], "text": "Keep left onto Rua Itapaiuva", "time": 29060, "street_name": "Rua Itapaiuva" }, { "distance": 67.87, "sign": -7, "interval": [ 29, 35 ], "text": "Keep left", "time": 14378, "street_name": "" }, { "distance": 861.804, "sign": 2, "interval": [ 35, 56 ], "text": "Turn right onto Calçada Compartilhada Avenida Maj. Sylvio Magalhães Padilha", "time": 172361, "street_name": "Calçada Compartilhada Avenida Maj. Sylvio Magalhães Padilha" }, { "distance": 456.946, "sign": 2, "interval": [ 56, 70 ], "text": "Turn right onto Calçada Partilhada Ponte Laguna", "time": 91019, "street_name": "Calçada Partilhada Ponte Laguna" }, { "distance": 30.577, "sign": -2, "interval": [ 70, 72 ], "text": "Turn left onto Acesso à Ciclovia do Rio Pinheiros (Margem Oeste)", "time": 6115, "street_name": "Acesso à Ciclovia do Rio Pinheiros (Margem Oeste)" }, { "distance": 1581.134, "sign": -2, "interval": [ 72, 100 ], "text": "Turn left onto Ciclovia do Rio Pinheiros (Margem Oeste)", "time": 316227, "street_name": "Ciclovia do Rio Pinheiros (Margem Oeste)" }, { "distance": 99.693, "sign": 2, "interval": [ 100, 102 ], "text": "Turn right", "time": 18538, "street_name": "" }, { "distance": 566.296, "sign": -2, "interval": [ 102, 111 ], "text": "Turn left onto Ciclovia do Rio Pinheiros", "time": 113259, "street_name": "Ciclovia do Rio Pinheiros" }, { "distance": 0.0, "sign": 4, "last_heading": 39.49971039631895, "interval": [ 111, 111 ], "text": "Arrive at destination", "time": 0, "street_name": "" } ], "legs": [ ], "details": { }, "ascend": 60.3428955078125, "descend": 97.15142822265625, "snapped_waypoints": { "type": "LineString", "coordinates": [ [ -46.731509, -23.642051, 765.24 ], [ -46.723788, -23.639998, 728.44 ] ] } } ] }, "geometry": null },
{ "type": "Feature", "properties": { "hints": { "visited_nodes.sum": 64, "visited_nodes.average": 64.0 }, "info": { "copyrights": [ "GraphHopper", "OpenStreetMap contributors" ], "took": 2, "road_data_timestamp": "2024-09-03T15:00:00Z" }, "paths": [ { "distance": 1903.9, "weight": 374.786137, "time": 399031, "transfers": 0, "points_encoded": false, "bbox": [ -46.709279, -23.757074, -46.702052, -23.747771 ], "points": { "type": "LineString", "coordinates": [ [ -46.704196, -23.747771, 801.4 ], [ -46.702052, -23.750062, 804.94 ], [ -46.70209, -23.750325, 803.92 ], [ -46.702106, -23.750515, 803.18 ], [ -46.702143, -23.750642, 802.67 ], [ -46.702183, -23.750706, 802.38 ], [ -46.702234, -23.750757, 802.11 ], [ -46.702452, -23.75092, 801.33 ], [ -46.702595, -23.751041, 799.77 ], [ -46.703758, -23.751952, 787.57 ], [ -46.703397, -23.752362, 785.44 ], [ -46.702999, -23.752799, 779.91 ], [ -46.703464, -23.753143, 777.28 ], [ -46.704262, -23.753763, 772.67 ], [ -46.704365, -23.753831, 772.11 ], [ -46.704463, -23.753883, 771.57 ], [ -46.704535, -23.753905, 771.22 ], [ -46.706374, -23.754307, 767.57 ], [ -46.706573, -23.754353, 767.2 ], [ -46.706629, -23.754376, 767.09 ], [ -46.706661, -23.754408, 767.0 ], [ -46.70669, -23.75446, 766.92 ], [ -46.706931, -23.755166, 765.61 ], [ -46.707032, -23.755493, 764.89 ], [ -46.707245, -23.756127, 766.69 ], [ -46.707258, -23.756189, 766.98 ], [ -46.707233, -23.756281, 767.38 ], [ -46.707214, -23.756335, 767.81 ], [ -46.707161, -23.756404, 768.45 ], [ -46.706961, -23.756569, 770.21 ], [ -46.706946, -23.756612, 770.25 ], [ -46.706947, -23.756638, 770.28 ], [ -46.706957, -23.756666, 770.3 ], [ -46.70701, -23.756744, 770.38 ], [ -46.707375, -23.757074, 769.68 ], [ -46.709227, -23.755343, 775.66 ], [ -46.709257, -23.755275, 775.34 ], [ -46.709274, -23.755204, 775.02 ], [ -46.709279, -23.755138, 774.73 ], [ -46.709269, -23.755069, 774.42 ], [ -46.709181, -23.754808, 773.22 ], [ -46.709006, -23.754365, 771.27 ], [ -46.709127, -23.754319, 771.67 ], [ -46.709137, -23.754343, 774.78 ] ] }, "instructions": [ { "distance": 335.547, "heading": 139.57, "sign": 0, "interval": [ 0, 1 ], "text": "Continue onto Rua Maria Cândida Ferreira", "time": 70092, "street_name": "Rua Maria Cândida Ferreira" }, { "distance": 109.878, "sign": 2, "interval": [ 1, 7 ], "text": "Turn right onto Rua Professor Acácio de Paula Ferreira", "time": 21976, "street_name": "Rua Professor Acácio de Paula Ferreira" }, { "distance": 176.103, "sign": 0, "interval": [ 7, 9 ], "text": "Continue onto Rua Professor Acácio de Paula Ferreira", "time": 32019, "street_name": "Rua Professor Acácio de Paula Ferreira" }, { "distance": 122.165, "sign": -2, "interval": [ 9, 11 ], "text": "Turn left onto Rua Maestro Miguel Arqueróns", "time": 22212, "street_name": "Rua Maestro Miguel Arqueróns" }, { "distance": 642.031, "sign": 2, "interval": [ 11, 26 ], "text": "Turn right onto Rua Giuseppe Tartini", "time": 125479, "street_name": "Rua Giuseppe Tartini" }, { "distance": 116.941, "sign": 0, "interval": [ 26, 34 ], "text": "Continue onto Rua Guiseppe Tartini", "time": 24267, "street_name": "Rua Guiseppe Tartini" }, { "distance": 269.412, "sign": 2, "interval": [ 34, 35 ], "text": "Turn right onto Rua Sinfonia Italiana", "time": 53882, "street_name": "Rua Sinfonia Italiana" }, { "distance": 114.185, "sign": 1, "interval": [ 35, 41 ], "text": "Turn slight right onto Avenida Marginal Leste", "time": 20761, "street_name": "Avenida Marginal Leste" }, { "distance": 13.381, "sign": -2, "interval": [ 41, 42 ], "text": "Turn left", "time": 24086, "street_name": "" }, { "distance": 4.257, "sign": -2, "interval": [ 42, 43 ], "text": "Turn left", "time": 4257, "street_name": "" }, { "distance": 0.0, "sign": 4, "last_heading": 200.79878888154832, "interval": [ 43, 43 ], "text": "Arrive at destination", "time": 0, "street_name": "" } ], "legs": [ ], "details": { }, "ascend": 18.84039306640625, "descend": 45.452880859375, "snapped_waypoints": { "type": "LineString", "coordinates": [ [ -46.704196, -23.747771, 801.4 ], [ -46.709137, -23.754343, 774.78 ] ] } } ] }, "geometry": null }
]
}
